TMDB_ID,SERIES,STATUS,RELEASE_DATE,RUNTIME,OVERVIEW,Vote_Average,Vote_Count,Genres,Keywords,original_name,poster_path,backdrop_path,popularity,original_language,type,number_of_episodes,number_of_seasons,homepage,Cast,Crew,Videos
34835,009-1,Ended,2006-10-06,30,"In an alternate world, the Cold War has continued to persist for 140 years. As a result, the world was divided into two factions: the  West Block, and the East Block. As the Cold War drags on, the tension between the two factions, as well as the amount of nuclear weapons they have, rise. Mylene Hoffman is a female cyborg who is a spy for the West Block. Together with three other agents, Mylene partakes in various missions issued by her superiors.",6.5,13,"Animation, Action & Adventure, Sci-Fi & Fantasy, War & Politics, Drama","spy, cyborg, cold war, espionage, police, mecha, mission, conspiracy, tragedy, based on manga, nuclear weapons, communism, enigmatic, seinen, ecchi, anime, female cyborg, territorial division, alternative world",ゼロゼロナインワン,/r1zbGhkKXmzZR8h5y7LQxiE8yW9.jpg,/byuLWybI5Am5I6f7tGVr8H1k3Kn.jpg,2.6117,ja,TV,12,1,http://www.tbs.co.jp/anime/009-1/,"Yumiko Shaku, Toshiyuki Morikawa, Marina Inoue",,Opening | Destiny girl - Minato
21855,07-Ghost,Ended,2009-04-07,24,"Set in a gothic fantasy world, this is the story of Teito Klein, an orphaned slave who became the top military academy student. However, an unexpected turn of events left him pursued by the forces of the Barsburg Empire. Now an escaping convict, Teito's sheltered by the church and its law of sanctuary. Here, he discovered many mysteries surrounding himself, the church, and the Empire itself. The fact that he might be connected to a dethroned king and the mystical stone of god, ""The Eye of Mikhae...",7.0,25,"Animation, Drama","amnesia, magic, exorcism, friendship, god, revenge, conspiracy, tragedy, religion, brainwashing, bromance, based on manga, church, fighting, demon, military, angst, anime, bishounen, drastic change of life, josei",セブンゴースト,/xmqAgtAnhNNi4q9PUIHYE0NThXl.jpg,/xpbYhlApQErpGSIXTP8o9zQmwMu.jpg,3.8005,ja,TV,25,1,,"Show Hayami, Susumu Chiba, Junichi Suwabe",,07-Ghost - trailer
85940,7SEEDS,Ended,2019-06-28,24,"Shy Natsu awakens as part of a group chosen to ensure the survival of humanity. Together, they have to survive on a changed Earth.",7.8,215,"Animation, Sci-Fi & Fantasy, Drama","japan, based on manga, anime, unfinished, psychological",7SEEDS,/eeGRd3ENc9vetozwDDMhl9S7l3G.jpg,/moI1fOrXKak8RIXaLHRozkoIh4Y.jpg,5.2122,ja,TV,24,1,http://7seeds.jp/,"Nao Toyama, Jun Fukuyama, Katsuyuki Konishi",,Official Trailer
100565,86 EIGHTY-SIX,Ended,2021-04-11,24,"Called “Juggernaut,” these are the unmanned combat drones developed by the Republic of San Magnolia in answer to the attacks by the autonomous unmanned drones of the neighboring Empire of Giad, the “Legion”. But theyre only unmanned in name. In reality, they are piloted by the Eighty-sixers—those considered to be less than human and treated as mere tools. Determined to achieve his own mysterious ends, Shin, the captain of Spearhead Squadron, which is comprised of Eighty-sixers, continues to fig...",8.061,171,"Animation, Action & Adventure, Sci-Fi & Fantasy, War & Politics","based on novel or book, fight, army, racist, tragedy, terrorism, robot, combat, military, discrimination, anime, war, based on light novel",８６―エイティシックス―,/pp2gzafNPiug63UskS2niHK9Y04.jpg,/zV4F2N0OEpakHi5pkHHh5yaSpO6.jpg,8.9743,ja,TV,23,1,https://anime-86.com,"Ikumi Hasegawa, Shoya Chiba, Natsumi Fujiwara",,86 EIGHTY-SIX - Opening 2 | Kyokaisen
229610,A Playthrough of a Certain Dudes VRMMO Life,Ended,2023-10-03,24,"Taichi Tanaka is just an ordinary 38-year-old who enjoys video games. He starts a new virtual reality multiplayer game called One More Free Life Online, naming his character Earth. Unlike his fellow players, he decides to master the most menial of skills in the game. He cooks the finest meals, overbrews complicated potions, and hunts monsters with handmade weapons. His fantasy life begins!",6.352,27,"Animation, Action & Adventure, Comedy, Sci-Fi & Fantasy","based on manga, anime, virtual world, based on light novel, vrmmo",とあるおっさんのVRMMO活動記,/ukCu3TQCTUFTZMf4QNMpxwf3ufO.jpg,/sIycem5xR9OFoC3qVHRDuSpspIZ.jpg,2.1998,ja,TV,12,1,https://toaru-ossan.com,"Kaito Ishikawa, Daisuke Namikawa, Reina Ueda",,Official Trailer [Subtitled]
230050,A Returners Magic Should Be Special,Returning Series,2023-10-08,24,"Another dimension that continues to taint our world, the Shadow World. Humanity is faced with the worst calamity, known as the Shadow Labyrinth. In spite of their desperate attacks, Desir Herrman and his friends lose their battle to the Destruction Dragon, Boromir Napolitan, and the world comes to an end. When Desir is convinced of his end, he opens his eyes... to find himself 13 years in the past. Desir has gone back in time to the enrollment ceremony of Hebrion Academy, the top school for mage...",7.8,30,"Animation, Sci-Fi & Fantasy, Action & Adventure","magic, time travel, fantasy world, anime, based on webcomic or webtoon, magic school, based on manhwa",帰還者の魔法は特別です,/svwCvfLCUqc5tn85lijkKqTXQLF.jpg,/2KKDIwALX3HJWCjeDnvLa3Ag6ki.jpg,3.6333,ja,TV,13,2,https://returners-magic.com,"Takuma Terashima, Sayumi Suzushiro, Natsumi Fujiwara",,ED Trailer [Subtitled]
210875,ATRI My Dear Moments,Ended,2024-07-14,24,"In the near future, a sudden and unexplained sea rise has left much of human civilization underwater. Ikaruga Natsuki, a boy who lost his mother and one of his legs in an accident some years earlier, returns disillusioned from a harsh life in the big city to find his old countryside home half-swallowed by the sea. Left without a family, all he has to his name is the ship and submarine left to him by his oceanologist grandmother, and her debts. His only hope to restore the dreams for the future t...",8.1,15,"Animation, Drama, Action & Adventure, Sci-Fi & Fantasy","artificial intelligence (a.i.), bodily disabled person, future, post-apocalyptic future, friendship, romance, slice of life, robot, seinen, anime, interspecies romance, robot girl, based on visual novel",ATRI -My Dear Moments-,/6bQKMlHwRmGnvIRxDahl1r8WJkE.jpg,/zwHdg4RWuAsCPHwcxOrOMTDGcKi.jpg,2.6041,ja,TV,13,1,https://atri-anime.com/,"Kensho Ono, Hikaru Akao, Minami Takahashi",,Special Comment Video [Subtitled]
42963,AYAKA,Ended,2006-01-13,23,"An anthology of three classic Japanese horror stories: ""Yotsuya Ghost Story"", the story of a wife betrayed by her husband who seeks vengeance even in death; ""Goddess of the Dark Tower"", the story of forbidden love between a goddess and a human; and ""Goblin Cat"", the story of a mysterious cat monster with a vendetta against a certain family.",7.4,14,"Animation, Mystery, Sci-Fi & Fantasy","anthology, japanese folklore, anime, psychological, horror",怪 〜ayakashi〜,/k2ZxUTQyCvqa3IIJ3oyqPZzKLLz.jpg,/qupQSxhEP1ct0Ek1BzjFsvnbFjD.jpg,3.3373,ja,TV,11,1,http://lineup.toei-anim.co.jp/ja/tv/ayakashi/,"Hiroaki Hirata, Mami Koyama, Yuko Nagashima",,
235758,Alya Sometimes Hides Her Feelings in Russian,Returning Series,2024-07-03,24,"Alya is a transfer student enjoying popularity at her new high school, often sporting a cold shoulder while earning high marks in class. She ignores her nerdy classmate, Kuze Masachika, except for when she blurts out a flirtatious line to him in Russian. Little does she know, Kuze understands Russian, though he pretends not to. Lets see where this wacky love story takes them!",7.896,144,"Animation, Comedy","high school, harem, romcom, romance, slice of life, shounen, anime, tsundere, based on light novel",時々ボソッとロシア語でデレる隣のアーリャさん,/hfnzByZIRj6rx8xaxzS2zDilei1.jpg,/3197ZU1CWDjdFsmqvWPZGXAYaoi.jpg,13.3065,ja,TV,13,2,https://roshidere.com,"Sumire Uesaka, Kohei Amasaki, Wakana Maruoka",,Official Trailer [Subtitled]
277665,Anne Shirley,Returning Series,2025-04-05,24,"On the beautiful Prince Edward Island in Canada, an orphan named Anne Shirley is mistakenly sent to Green Gables, the home of Matthew and Marilla Cuthbert. They choose to adopt her anyway, as Anne finds friendship, love, and happiness in her new home. Come along for the story of a purehearted and imaginative girl growing up, leaving for college, and returning home a changed woman.",8.667,4,"Animation, Drama, Family","based on novel or book, adoption, remake, slice of life, coming of age, orphan, anime, talkative female lead",アン・シャーリー,/jRbV0vcG1YsOWZXxdo65OoE4ti9.jpg,/qHjVizo0Mpi9rkCk0v3zev9Mk3q.jpg,5.3994,ja,TV,24,1,https://anime-ann-e.jp,"Honoka Inoue, Aya Nakamura, Yasunori Matsumoto",,Official Teaser [Subtitled]
39434,AnoHana: The Flower We Saw That Day,Ended,2011-04-15,23,"When Yadomi Jinta was a child, he was a central piece in a group of close friends. In time, however, these childhood friends drifted apart, and when they became high school students, they had long ceased to think of each other as friends.One of the friends from that group, Honma Meiko, now has a wish she asks Jinta to fulfil. The problem is, she can't remember what her wish is anymore.",8.27,397,"Animation, Drama, Mystery","love triangle, friendship, supernatural, growing up, romance, slice of life, unrequited love, tragedy, coming of age, cross dressing, based on manga, magic realism, ghost, angst, seinen, anime, death of friend",あの日見た花の名前を僕達はまだ知らない。,/cQkLuywdlSiRz3niDAx6XyZpuON.jpg,/sKNTEbhOdS9PITtmHbggWT0VDHW.jpg,6.652,ja,TV,11,1,http://www.anohana.jp/,"Miyu Irino, Mutsumi Tamura, Ai Kayano",,anohana - The Flower We Saw That Day - TV Series English Dub Trailer
94605,Arcane,Ended,2021-11-06,0,"Amid the stark discord of twin cities Piltover and Zaun, two sisters fight on rival sides of a war between magic technologies and clashing convictions.",8.8,5062,"Animation, Sci-Fi & Fantasy, Drama, Action & Adventure","magic, war of independence, battle, powder, based on video game, death in family, adult animation, warrior, broken family, war, 3d animation, sisters, web series, power, video games, league of legends",Arcane,/fqldf2t8ztc9aiwn3k6mlX3tvRT.jpg,/wQEW3xLrQAThu1GvqpsKQyejrYS.jpg,39.0966,en,TV,18,2,https://arcane.com,"Hailee Steinfeld, Ella Purnell",,Franchise Trailer
137065,Arknights Perish in Frost,Returning Series,2022-10-29,24,"In the wake of unknown Catastrophes in the heart of Terra, a mineral of unimaginable power has been discovered. With it, society's technology has made huge leaps and bounds, but the substance causes a deadly incurable disease, leading to a worldwide enslavement of the infected. As a rebellion is now on the rise, a pharmaceutical company races for a cure to save humanity.",6.542,24,"Animation, Action & Adventure, Sci-Fi & Fantasy","dystopia, based on video game, anime, war",明日方舟,/bOHwf20OzBVBrhX31MyUdxQR0d2.jpg,/kJHEPw3itVz3RmVh4B2PwIVjn3b.jpg,4.461,ja,TV,16,3,https://ak.hypergryph.com/anime,"Tomoyo Kurosawa, Yuki Kaida, Shizuka Ishigami",,Official Trailer 4 [Subtitled]
62110,Assassination Classroom,Ended,2015-01-10,24,"The students of Class 3-E have a mission: kill their teacher before graduation. He has already destroyed the moon, and has promised to destroy the Earth if he can not be killed within a year. But how can this class of misfits kill a tentacled monster, capable of reaching Mach 20 speed, who may be the best teacher any of them have ever had?",8.413,1098,"Animation, Comedy, Action & Adventure, Sci-Fi & Fantasy","underdog, assassination, gun, classroom, education, alien, teacher, superhuman, school, based on manga, government agent, school life, shounen, anime",暗殺教室,/wOd98jDHkoWy2LZ4gSy67X1ihv1.jpg,/zkc2FkVymJDNXisS1mgpr8Ip2J.jpg,15.5549,ja,TV,47,2,http://www.ansatsu-anime.com,"Jun Fukuyama, Mai Fuchigami, Nobuhiko Okamoto",,Season 1 Opening 1
246,Avatar The Last Airbender,Ended,2005-02-21,1423,"In a war-torn world of elemental magic, a young boy reawakens to undertake a dangerous mystic quest to fulfill his destiny as the Avatar, and bring peace to the world.",8.743,4309,"Animation, Action & Adventure, Sci-Fi & Fantasy","saving the world, monk, martial arts, asia, magic, affectation, villain, child hero, reincarnation, friendship, honor, destiny, aggressive, somber, admiring, dignified, anime inspired",Avatar: The Last Airbender,/v2vn1coUMPKw0GI1KGC5J4IXtqp.jpg,/kU98MbVVgi72wzceyrEbClZmMFe.jpg,27.9042,en,TV,61,3,https://www.nick.com/shows/avatar-the-last-airbender,"Zach Tyler Eisen, Mae Whitman, Jack De Sena",,Avatar The Last Airbender 15th Anniversary Trailer [4K]
90937,BEASTARS,Returning Series,2019-10-10,23,"In a world where beasts of all kinds coexist, a gentle wolf awakens to his own predatory urges as his school deals with a murder within its midst.",8.473,1190,"Animation, Drama, Mystery","black market, based on comic, romance, slice of life, survival, school, anthropomorphism, bromance, shounen, anime, drama club, psychological, suspense",BEASTARS,/sh9iNWkleOjEHRHj8WPHhmMi8HL.jpg,/11Pfh4yqjKbOgn5vY3AQD9VU4Vc.jpg,14.8639,ja,TV,36,3,https://bst-animation.com,"Chikahiro Kobayashi, Sayaka Senbongi, Yuki Ono",,BEASTARS Season 2 | Official Trailer | Netflix
131041,BLUE LOCK,Ended,2022-10-09,23,"After a disastrous defeat at the 2018 World Cup, Japan's team struggles to regroup. But what's missing? An absolute Ace Striker, who can guide them to the win. The Japan Football Union is hell-bent on creating a striker who hungers for goals and thirsts for victory, and who can be the decisive instrument in turning around a losing match...and to do so, they've gathered 300 of Japan's best and brightest youth players. Who will emerge to lead the team...and will they be able to out-muscle and out-...",8.216,446,"Animation, Action & Adventure, Drama","world cup, sports, tournament, bromance, football (soccer), based on manga, shounen, anime, special ability, spokon, ace striker, excited",ブルーロック,/sTDTy73OYmKY51EK94Mc6AxogzR.jpg,/seMRyWVwIVBWbC9xaMzDMZJ8fUH.jpg,36.5312,ja,TV,38,1,https://tv.bluelock-pr.com/,"Kazuki Ura, Tasuku Kaito, Yuki Ono",,Now Streaming | Trailer [Subtitled]
34121,Baccano,Ended,2007-07-27,25,"During the early 1930s in Chicago, the transcontinental train, Flying Pussyfoot, is starting its legendary journey that will leave a trail of blood all over the country. At the same time in New York, the ambitious scientist Szilard and his unwilling aide Ennis are looking for missing bottles of the immortality elixir. In addition, a war between the mafia groups is getting worse. On board the Advena Avis, in 1711, alchemists are about to learn the price of immortality. Takes place in the same uni...",7.733,180,"Comedy, Action & Adventure, Animation, Crime, Mystery","alcohol, based on novel or book, anti hero, paranoia, gangster, black humor, immortality, supernatural, gore, mafia, gunfight, train, period drama, historical, alchemy, seinen, 1920s, anime, based on light novel",バッカーノ！,/qOxUTQAOTrMKTHuC9HQZiVsTK0F.jpg,/1KQYzDvPhe6XDycqmL4jb7QO51d.jpg,4.8764,ja,TV,13,1,http://www.baccano.jp/,"Masaya Onosaka, Sayaka Aoki, Daisuke Sakaguchi",,Trailer - Baccano! [HD]
129600,Baki Hanma,Ended,2021-09-30,24,"To gain the skills he needs to surpass his powerful father, Baki enters Arizona State Prison to take on the notorious inmate known as Mr. Unchained.",8.107,513,"Animation, Action & Adventure, Sci-Fi & Fantasy","fight, based on manga, anime, original net animation (ona)",範馬刃牙,/x145FSI9xJ6UbkxfabUsY2SFbu3.jpg,/7Scw0BdXGWzbDY3tDjKu8WervN2.jpg,16.0045,ja,TV,39,2,https://baki-anime.jp/,,,Baki Hanma Season 2 | Official Trailer | Netflix
211057,Berserk The Golden Age Arc Memorial Edition,Ended,2022-10-02,25,"The lone mercenary Guts travels a land where a century-old war is raging. His ferocity and skill in battle attract the attention of Griffith, the leader of a group of mercenaries called the Band of the Hawk. Guts becomes Griffiths closest ally and confidant, but despite all their victories, Guts begins to question why he fights for another mans dream of ruling his own kingdom. Unknown to Guts, Griffiths unyielding ambition is about to bestow a horrible fate on them both.",8.7,93,"Action & Adventure, Drama, Animation, Sci-Fi & Fantasy","supernatural, gore, based on manga, based on movie, dark fantasy, seinen, anime, horror",ベルセルク 黄金時代篇 MEMORIAL EDITION,/anydQ5ORx268x9PBzLlRMkvVH5r.jpg,/7EK3R4xDEhsSgnwBjTQTJAHkngn.jpg,4.3867,ja,TV,13,1,https://berserk-me.com/,"Hiroaki Iwanaga, Takahiro Sakurai, Toa Yukinari",,Official Trailer [Subtitled]
61695,Beyond the Boundary,Ended,2013-10-02,24,"The dark fantasy follows a high school sophomore named Akihito Kanbara. Although the boy appears human, he is half Youmu and invulnerable to wounds because he can heal quickly. One day, Akihito meets freshman Mirai Kuriyama when it seems she is about to jump from the school rooftop. Mirai is isolated because of her ability to manipulate blood, which is considered heresy among members of the spirit world. Disturbing events begin to unfold after Akihito saves Mirai.",8.2,303,"Action & Adventure, Animation, Comedy, Sci-Fi & Fantasy","monster, immortality, romance, school life, anime, based on light novel",境界の彼方,/6cmtMbEZAYm3aWzthFRk6048LFi.jpg,/93I7zPn0Afvp126PqNR3FdugNXH.jpg,6.2015,ja,TV,12,1,http://anime-kyokai.com/,"KENN, Risa Taneda, Ayako Kawasumi",,Beyond the Boundary Complete Season Collection Trailer
50712,Black Butler,Returning Series,2008-10-02,24,"In Victorian London, 12-year-old business magnate Ciel Phantomhive thwarts dangers to the queen as he's watched over by his demon butler, Sebastian.",7.8,215,"Animation, Comedy, Drama, Mystery, Sci-Fi & Fantasy","london, england, circus, detective, butler, kidnapping, magic, supernatural, victorian england, revenge, dark comedy, gore, coming of age, bromance, based on manga, demon, historical, super power, united kingdom, dark fantasy, angst, shounen, anime, bishounen, drastic change of life, shinigami",黒執事,/iXGs130TRoUplHf0o86zp9MqAYc.jpg,/5U0dYTkHXPhoExNnEm5iKrpDqtr.jpg,26.6683,ja,TV,61,5,http://www.kuroshitsuji.tv,,,Black Butler Complete Blu-ray Set Trailer
73223,Black Clover,Ended,2017-10-03,24,"Asta and Yuno are two orphans who want the same thing: to become the Wizard King. Locked in a friendly rivalry, they work hard towards their goal. While Yuno excels at magic, Asta has a problem uncommon in this world: he has no powers! But, on the day they receive their grimoires, they surprise everyone. To reach their goal, theyll each find their own path to greatness—with or without magic.",8.5,1940,"Action & Adventure, Animation, Comedy","magic, based on manga, super villain, wizard, shounen, anime, fantasy",ブラッククローバー,/kaMisKeOoTBPxPkbC3OW7Wgt6ON.jpg,/4RzRtLMlTeJvpvvdXDe854VLEG8.jpg,17.7149,ja,TV,170,1,http://bclover.jp,"Gakuto Kajiwara, Nobunaga Shimazaki, Kana Yuuki",,Black Clover Season 1 - Official Trailer
12598,Black Lagoon,Ended,2006-04-09,24,"The story follows a team of pirate mercenaries known as the Lagoon Company, that smuggles goods in and around the seas of Southeast Asia in the early to mid 1990s. Their base of operations is located in the fictional harbor city of Roanapur in southeast Thailand near the border of Cambodia.",8.035,462,"Action & Adventure, Animation, Drama, Crime","bounty hunter, island, mercenary, melancholy, arms dealer, smuggling (contraband), femme fatale, outlaw, revenge, gore, mafia, gunfight, pirate, terrorism, based on manga, biting, seinen, aggressive, criminal organization, anime, drastic change of life, furious, forceful, scathing",BLACK LAGOON,/sQlHhWScg6qmakL1ywtcjjVKKqV.jpg,/ijtcLjEHo7kFpQVg9NsATZsPayv.jpg,12.4739,ja,TV,24,1,http://www.blacklagoon.jp/,"Megumi Toyoguchi, Daisuke Namikawa, Tsutomu Isobe",,Opening | Red Fraction - MELL
84553,Blade Runner Black Lotus,Ended,2021-11-14,22,"Los Angeles 2032. A young woman wakes up with no memories, and possessing deadly skills. The only clues to her mystery are a locked data device and a tattoo of a black lotus. Putting together the pieces, she must hunt down the people responsible for her brutal and bloody past to find the truth of her lost identity.",7.1,210,"Animation, Sci-Fi & Fantasy, Action & Adventure","artificial intelligence (a.i.), future, revenge, cyberpunk, anime",Blade Runner: Black Lotus,/aR06SJRDGqRmGQYXAXqeOkRZq7T.jpg,/WsVohNgPLwPXz3sIsrwFQ7FzmC.jpg,7.4953,en,TV,13,1,,"Jessica Henwick, Will Yun Lee, Wes Bentley",,Official Trailer
30984,Bleach Thousand Year Blood War,Returning Series,2004-10-05,24,"For as long as he can remember, Ichigo Kurosaki has been able to see ghosts. But when he meets Rukia, a Soul Reaper who battles evil spirits known as Hollows, he finds his life is changed forever. Now, with a newfound wealth of spiritual energy, Ichigo discovers his true calling: to protect the living and the dead from evil.",8.382,1920,"Action & Adventure, Animation, Sci-Fi & Fantasy","martial arts, swordplay, sword, training, friendship, supernatural, high school, based on manga, death, blade, fantasy world, shounen, anime, japanese high school, shinigami, parallel universe, supernatural ability, multiple realms, urban fantasy, exciting, adventure, adoring, urban adventure, spirits, ghosts, teen fantasy",BLEACH,/2EewmxXe72ogD0EaWM8gqa0ccIw.jpg,/o0NsbcIvsllg6CJX0FBFY8wWbsn.jpg,69.9365,ja,TV,406,2,https://bleach-anime.com,"Masakazu Morita, Fumiko Orikasa, Hiroki Yasumoto",,Opening 15 | Harukakanata - SCANDAL
207347,Blue Box,Returning Series,2024-10-03,25,"Taiki Inomata loves badminton, but he has a long way to go before he can reach nationals. When Taiki sees upperclassman Chinatsu Kano practicing her heart out on the girls basketball team, he falls for her hard. After an unexpected turn of events brings the two closer together, sports might not be the first thing on their minds anymore!",8.1,33,"Animation, Comedy, Drama","adolescence, friendship, sports, high school, basketball, based on comic, romance, slice of life, school, based on manga, club, badminton, shounen, anime",アオのハコ,/5msbE1Wmy27y2FhKDflXveXpCVv.jpg,/8p39Ud6ZKMixBQ7R4frg2o3idzc.jpg,12.6943,ja,TV,25,2,https://aonohako-anime.com,"Shoya Chiba, Reina Ueda, Akari Kito",,Official Trailer [Subtitled]
38464,Blue Exorcist,Ended,2011-04-17,24,"Humans live in the world of Assiah, demons in Gehenna. The two dimensions are not meant to interfere with each other, but demons still possess creatures in Assiah in spite of this. The humans who can fight these demons are known as exorcists. Rin Okumura is a boy who bears the curse of being Satan's illegitimate son. His foster father sacrificed himself to save him from demons. To avenge his foster father's death as well as to prove himself, Rin decides to follow the path of an exorcist and defe...",7.901,465,"Animation, Sci-Fi & Fantasy, Mystery, Action & Adventure","vatican (holy see), shapeshifting, sword, magic, exorcism, supernatural, priest, tragedy, school, religion, sibling rivalry, based on manga, demon, super power, cross, exorcist, dark fantasy, shounen, anime, drastic change of life",青の祓魔師,/kpNoqNmElzGUEcEoZyfFwvYXMsR.jpg,/wJzHFl5mq6JFbD6equTleJuzlnk.jpg,21.9852,ja,TV,73,5,https://www.ao-ex.com,Hiroshi Kamiya,,-Shimane Illuminati Saga- Opening | Eyes Sentry - UVERworld
234776,Blue Miburo,Returning Series,2024-10-19,23,"The year is 1863, with the story being based in Kyoto. We follow a youth named Nio who is an honest and kind soul who's considerate of his family, yet he also has a hidden burning passion for seeking justice. From the time he came across Toshizou Hijikata and Souji Okita, members from a group of hated ronin known as the Miburo, his life then takes a turn to a bluer, and clearer path. Nio, alongside the other men whose hearts burn bravely and true, step forth towards an honest path with their blu...",8.4,11,"Animation, Action & Adventure","samurai, based on manga, historical, kyoto, japan, edo period, shinsengumi, shounen, anime, bakumatsu",青のミブロ,/kvHZFBVyGe4uLwkQwkyMvhuDxUi.jpg,/s2P0DYSeMrqNh4L7hGXP3Xs5kbA.jpg,3.6917,ja,TV,24,1,https://miburoanime.com,"Shuichiro Umeda, Chiaki Kobayashi, Shun Horie",,
70881,Boruto Naruto Next Generations,Returning Series,2017-04-05,25,"The life of the shinobi is beginning to change. Boruto Uzumaki, son of Seventh Hokage Naruto Uzumaki, has enrolled in the Ninja Academy to learn the ways of the ninja. Now, as a series of mysterious events unfolds, Borutos story is about to begin!",7.9,2430,"Animation, Family, Action & Adventure, Comedy","martial arts, fight, supernatural, sequel, ninja, based on manga, spin off, super power, ninja warrior, shounen, anime, adventure",BORUTO-ボルト- NARUTO NEXT GENERATIONS,/e0B6i48kxdRkMcK4tR4YNfXGWOc.jpg,/4jDRuUk02VGAVMBJXabI9r0Cj6j.jpg,9.9291,ja,TV,293,1,http://www.tv-tokyo.co.jp/anime/boruto/,"Yuko Sanpei, Cocoro Kikuchi, Ryuichi Kijima",,Taijutsu | Boruto: Naruto Next Generations
110837,Bungo Stray Dogs,Ended,2021-01-13,12,"The peaceful days of the very popular work Bungou Stray Dogs are here. The characters of the Armed Detective Agency and the Mafia are in miniature form?! Due to Atsushi and co. becoming cute, this is a different experience to the original work—a pleasant gag manga!",7.0,24,"Animation, Comedy","supernatural, slice of life, based on manga, spin off, anime, chibi",文豪ストレイドッグス わん!,/5X3Pz5BCjlrt7X5fzQWWZVLfvku.jpg,/qODR3gZVdmkSeBfr17ph28rn0J0.jpg,3.8847,ja,TV,12,1,https://bungo-stray-dogs-wan.com,"Mamoru Miyano, Kensho Ono, Kisho Taniyama",,Official Trailer [Subtitled]
214587,Bye Bye Earth,Returning Series,2024-07-12,24,"Belle Lablac doesnt really fit in as the only human being in a world full of anthropomorphic animals. No fangs, no fur, no scales, no claws. Lonely and eager to discover where she comes from, Belle journeys to find answers to the questions of her heart. Carrying nothing but her giant sword, the Runding, she faces a world of possibilities and pitfalls in hopes of discovering the truth.",7.7,11,"Animation, Sci-Fi & Fantasy, Action & Adventure","based on novel or book, anime",ばいばい、アース,/iuo2jor1Hya3bT1imNxEScgoh5o.jpg,/7KI43sAChDcCrLGT2kBACXduDX8.jpg,7.1372,ja,TV,14,1,https://bye2earth.com,"Fairouz Ai, Miyuki Sawashiro, Ami Koshimizu",,Official Trailer [Subtitled]
25707,Captain Tsubasa,Ended,1983-10-13,24,"Tsubasa Ozora loves playing football since he was a little child. After moving to the japanese town of Nankatsu together with his mother, the 11-year-old boy quickly finds friends and joins the local football team of his elementary school. Together with his newly made friends and Brazilian mentor Roberto, Tsubasa starts his exciting journey to chase after his most desired dream - one day winning the FIFA World Cup.",7.8,791,"Comedy, Drama, Animation","football (soccer), based on manga, anime, prodigy, spokon, sports competition, childhood rivals",キャプテン翼,/ttCqdE4RtUQ0b1LElhQlDYDnuu2.jpg,/8Jk9sKUx3wnkvsr5pfxfMkdz1zB.jpg,17.9317,ja,TV,128,5,,"Akari Hibino, Fujiko Takimoto, Reiko Suzuki",,
65835,Captain Tsubasa J,Ended,1994-10-21,23,Captain Tsubasa J  is a TV anime series that retells the story of the original manga and also adds some arcs from the World Youth Saga manga. The anime was originally broadcast by Fuji Television in Japan from 1994-10-21 to 1995-12-22 with 47 episodes. The animation was done by Studio Comet. The series was suspended due to budget constraints.,7.798,52,"Animation, Drama, Comedy","sports, football (soccer), based on manga, anime, prodigy, spokon, sports competition",キャプテン翼J,/utlvq1mRI77yO8JZTWTTgfoIUHc.jpg,/TvtgclnnmTm7xtBdvhJOto9o2v.jpg,9.9114,ja,TV,47,1,,"Akari Hibino, Kappei Yamaguchi, Shin-ichiro Miki",,
123548,Castlevania Nocturne,Returning Series,2023-09-28,0,"As revolution sweeps France, Richter Belmont fights to uphold his family's legacy and prevent the rise of a ruthless, power-hungry vampire ruler.",7.874,206,"Animation, Sci-Fi & Fantasy, Drama","vampire, french revolution, vampire hunter (slayer), based on video game, dark fantasy, complex, monster hunter, complicated",Castlevania: Nocturne,/4XJwo95ktJ7xupw1bCMuP91kyYr.jpg,/1swj9HxDkjzsO3yHlSwRA38hMFN.jpg,9.229,en,TV,16,2,https://www.netflix.com/title/81436901,"Edward Bluemel, Thuso Mbedu, Pixie Davies",,Main Trailer
114410,Chainsaw Man,Ended,2022-10-12,24,"Denji has a simple dream—to live a happy and peaceful life, spending time with a girl he likes. This is a far cry from reality, however, as Denji is forced by the yakuza into killing devils in order to pay off his crushing debts. Using his pet devil Pochita as a weapon, he is ready to do anything for a bit of cash.",8.551,1785,"Animation, Action & Adventure, Sci-Fi & Fantasy","secret organization, chain saw, supernatural, gore, chainsaw, based on manga, cruelty, devil, demon, combat, shounen, anime, terror, fantasy",チェンソーマン,/yVtx7Xn9UxNJqvG2BkvhCcmed9S.jpg,/5DUMPBSnHOZsbBv81GFXZXvDpo6.jpg,18.4853,ja,TV,12,1,https://chainsawman.dog/,"Kikunosuke Toya, Tomori Kusunoki, Shogo Sakata",,Main Trailer [Subtitled]
237233,Chillin in Another World with Level 2 Super Cheat Powers,Ended,2024-04-08,24,"The Magical Kingdom of Klyrode summons hundreds of heroes from other worlds every year to fight in their war against the Dark One and his army of powerful demons. Banaza is one of those heroes, summoned from the Royal Capital Paluma, but somethings not right—Banaza is only an average merchant. He has no magic, no fighting ability, and his stats are abysmal. Worse, a mishap leaves him unable to return home! Rejected as a hero and stranded in another world, abandoned to the far reaches of the kin...",7.402,61,"Animation, Sci-Fi & Fantasy, Action & Adventure","fantasy world, anime, interspecies romance, isekai, loving, relaxed, based on light novel, adventure, joyful",Lv2からチートだった元勇者候補のまったり異世界ライフ,/29z2Qja0nXaCsfig7RCFCo1LP1d.jpg,/petHMm8TmcYiBy1JOTCncBcNk83.jpg,7.2517,ja,TV,12,1,https://lv2-cheat.com,"Satoshi Hino, Rie Kugimiya, Aya Yamane",,Official Trailer [Subtitled]
24835,Clannad,Ended,2007-10-05,24,"Tomoya Okazaki is a third year high school student resentful of his life. His mother passed away from a car accident when he was younger, causing his father to resort to alcohol and cigarettes. This results in fights between the two until Tomoya's shoulder is injured in a fight. Since then, Tomoya has had distant relationships with his father, causing him to become a delinquent over time. While on a walk to school, he meets a strange girl named Nagisa Furukawa who is a year older, but is repeati...",8.3,438,"Animation, Comedy, Drama, Sci-Fi & Fantasy","adolescence, supernatural, harem, romance, slice of life, coming of age, school, anime, school club, based on visual novel, family life",CLANNAD,/bmugfsOLi5Q01nTsFkNwO0V4xgg.jpg,/cuokIYCqLqfbE9RDv8TKl18uq9W.jpg,7.6584,ja,TV,44,2,http://www.tbs.co.jp/clannad/clannad1/,"Yuichi Nakamura, Mai Nakahara, Ryotaro Okiayu",,Clannad ~After Story~ Official Trailer
34791,Claymore,Ended,2007-04-03,23,"When a shapeshifting demon with a thirst for human flesh, known as ""youma,"" arrives in Raki's village, a lone woman with silver eyes walks into town with only a sword upon her back. She is a ""Claymore,"" a being manufactured as half-human and half-youma, for the express purpose of exterminating these monsters. After Raki's family is killed, the Claymore saves his life, but he is subsequently banished from his home. With nowhere else to go, Raki finds the Claymore, known as Clare, and decides to f...",8.2,319,"Action & Adventure, Animation, Drama, Sci-Fi & Fantasy","based on manga, dark fantasy, anime, adventure",クレイモア,/rQt8X4kjBxah0laGwUVJISf1086.jpg,/9345bFQXPCyIJLQemkpI5zFJCOp.jpg,30.6381,ja,TV,26,1,https://mv.avex.jp/claymore/,"Houko Kuwashima, Motoki Takagi",,Claymore - Trailer
105248,Cyberpunk Edgerunners,Ended,2022-09-13,25,"In a dystopia riddled with corruption and cybernetic implants, a talented but reckless street kid strives to become a mercenary outlaw — an edgerunner.",8.473,1485,"Action & Adventure, Animation, Sci-Fi & Fantasy","technology, mercenary, dystopia, conspiracy, miniseries, cyberpunk, based on video game, canon, futuristic society, anime, original net animation (ona)",サイバーパンク: エッジランナーズ,/lqcDVZ8pyk08AVftMBildDR3QUK.jpg,/6N7hSnmZkEXszld37sSeG4CSIdR.jpg,12.5034,ja,TV,10,1,https://www.cyberpunk.net/edgerunners,"KENN, Aoi Yuki, Hiroki Touchi",,Masahiko Otsuka Interview [Subtitled]
118956,DOTA Dragons Blood,Ended,2021-03-25,25,"After encounters with a dragon and a princess on her own mission, a Dragon Knight becomes embroiled in events larger than he could have ever imagined.",7.812,425,"Sci-Fi & Fantasy, Action & Adventure, Animation","elves, sword, princess, knight, dragon, based on video game, warrior, magician, bloody, hanguk aeni",DOTA: Dragon's Blood,/6Qwwam0TQEMQmFMagjtLmcQHJYs.jpg,/tPIhOHUfhMN4n1Q2OKXku3ClHtB.jpg,8.3059,en,TV,24,3,https://www.netflix.com/title/80994336,,,Official Trailer
233523,Dahlia in Bloom Crafting a Fresh Start with Magical Tools,Ended,2024-07-06,24,"After a workaholic life in Japan, Dahlia is reborn as a magical maven in a new world, but her afterlife takes an unexpected turn. Engaged, betrayed, and orphaned—all before the honeymoon? Talk about a plot twist! Watch as Dahlia turns heartbreak into wand-making brilliance and declares her independence. In this story, the real magic is self-discovery, and Dahlias the sorceress of her own destiny.",7.7,16,Animation,"reincarnation, anime, isekai, based on light novel",魔導具師ダリヤはうつむかない,/nH9oIoex0CeefWG1HXfOrLRvN7R.jpg,/jFzhOfySHlYXHltt3wjd6A9mEpX.jpg,1.806,ja,TV,12,1,https://dahliya-anime.com,"Saori Onishi, Atsushi Tamaru, Riho Iida",,Official Trailer [Subtitled]
240411,Dan Da Dan,Returning Series,2024-10-04,24,"In a bet to prove whether ghosts or aliens exist, two high schoolers face terrifying paranormal threats, gain superpowers and maybe even fall in love?!",8.722,466,"Animation, Action & Adventure, Comedy, Sci-Fi & Fantasy","high school, romcom, alien, urban legend, school, paranormal phenomena, based on manga, super power, occult, ghost, school life, evil alien, japanese folklore, shounen, anime, contacting spirits, japanese high school, evil spirits, monsters, supernatural battle, supernatural comedy",ダンダダン,/6qfZAOEUFIrbUH3JvePclx1nXzz.jpg,/jlbUx0aHJupDVDlCo0R7UxSaUUd.jpg,18.9512,ja,TV,13,2,https://anime-dandadan.com,"Shion Wakayama, Natsuki Hanae, Mayumi Tanaka",,Official Trailer(Season 2)
31718,Darker than Black,Ended,2007-04-06,25,"Ten years ago, a mysterious spatial anomaly now known as ""Heaven's Gate"" appeared in South America, shortly followed by the opening of ""Hell's Gate"" in Tokyo altering the sky and wreaking havoc on the landscape. The real stars disappeared, replaced by false stars. During this time, people possessing various special abilities — called ""Contractors"" — emerged, each capable of different supernatural feats. Following the disastrous Heaven's War, the United States lost its dominant position as a supe...",7.6,228,"Animation, Action & Adventure, Sci-Fi & Fantasy, Mystery","assassin, conspiracy, paranormal phenomena, spirit, psychic, super power, dark past, seinen, anime",-黒の契約者-,/i2jS5N0FK9o58Lxh5mnkOzEDZsd.jpg,/aigj0UYSAdi5HxE1SA4YuTtQeIl.jpg,6.814,ja,TV,37,2,http://www.d-black.net/,"Hidenobu Kiuchi, Kiyomi Asai, Ikuya Sawaki",,Darker than Black trailer
206629,Days with My Stepsister,Ended,2024-07-04,24,"When his father remarries, Yuta Asamura winds up sharing a roof with his new stepsister, Saki Ayase, the hottest girl in his grade. Carrying the scars of their parents troubled divorces, they vow to maintain a respectful distance. But what starts as cautious camaraderie blossoms into something deeper from shared experiences. Is it admiration, familial love, or something more?",7.9,42,Animation,"society, high school, stepbrother, romance, slice of life, family relationships, school, family, stepsister, stepsiblings, shounen, anime, based on light novel",義妹生活,/xzbatUmI1qlcLHqMmawGduqHh1X.jpg,/4VobhteGHVBfW5tDF1ZL4gymssz.jpg,5.5009,ja,TV,12,1,https://gimaiseikatsu-anime.com,"Kohei Amasaki, Yuki Nakashima, Minori Suzuki",,Official Trailer [Subtitled]
36588,Dear Brother,Ended,1991-07-14,25,"Misonoo Nanako, a professor's daughter, looks forward to her first day at the prestigious Seiran Academy, a girls' school that caters to the rich, or in her case, those with high test scores. She soon finds that the school is polarized by three popular and talented individuals, known as the Magnificent Three. Though Nanako doesn't intend to make waves at this school, when she is tabbed to be a member of the Sorority, the brutal politics that run beneath the surface of the school's sophisticated ...",6.0,6,"Animation, Drama",,おにいさまへ…,/eOxB93uT4DahhesM5XAXVCKriR6.jpg,/sG4oWm2QZSU5bP63uRT3KAnebd.jpg,3.639,ja,TV,39,1,https://tezukaosamu.net/jp/anime/148.html,"Hiroko Kasahara, Keiko Toda, Kenyu Horiuchi",Osamu Dezaki,"Brother, Dear Brother"
13916,Death Note,Ended,2006-10-04,22,"Light Yagami is an ace student with great prospects—and hes bored out of his mind. But all that changes when he finds the Death Note, a notebook dropped by a rogue Shinigami death god. Any human whose name is written in the notebook dies, and Light has vowed to use the power of the Death Note to rid the world of evil. But will Light succeed in his noble goal, or will the Death Note turn him into the very thing he fights against?",8.635,4345,"Animation, Mystery, Sci-Fi & Fantasy","detective, journalism, secret identity, police, supernatural, sociopath, rivalry, murder, serial killer, psychological thriller, based on manga, justice, death, shounen, anime, shinigami, time skip, magic book, psychological, fantastic, prosocial psychopath, horror, suspense mystery, kira, death note",DEATH NOTE,/tCZFfYTIwrR7n94J6G14Y4hAFU6.jpg,/mRwV4W2BAEpte7xlawJP4fsBpmS.jpg,17.2212,ja,TV,37,1,http://www.ntv.co.jp/deathnote/,"Mamoru Miyano, Shido Nakamura, Aya Hirano",,Official Trailer
61901,Death Parade,Ended,2015-01-10,23,"There is a place after death thats neither heaven nor hell. A bar that serves you one chance to win. You cannot leave until the game is over, and when it is, your life may be too.",8.012,525,"Animation, Drama, Mystery","suicide, gambling, jealousy, reincarnation, afterlife, roulette, murder, game, death, macabre, anime, young animator training project, psychological, suspense, fantasy, absurd, incredulous",デス・パレード,/qeD9wDenN7CPA99FScSErJCvcWb.jpg,/ptt4UVsyV32OcTBjbkuH3mQHGmx.jpg,6.4686,ja,TV,12,1,http://www.deathparade.jp,"Asami Seto, Tomoaki Maeno, Misa Kato",,Opening | Flyers - BRADIO
85937,Demon Slayer Kimetsu no Yaiba,Ended,2019-04-06,0,"It is the Taisho Period in Japan. Tanjiro, a kindhearted boy who sells charcoal for a living, finds his family slaughtered by a demon. To make matters worse, his younger sister Nezuko, the sole survivor, has been transformed into a demon herself. Though devastated by this grim reality, Tanjiro resolves to become a “demon slayer” so that he can turn his sister back into a human, and kill the demon that massacred his family.",8.65,6657,"Animation, Action & Adventure, Sci-Fi & Fantasy","sibling relationship, swordplay, sword, magic, training, supernatural, undead, tragedy, coming of age, based on manga, demon, mutilation, dark fantasy, demon hunter, shocking, anachronism, shounen, breathing, anime, time skip, demon slayer, lacrimation, taisho period",鬼滅の刃,/xUfRZu2mi8jH6SzQEJGP6tjBuYj.jpg,/3GQKYh6Trm8pxd2AypovoYQf4Ay.jpg,17.7192,ja,TV,63,5,https://kimetsu.com/anime,"Natsuki Hanae, Akari Kito, Hiro Shimono",,Promotion Reel 2023
235930,Devil May Cry,Returning Series,2025-04-03,0,"When a mysterious villain threatens to open the gates of Hell, a devilishly handsome demon hunter could be the world's best hope for salvation.",7.907,124,"Animation, Action & Adventure, Sci-Fi & Fantasy","based on video game, adult animation, zealot, demon hunter, anime, paramilitary organization",Devil May Cry,/9YA4ko7x1o2NS65lDrlKAuNAqjJ.jpg,/nLyXXIDMpDHvUgxchezxuhoJ4Ej.jpg,56.2618,en,TV,8,2,https://www.netflix.com/title/81506915,,,Sneak Peek: Mercenary Cleanup
12577,Devil May Cry The Animated Series,Ended,2007-06-14,24,The adventures of the demon hunter Dante who himself is half demon and half human.,7.6,214,"Animation, Sci-Fi & Fantasy, Action & Adventure","swordplay, sword, supernatural, hell, gore, gunfight, demon, parallel world, based on video game, anime",デビル メイ クライ,/xDGxMQk24gt4proydCyxddPzTIG.jpg,/776K5RkvhIXm7cyHAUBDaWcSlXC.jpg,19.8136,ja,TV,12,1,http://dmc-tv.com/,"Toshiyuki Morikawa, Misato Fukuen, Akio Otsuka",,Opening
75208,Devilman Crybaby,Ended,2018-01-05,25,"Akira Fudo learns from his best friend Ryo Asuka that demons will revive and reclaim the world from humans. With humans hopeless against this threat, Ryo suggests combining with a demon. With this, Akira becomes Devilman, a being with the power of demon but with a human heart.",7.811,636,"Animation, Action & Adventure, Sci-Fi & Fantasy","angel, philosophy, rape, shapeshifting, anti hero, bisexuality, politics, god, satan, gore, tragedy, miniseries, public sex, bromance, based on manga, demon, masturbation, adult animation, anime, cosmic horror, gay theme, meta, war, body horror, urban fantasy, horror",DEVILMAN crybaby,/2pQ9xfgDa3L3QpoXfkNhISby2R4.jpg,/wuUZxHcyQdx3EurPX0CjD8FgbHG.jpg,8.0683,ja,TV,10,1,https://devilman-crybaby.com,"Koki Uchiyama, Ayumu Murase, Megumi Han",,Opening | MAN HUMAN - DENKI GROOVE
94404,Dorohedoro,Returning Series,2020-01-13,24,"Amnesiac Caiman seeks to undo his lizard head curse by killing the sorcerer responsible, with his friend Nikaido's help. In the Hole, that's a threat.",8.3,349,"Animation, Comedy, Action & Adventure, Sci-Fi & Fantasy","supernatural, steampunk, anthropomorphism, based on manga, seinen, anime, 3d animation, horror",ドロヘドロ,/u4RhmbMlKzeshDE2Wf3uxZuGck2.jpg,/vvAZwI5Kd4n3PI7ZrXjYpBEgpp0.jpg,8.0684,ja,TV,12,2,https://dorohedoro.net,"Reina Kondo, Wataru Takagi, Yu Kobayashi",,Multi-Audio Clip: Caiman and Nikaido's Epic Fight
236132,Dororo,Ended,1991-04-08,0,Komachi is a little ghost who died during the Meiji Era and has hung around earth as a wandering spirit girl for over a hundred years. Komachi appears in the room of a young girl named Anko and the two get wrapped up in all sorts of adventures involving other ghosts and demons.,0.0,0,"Animation, Comedy",,どろろんぱっ,/adaCjUiYjmzLkiYA28bg9jVJcdO.jpg,,40.1987,ja,TV,114,1,,"Fuyumi Shiraishi, Yuriko Fuchizaki, Tamao Hayashi",Tetsuo Yasumi,
86031,Dr Stone,Returning Series,2019-07-05,24,"One fateful day, all of humanity was petrified by a blinding flash of light. After several millennia, high schooler Taiju awakens and finds himself lost in a world of statues. However, he's not alone! His science-loving friend Senku's been up and running for a few months and he's got a grand plan in mind, to kickstart civilization with the power of science!",8.555,1516,"Animation, Action & Adventure, Comedy, Sci-Fi & Fantasy","post-apocalyptic future, survival, disaster, based on manga, educational, environmentalism, lost civilization, shounen, anime, crafting, man vs nature, petrification, war, adventure",Dr.STONE,/rocRrglJfYkglKilmFaStvo5EvS.jpg,/lN13BPAEnc5iXmoxxBQHOZ1ScfZ.jpg,6.603,ja,TV,70,4,https://dr-stone.jp,"Yusuke Kobayashi, Makoto Furukawa, Kana Ichinose",,Official Preview [Subtitled}
80020,Dragon Ball,Ended,2018-07-01,10,"Trunks returns from the future to train with Goku and Vegeta. However, it disappears without warning. Then the mysterious Fu bursts in, telling them that Trunks has been imprisoned in the Prison Planet, a mysterious complex in an unknown place in the universes. The group seeks the dragon balls to free Trunks, but an endless battle awaits them! Will Goku and the others rescue Trunks and escape the Prison Planet?",7.565,3072,"Animation, Action & Adventure, Sci-Fi & Fantasy","fight, attack, battle, spin off, based on video game, anime, original net animation (ona)",スーパードラゴンボールヒーローズ,/8jq6xv5c1WK7KAPOXCsodm8eUxp.jpg,/xlKKD1TXJvh0YYlVPqqQ3g3ZUjM.jpg,26.5693,ja,TV,54,6,http://www.carddass.com/dbh/sdbh/prison_planet,"Masako Nozawa, Ryo Horikawa, Takeshi Kusao",,OFFICIAL Super Dragon Ball Heroes Anime Trailer!
236994,Dragon Ball DAIMA,Ended,2024-10-11,24,"Mysteriously transformed into mini versions of themselves, Goku and his friends travel to the Demon Realm to uncover the truth and find a cure.",8.2,451,"Animation, Action & Adventure, Comedy, Sci-Fi & Fantasy","martial arts, magic, superhero, based on manga, fighting, demon, super power, supervillain, shounen, anime",ドラゴンボールDAIMA,/8tpLyWAmYhe1D0d62gV3CWFDu2f.jpg,/oUmWLyeko3kYdUr8DBLIsxwcugl.jpg,32.2346,ja,TV,20,1,https://dragonballdaima.com,,,Dub Trailer
99769,Dragons Dogma,Ended,2020-09-17,26,"Ethan sets out to vanquish the Dragon that took his heart, but with every demon he battles, the more he loses his humanity.",7.0,184,"Animation, Action & Adventure, Sci-Fi & Fantasy","monster, dragon, demon, based on video game, fantasy world, dark fantasy, anime, revenant",ドラゴンズドグマ,/m8VA5fudLl3jXywxxSsE4g5ltYS.jpg,/aF1uXRZPzlQz9N892QRq0MmjcVf.jpg,2.6333,ja,TV,7,1,https://www.netflix.com/title/80992784,"Yuichi Nakamura, Nana Mizuki, Miyuki Sawashiro",,Dragon's Dogma | Opening Credits | Netflix
250597,Dungeon People,Ended,2024-07-06,25,"An unexplored dungeon, filled with monsters and traps. An expert thief, searching for her lost father. When Clay delves into the dungeon deeper than any adventurer has ever gone, she is offered a job by the dungeon's caretaker! Now, instead of exploring, Clay must learn how to interview new monsters, set traps and position slimes around the dungeon. Will this new career path bring her any closer to finding her father?",8.0,8,"Animation, Comedy, Action & Adventure","magic, based on manga, dungeon, adventurer, anime, dungeons, administration",ダンジョンの中のひと,/n3CEjyTUy6zKX8BCyUnSfYQazP8.jpg,/fhuFYqbeIWo1ot3iXhVhNqVJ5LJ.jpg,2.0507,ja,TV,12,1,https://dungeon-people.com,"Sayaka Senbongi, Sayumi Suzushiro, Naomi Kusumi",,Trailer [Subtitled]
42410,Durarara,Ended,2010-01-08,24,"In Tokyo's downtown district of Ikebukuro, amidst many strange rumors and warnings of anonymous gangs and dangerous occupants, one urban legend stands out above the rest—the existence of a headless ""Black Rider"" who is said to be seen driving a jet-black motorcycle through the city streets.Mikado Ryuugamine has always longed for the excitement of the city life, and an invitation from a childhood friend convinces him to move to Tokyo. Witnessing the Black Rider on his first day in the city, his...",7.7,195,"Action & Adventure, Animation, Drama, Mystery","street gang, based on novel or book, urban legend, youth culture, city life, anime, japanese high school, medical experiment, based on light novel",デュラララ!!,/ePTyPLVtMZdyPnU0KwFjrVCSQmI.jpg,/kH9iK6krt0VBwAv5xbsYyhn8AW5.jpg,10.8259,ja,TV,60,2,http://www.durarara.com/,"Miyuki Sawashiro, Toshiyuki Toyonaga, Mamoru Miyano",,Durarara!! - UK EXCLUSIVE Trailer
74939,ERASED,Ended,2017-12-15,29,"After finding his mom killed, Satoru's time-traveling ability takes him back 18 years for a chance to prevent her death and those of three classmates.",7.34,72,"Drama, Mystery, Crime","child abuse, amnesia, time travel, supernatural, elementary school, murder, serial killer, based on manga, mystery killer",僕だけがいない街,/5PKJjw3dxZlBjJekuEvjl1hUUPV.jpg,/9HHZApcDBtrzgXi5ibeyvzsR3Qm.jpg,2.2693,ja,TV,12,1,https://www.netflix.com/title/80173711,"Yuki Furukawa, Tomoka Kurotani, Mio Yuki",,Erased (Trailer)
21750,Eden of the East,Ended,2009-04-09,25,"When Saki Morimi gets into trouble with the police while in Washington D.C., she is helped by a Japanese man who calls himself, Akira Takizawa. Akira has only two things, a gun and a cell phone loaded with 8.2 billion yen in digital money.",7.1,107,"Animation, Drama, Mystery, Comedy, Action & Adventure","amnesia, anime, psychological",東のエデン,/z7fWrBzCwd5DRPvNh1tr7yaQQP8.jpg,/5yOxRuPljFOM8pPK7MoppZtNmEJ.jpg,2.2201,ja,TV,11,1,https://juiz.jp/,"Saori Hayami, Ryohei Kimura, Atsushi Miyauchi",,Eden of the East - Complete Series on Blu-ray & DVD 10.19.10 - Anime Trailer
248947,FAIRY TAIL 100 YEARS QUEST,Returning Series,2024-07-07,24,"The rowdiest guild in Fiore Kingdom is back! Natsu, Lucy, Gray, Erza, and the whole Fairy Tail guild tackle the legendary ""100 Years Quest,"" tougher than any S-Class quest. Their goal: find the first wizard guild ever, located in the far north of Guiltina. Facing new gods, mysterious towns, and ominous foes, theyll have their work cut out for them. Will they succeed where no wizard has before?",8.2,19,"Animation, Action & Adventure, Sci-Fi & Fantasy","magic, sequel, based on manga, wizard, shounen, anime",FAIRY TAIL 100年クエスト,/95lYuqEYofq6bjQb6sgOzLBA6ja.jpg,/7kdKFFOssyoUeVnUPYMZccbLmde.jpg,8.0342,ja,TV,25,1,https://www.fairytail100yq.com,"Tetsuya Kakihara, Aya Hirano, Rie Kugimiya",,Official Trailer [Subtitled]
245285,Failure Frame I Became the Strongest and Annihilated Everything with Low Level Spells,Ended,2024-07-05,25,"Touka always faded into the background at school. And when hes summoned to another world with his classmates, that still doesnt change! They all acquire top-rank skills, except Touka, whos deemed a failure and cast to ancient ruins by the goddess Vicius. Turns out, his low-rank skills may not be so useless after all. Now, he seeks revenge against the goddess, and his true nature is revealed.",7.691,68,"Animation, Sci-Fi & Fantasy, Action & Adventure","magic, revenge, goddess, anime, another world, isekai, based on light novel",ハズレ枠の【状態異常スキル】で最強になった俺がすべてを蹂躙するまで,/jY95c66M8CODXtBtpfM2AQh3UuK.jpg,/wnOyzCLRiTAdmoY8V1Dmk3AWyHg.jpg,7.102,ja,TV,12,1,https://hazurewaku-anime.com,"Ryota Suzuki, Saki Miyashita, Misaki Watada",,Official Trailer [Subtitled]
229858,Fate strange Fake,Returning Series,2024-12-31,0,"In a Holy Grail War, Mages (Masters) and their Heroic Spirits (Servants) fight for the control of the Holy Grail—an omnipotent wish-granting device said to fulfill any desire. Years have passed since the end of the Fifth Holy Grail War in Japan. Now, signs portend the emergence of a new Holy Grail in the western American city of Snowfield",7.9,7,"Animation, Action & Adventure, Sci-Fi & Fantasy, Drama","swordplay, magic, vampire, survival, conspiracy, religion, super power, anime, foreign, based on light novel, assassins",Fate/strange Fake,/2r5MEaLYl5lZxzgfSmrDybipngl.jpg,/kJVYs2p9SlU6YRZ7pJ0fE5mog2S.jpg,2.4308,ja,TV,2,1,https://fate-strange-fake.com/,"Kana Hanazawa, Yuki Ono, Wataru Hatano",,Official Trailer
88046,Fire Force,Returning Series,2019-07-05,24,"Year 198 of the Solar Era in Tokyo, special fire brigades are fighting against a phenomenon called spontaneous human combustion where humans beings are turned into living infernos called ""Infernals"". While the Infernals are first generation cases of spontaneous human combustion, later generations possess the ability to manipulate flames while retaining human form. Shinra Kusakabe, a youth who gained the nickname Devil's Footprints for his ability to ignite his feet at will, joins the Special Fir...",8.4,531,"Animation, Action & Adventure, Sci-Fi & Fantasy, Comedy","secret organization, post-apocalyptic future, supernatural, based on comic, conspiracy, terrorism, super power, firefighter, shounen, anime, corrupt church, fantasy",炎炎ノ消防隊,/xg9y6QLZMkQWryymXvESSDBSLm0.jpg,/zDXuwmqkTi2lGM4AyloAAX4v51P.jpg,15.2228,ja,TV,60,3,https://fireforce-anime.jp,"Gakuto Kajiwara, Yusuke Kobayashi, Saeko Kamijo",,Fire Force | OFFICIAL PREVIEW
56387,Fist of the North Star,Ended,1984-10-11,24,"In the year 199X, human civilization has been all but destroyed by a nuclear holocaust.",8.1,108,"Action & Adventure, Animation, Sci-Fi & Fantasy, Drama","martial arts, post-apocalyptic future, dystopia, based on manga, fighting, shounen, anime",北斗の拳,/yypGXmBPvyJiD7pOeD2R3q84FlA.jpg,/jTZBj58CmmtLSJFCDbiZ1QS96Ae.jpg,27.031,ja,TV,152,6,,"Akira Kamiya, Takeshi Aono, Koji Totani",,Opening | Ai Wo Torimodose!! (Take Back The Love!!) - CRYSTAL KING [Subtitled]
209867,Frieren Beyond Journeys End,Returning Series,2023-09-29,25,"After the party of heroes defeated the Demon King, they restored peace to the land and returned to lives of solitude. Generations pass, and the elven mage Frieren comes face to face with humanitys mortality. She takes on a new apprentice and promises to fulfill old friends dying wishes. Can an elven mind make peace with the nature of life and death? Frieren embarks on her quest to find out.",8.769,420,"Animation, Action & Adventure, Sci-Fi & Fantasy, Drama","elves, magic, immortality, friendship, slice of life, female protagonist, based on manga, combat, medieval, fantasy world, shounen, anime, immortal, wonder, memories, mage, trip, fantasy, existential, passing of time, adventure, compassionate, sympathetic",葬送のフリーレン,/dqZENchTd7lp5zht7BdlqM7RBhD.jpg,/96RT2A47UdzWlUfvIERFyBsLhL2.jpg,24.889,ja,TV,28,2,https://frieren-anime.jp/,"Atsumi Tanezaki, Kana Ichinose, Chiaki Kobayashi",,Official Netflix Trailer [Subtitled]
36941,Fruits Basket,Ended,2001-07-05,24,"Tohru Honda is 16 year old orphaned girl who gets invited to live in the house of her classmate, the handsome boy Sohma Yuki, and his cousins, 16 year old Kyo and 27 year old Shigure. However, these young men and parts of the rest of their family (both close and distant) hold a curse; if they are hugged by the opposite gender, they transform into animals of the Chinese Zodiac. Everyday is an adventure for sweet Tohru, as she gets to know everyone in the large family better (especially Yuki and K...",6.9,67,"Animation, Comedy, Drama","magic, transformation, supernatural, high school, bullying, harem, romcom, romance, slice of life, dysfunctional family, curse, tragedy, school, based on manga, kindness, school life, angst, heart warming, shoujo, anime, bishounen, chinese zodiac signs, family life, japanese high school, reverse harem",フルーツバスケット,/6WQf2frdsNFt98LVx4AcVTNlIZ8.jpg,/yGu6dz6tBAC4GE4gHzdsoDD6btG.jpg,4.2554,ja,TV,26,1,http://www.tv-tokyo.co.jp/anime/fruits_basket/,"Yui Horie, Kotono Mitsuishi, Aya Hisakawa",,Fruits Basket  Opening Theme (English)  For Fruits Basket
19239,Future Boy Conan,Ended,1978-04-04,29,"After the great disaster of 2008, a war that destroyed the planet, the world is now largely ocean with the continents having sunk. Conan lives on a remote island with his grandpa and nature, never having seen another human being. But one day a mysterious girl, Lana, washes up on his beach. The two become quick friends, but shes soon kidnapped and taken to Industria, a technological remainder from the world before. Conan leaves his island in pursuit, braving new lands and many hardships with new...",8.4,190,"Animation, Action & Adventure, Sci-Fi & Fantasy, Family, Comedy, Drama","ocean, based on novel or book, post-apocalyptic future, environmental, conan, anime, children's adventure",未来少年コナン,/tmlhwdTBA264iQF2Us5vWdKz1fE.jpg,/rcFkixO3vY2oyBM7NQsL3SPcXas.jpg,6.7842,ja,TV,26,1,https://future-boy-conan.com/,"Noriko Ohara, Mieko Nobusawa, Kazuyo Aoki",,"Hayao Miyazaki's Future Boy Conan on Blu-ray & Digital [Official Trailer, GKIDS]"
57041,Gintama,Ended,2006-04-04,24,"Life isn't easy in feudal Japan... especially since the aliens landed and conquered everything! Oh sure, the new health care is great, but the public ban on the use of swords has left a lot of defeated samurai with a difficult decision to make concerning their future career paths! This is especially true if, as in the case of Gintoki Sakata, they're not particularly inclined towards holding a day job, which is why Gintoki's opted for the freelance route, taking any job that's offered to him as l...",8.1,210,"Action & Adventure, Animation, Comedy, Sci-Fi & Fantasy","samurai, katana, sword, space invasion, sword fight, parody, space, alien, ninja, based on manga, katana sword, female ninja, shogun, edo period, shinsengumi, shounen, anime",銀魂,/f7vK8pzZIqhyA8sYmBpWmp9Ae7.jpg,/yUZCIdyiu5NKenp1Bw2Ullwuzgm.jpg,6.7056,ja,TV,367,11,http://www.tv-tokyo.co.jp/anime/gintama/index2.html,"Tomokazu Sugita, Rie Kugimiya, Daisuke Sakaguchi",,
215799,Go Go Loser Ranger,Returning Series,2024-04-07,24,"With their old hideout and bosses wiped out, the surviving Dusters make a secret agreement with the Ranger Force to engage in the weekly Sunday Showdown - one where they will always be defeated. Tired of this charade, Fighter D finally steps up to make a change once and for all!",7.4,30,"Animation, Sci-Fi & Fantasy, Action & Adventure, Comedy","superhero, parody, dark comedy, based on manga, superhero team, shounen, anime, sentai, henshin heroes, urban fantasy, urban adventure",戦隊大失格,/1xLqRhNM41Xv0UZRZsHBhsnB1lx.jpg,/M0CIWl08Bj2U271ahU61JkWztc.jpg,12.6464,ja,TV,14,1,https://anime.shochiku.co.jp/anime-sentai-daishikkaku/,"Yusuke Kobayashi, Daishi Kajita, Yumika Yano",,
239853,Grandpa and Grandma Turn Young Again,Ended,2024-04-07,24,"Shouzou and Ine Saitou have been happily married for as long as they can remember. Even in their old age with wrinkles and cracking limbs, the strength of this love is evident in their precious bond. And then, one day, they wake up to find they are young again! Despite their newfound youthful and attractive bodies, Shouzou and Ine remain the same as ever.",7.2,16,"Animation, Comedy, Family","supernatural, romance, slice of life, based on manga, seinen, anime",じいさんばあさん若返る,/7FItegJZQfOIbXuREoza3mz1tYU.jpg,/6ZjUnzQVyQhylxdmmvCNZUCDqOF.jpg,3.6435,ja,TV,11,1,https://jisanbasan.com,"Shin-ichiro Miki, Mamiko Noto, Shiori Mikami",,Official Trailer [Subtitled]
60667,Gundam Build Fighters,Ended,2013-10-07,24,"Sei Iori is a Gunpla builder whose family runs a hobby shop in a small town. He aspires to be a Gunpla Battle champion like his father, but despite his exceptional building skills, he lacks the combat abilities to compete with other contestants. Then one day, he meets a mysterious boy named Reiji, who helps him improve his confidence in participating in Gunpla Battles. Together, Sei and Reiji battle their way to the 7th Gunpla Battle World Tournament.",7.2,18,"Animation, Comedy, Sci-Fi & Fantasy, Kids, Family","mecha, based on toy, anime, gunpla, proxy battle, gundam, reverse isekai, model kit",ガンダムビルドファイターズ,/k8EBZ63k2fOfQNRJWpyqFxcQTZI.jpg,/mx0loGeDTtIV7ITfJTweo7Vm1t9.jpg,11.9091,ja,TV,50,2,http://gundam-bf.net/,"Kazumi Togashi, Yuma Uchida, Yui Makino",,Opening 1 [Subtitled]
229906,Gundam Requiem for Vengeance,Ended,2024-10-17,0,"Eleven months into the One Year War in U.C.0079, top Zaku II pilot Captain Solari faces the Earth Federation's new lethal weapon: the mobile suit Gundam.",7.25,52,"War & Politics, Sci-Fi & Fantasy, Animation","europe, pilot, mecha, giant robot, miniseries, anime, gundam",機動戦士ガンダム 復讐のレクイエム,/ybJkwgv63Ht3bZNOrKsbTwYmaFC.jpg,/jYq8uw7vRIDoptXMFqQblE903xn.jpg,2.8824,ja,TV,6,1,https://gundam-requiem.net,"Celia Massingham, James Watts, Lavance",,Exclusive Clip
21729,Gurren Lagann,Ended,2007-04-01,24,"In the distant future, mankind has lived quietly and restlessly underground for hundreds of years, subject to earthquakes and cave-ins. Living in one such village are 2 young men: one named Simon who is shy and naïve, and the other named Kamina who believes in the existence of a “surface” world above their heads.",8.2,517,"Animation, Action & Adventure, Sci-Fi & Fantasy","space battle, dystopia, romance, travel, mecha, coming of age, giant robot, military, anime, super robot, adventure",天元突破グレンラガン,/xL6HsYsk5N9PKwk6jFwMNQq3K3M.jpg,/rfgtmeFvT0bU3AjX6b7C4Vj8iBY.jpg,14.1394,ja,TV,27,1,https://www.gurren-lagann.net/,"Tetsuya Kakihara, Katsuyuki Konishi, Marina Inoue",,Opening | Sky Blue Days - Shoko Nakagawa [Creditless]
34164,Haibane Renmei,Ended,2002-10-09,24,"A dream of falling from the sky...and then birth. Rakka is born from a large cocoon into the Old Home, greeted by a group of females with small wings on their backs and shining halos above their heads. Soon Rakkas own wings grow, a halo is placed on her head and she is told that she must work in the nearby town of Grie. She soon realizes that the town and the entire world they live in are confined behind the Wall, a tall, impenetrable wall that none except the mysterious Toga are allowed to exi...",7.803,104,"Animation, Drama, Sci-Fi & Fantasy","japan, suicide, angel, countryside, amnesia, afterlife, slice of life, tragedy, redemption, magic realism, angst, rebirth, seinen, feather, calm, anime, salvation, introspective, psychological, inspirational, casual, depressing, comforting, joyful",灰羽連盟,/uSrIXnPIUkapk0JwMldDZTusl5O.jpg,/sC7DcOOWmQ2WNEVDjLY0t8rEwqS.jpg,5.0733,ja,TV,13,1,https://www.nbcuni.co.jp/rondorobe/anime/haibane/,"Ryo Hirohashi, Junko Noda, Eri Miyajima",,Haibane Renmei - Available on DVD 9.4.12 - Trailer
80546,Harukana Receive,Ended,2018-07-06,24,"Oozora Haruka, who's just moved to Okinawa, is generally cheerful and optimistic, but there's one thing she feels insecure about: she's taller than most other girls. Her cousin Higa Kanata also has one hang-up: she had to quit her beach volleyball because she was too short. The mismatched cousins find themselves paired up as a beach volleyball team.",7.503,186,Animation,"beach, sports, slice of life, female protagonist, based on manga, ecchi, anime, beach volley",はるかなレシーブ,/4HLvWlgTNLQMht1oOXAm9N6j5Rq.jpg,/2VnWiUnFQmHIvyOT0F5ZDUkWQnj.jpg,1.7917,ja,TV,12,1,http://www.harukana-receive.jp,"Kana Yuuki, Saki Miyashita, Atsumi Tanezaki",,
117465,Hells Paradise,Returning Series,2023-04-01,25,"Gabimaru reigns as the strongest and most ruthless assassin in his village. But now finds himself on death row—with only one way out: retrieve the Elixir of Life from a sinister island. Longing for freedom, he accepts the challenge. But with fellow convicts vying for the same prize and demonic beasts lurking, how will Gabimaru survive this harrowing quest?",8.155,284,"Animation, Drama, Action & Adventure, Sci-Fi & Fantasy","martial arts, supernatural, ninja, based on manga, historical, combat, edo period, shounen, anime, adventure",地獄楽,/1V9I7SvZbYoMbSvdtnlkkq9SB1k.jpg,/vjiIuR3XGpoGSumQ7DziPAmxIYR.jpg,13.9866,ja,TV,14,2,https://www.jigokuraku.com,"Chiaki Kobayashi, Yumiri Hanamori, Ryohei Kimura",,Dub Trailer
56998,High School of the Dead,Ended,2010-07-05,24,"One morning, the high school student Takashi Komuro enjoys the silence at school when he's suddenly interrupted by strange noises and a shaky-legged person who tries to enter the school grounds. Subsequently, several teachers come to the school gate to shoo the person away. All of a sudden, a teacher is bitten by the person and within seconds the school campus becomes a place of violence, blood, death and undead zombies. Takashi, shocked by the scenery, runs for his life to save his schoolmates ...",8.181,842,"Animation, Action & Adventure, Drama, Sci-Fi & Fantasy","swordplay, post-apocalyptic future, supernatural, high school, harem, end of the world, gore, survival, coming of age, gunfight, zombie, based on manga, epidemic, survival horror, zombie apocalypse, virus, angst, ecchi, shounen, anime, big tits, erotic",学園黙示録 HIGHSCHOOL OF THE DEAD,/jaGpsfRddhzkZIlqxDnDqT3XBhr.jpg,/ivWNDYPxDMjc82ajeSPuyq70hu9.jpg,8.523,ja,TV,12,1,https://www.nbcuni.co.jp/rondorobe/anime/hotd/,"Junichi Suwabe, Marina Inoue, Miyuki Sawashiro",,High School of the Dead Official Trailer
25760,Higurashi When They Cry,Ended,2006-04-05,24,"After moving into the quiet town of Hinamizawa, Maebara Keiichi spends his days blissfully in school often playing games with his local friends. However, appearances can be deceiving. One fateful day, Keiichi stumbles upon news of a murder that had occurred in Hinamizawa. From this point on, horrific events unfold in front of Keiichi, as he soon learns his close friends may not be all that they seem.",7.8,203,"Animation, Drama, Mystery","mass murder, trauma, baseball bat, sadism, village, supernatural, murder, rampage, gore, psychological thriller, torture, fear, psychic, witness to murder, dungeon, shrine, folklore, bloodbath, 1980s, traumatic experience, anime, based on visual novel, psychological, horror",ひぐらしのなく頃に,/z6GrUoKte5lzPxR7HWyiSLVieUC.jpg,/uVKUGxUSfdsGk9mvLt9mDkbATw5.jpg,8.6116,ja,TV,50,2,http://www.oyashirosama.com/web/story/index.htm,"Soichiro Hoshi, Mai Nakahara, Satsuki Yukino",,Season 2 Official Trailer
46298,Hunter x Hunter,Ended,2011-10-02,24,"To fulfill his dreams of becoming a legendary Hunter like his dad, a young boy must pass a rigorous examination and find his missing father.",8.649,1853,"Animation, Action & Adventure, Sci-Fi & Fantasy","martial arts, bounty hunter, virtual reality, training, friendship, remake, revenge, organized crime, tragedy, coming of age, tournament, bromance, based on manga, fighting, super power, death match, mutilation, shounen, anime, fantasy, adventure",HUNTER×HUNTER,/i2EEr2uBvRlAwJ8d8zTG2Y19mIa.jpg,/6U0e6OHklJAcMAuIoGXjTBS5zsI.jpg,55.5695,ja,TV,148,3,https://www.ntv.co.jp/hunterhunter/sphone/,"Megumi Han, Mariya Ise, Issei Futamata",,Official Extended Trailer
262141,I Have a Crush at Work,Ended,2025-01-06,24,"Yui Mitsuya and Masugu Tateishi aren't just any coworkers—they totally have the hots for each other. His helpful yet humble attitude makes her giddy, and her cuteness leaves him grinning like a fool. Problem is, they're trying to keep their new relationship under wraps to avoid making things awkward at work. But seeing how they can't keep their hands off each other, they run the risk of spilling their little secret with each passing day at the office.",8.0,11,"Animation, Comedy","work, romcom, romance, slice of life, based on manga, seinen, anime",この会社に好きな人がいます,/x1BBUPUwxGI4ISk8yZ0Y3E6bFHU.jpg,/dOECK5Ru10T77ZXTiqZ3yv5UE5k.jpg,6.7955,ja,TV,12,1,https://kaishani-sukinahito.com,"Seiichiro Yamashita, Yume Miyamoto, Shizuka Itoh",,
216269,Im in Love with the Villainess,Ended,2023-10-03,24,"The world turns upside down when a corporate drone wakes up as Rae Taylor, the heroine in her favorite otome game, Revolution. Rae is elated at the opportunity to court Claire François, the games villainess and the object of her affection. Armed with her knowledge of the game and events to come, Rae sets out to make Claire fall for her. But how will the villainess take Raes romantic advances?",7.1,26,"Animation, Comedy, Sci-Fi & Fantasy","video game, magic, reincarnation, romance, school, shoujo-ai, anime, yuri, isekai, girls love, magic school, based on light novel, otome game",私の推しは悪役令嬢。,/29jtBbv4eSk0QHdVMLwl8P4p6NX.jpg,/irpfqoLS3cI08zGSpCDhclA3yyR.jpg,3.091,ja,TV,12,1,https://wataoshi-anime.com,"Yu Serizawa, Karin Nanami, Daisuke Namikawa",,Official Trailer 3 [Subtitled]
35610,InuYasha,Ended,2000-10-16,24,"Kagome Higurashi is a modern day young girl who lives with her family by the old Higure shrine. Unbeknownst to Kagome, she is the reincarnation of priestess Kikyo and posseses the ""Jewel of Four Souls"" (the Shikon jewel). One ill-fated day, Kagome locates an ancient well near her home and is abruptly transported through the well and into a feudal Japan, inhabited by demons. There, she encounters Inuyasha, son of a powerful demon father and a human mother, who is pinned to a tree by an enchanted ...",8.589,2005,"Animation, Sci-Fi & Fantasy, Action & Adventure, Comedy, Mystery","love triangle, martial arts, swordplay, magic, time travel, supernatural, romance, based on manga, demon, historical, parallel world, super power, youkai, feudal japan, shounen, anime, isekai, adventure",犬夜叉,/m7gGPZCguDU7bmVqQ2ZiSo7b9Xc.jpg,/4fdZWrFwrn905gpUJvYWOEVWTY0.jpg,29.3568,ja,TV,193,2,http://www.sunrise-inc.co.jp/yasya/,"Kappei Yamaguchi, Satsuki Yukino, Izumi Ōgami",Yasunao Aoki,"Official English Trailer Extended | Inuyasha, Set 1 | VIZ"
220286,Ishura,Ended,2024-01-03,24,"A host of demigods have inherited the world after the Demon King has died, and a battle to determine the mightiest ensues.",6.8,24,"Animation, Action & Adventure, Sci-Fi & Fantasy","fantasy world, anime, based on light novel, bitter",異修羅,/twNBSlJ6mbKGjbmhkKF09BeeCkD.jpg,/4QJjj63L1pfhiF9rSRAVbwB4lLp.jpg,7.17,ja,TV,24,2,https://ishura-anime.com/,,,Official Trailer | Ishura  2023 | English Sub
94423,Japan Sinks 2020,Ended,2020-07-09,24,"After catastrophic earthquakes devastate Japan, one family's resolve is tested on a journey of survival through the sinking archipelago.",7.2,311,"Sci-Fi & Fantasy, Animation, Action & Adventure, Drama","based on novel or book, cataclysm, olympic games, earthquake, chaos, natural disaster, murder, tragedy, disaster, tokyo, japan, destruction, family, archipelago, anime, survive, landslides",日本沈没2020,/guWqteZJ16ABGGtXIKFyDBAo8Ik.jpg,/6aJMl28iBbhZLxDIj3Vqfaonzv2.jpg,3.8633,ja,TV,10,1,https://japansinks2020.com,"Taichi Takeda, Reina Ueda, Tomo Muranaka",,Official Trailer  [Subtitled]
95479,Jujutsu Kaisen,Returning Series,2020-10-03,24,"Yuji Itadori is a boy with tremendous physical strength, though he lives a completely ordinary high school life. One day, to save a classmate who has been attacked by curses, he eats the finger of Ryomen Sukuna, taking the curse into his own soul. From then on, he shares one body with Ryomen Sukuna. Guided by the most powerful of sorcerers, Satoru Gojo, Itadori is admitted to Tokyo Jujutsu High School, an organization that fights the curses... and thus begins the heroic tale of a boy who became ...",8.579,3826,"Animation, Action & Adventure, Sci-Fi & Fantasy","martial arts, exorcism, secret organization, sorcery, supernatural, possession, paranormal, curse, tragedy, sorcerer, school, bromance, based on manga, spirit, demon, demonic possession, dark fantasy, school life, youkai, shounen, anime, japanese high school, occultism, supernatural ability, urban fantasy, cursed object, urban adventure",呪術廻戦,/fHpKWq9ayzSk8nSwqRuaAUemRKh.jpg,/gmECX1DvFgdUPjtio2zaL8BPYPu.jpg,66.6794,ja,TV,47,1,https://jujutsukaisen.jp,,,JUJUTSU KAISEN Opening | Kaikai Kitan by Eve
203704,Junji Ito Maniac Japanese Tales of the Macabre,Ended,2023-01-19,25,"From the mind of horror manga maestro Junji Ito comes a spine-tingling selection of some of his most bizarre, disturbing and terrifying tales.",6.967,105,"Animation, Mystery, Sci-Fi & Fantasy, Drama","anthology, based on manga, demon, anime, terror, psychological, body horror, horror, thriller",伊藤潤二『マニアック』,/eE3vyu2F8upsQujhS8IP7QiG8Hm.jpg,/tI4A1Md9J5QHARl60TsMpekSsvg.jpg,5.2143,ja,TV,12,1,http://ji-anime.com,,,Official Trailer [Subtitled]
90660,KENGAN ASHURA,Ended,2019-07-31,23,"Ohma Tokita enters a hidden world where corporate disputes are settled in brutal gladiator bouts. Forget the money, he just wants to fight — and win.",8.349,970,"Animation, Action & Adventure, Sci-Fi & Fantasy","japan, martial arts, gladiator, challenge, based on manga, anime, blood, original net animation (ona)",ケンガンアシュラ,/tqR96OMBKzHNCNwJB3f3NsCkXbL.jpg,/wJtrctuWTKgIi45zLw9tTjWQFY3.jpg,12.8521,ja,TV,52,2,http://kengan.net/,Tatsuhisa Suzuki,,Teaser [Subtitled]
65945,Kabaneri of the Iron Fortress,Ended,2016-04-08,22,"In the midst of an industrial revolution, the people of Hinomoto fight hordes of undead creatures, known as Kabane, using powerful armored trains.",6.917,162,"Animation, Drama, Action & Adventure, Sci-Fi & Fantasy","samurai, post-apocalyptic future, steampunk, survival, zombie, train, zombification, zombie apocalypse, epic battle, anime, suspense, horror",甲鉄城のカバネリ,/a9lY3DCLU3DWvUshho6hAX2hKKh.jpg,/rGpgCQbdWvAThLKASFlFWWPdj3r.jpg,15.9581,ja,TV,12,1,http://kabaneri.com,"Sayaka Senbongi, Tasuku Hatanaka, Yuki Kaji",,OFFICIAL TRAILER
61427,Kingdom,Ended,2014-10-08,0,"A raw family drama set against the world of Mixed Martial Arts (MMA) in Venice, California. Alvey Kulina owns Navy St. MMA with the help of his girlfriend Lisa Prince. He is willing to go through extraordinary means to make sure his fighters are taken care of, but all of this responsibility comes at a steep price. He has complicated relationships with both of his sons, Jay and Nate, who are both struggling with their own identities and places within Alveys life and gym.",6.8,123,Drama,"competition, sibling relationship, drug abuse, parent child relationship, training, sports, mixed martial arts (mma), in the closet, gym, ex-con, lower class",Kingdom,/xkRyopANOnO60KWm6DjozXlq9w4.jpg,/vzgIoCjNKDDpeEoDRqzTEwXPSo6.jpg,12.204,en,TV,40,3,http://kingdom.directv.com,"Frank Grillo, Jonathan Tucker, Nick Jonas",,Kingdom | Season 1 Marathon | AT&T AUDIENCE Network
123542,LINK CLICK,Returning Series,2021-04-30,23,"Using superpowers to enter their clienteles photos one by one, Cheng Xiaoshi and Lu Guang take their work seriously at “Time Photo Studio,” a small photography shop set in the backdrop of a modern metropolis. Each job can be full of danger, but nothing is more important than fulfilling every order, no matter the scale…or peril involved!",8.2,79,"Animation, Sci-Fi & Fantasy, Mystery","bromance, anime, suspense, time manipulation, animation, urban fantasy, donghua, original net animation (ona), qihuan, zhiyu",时光代理人,/hCt2bLRGTCjHGqtV5FP3Img6w1h.jpg,/w3agwUSMpJ4X9t1jGrDtqqRPjDQ.jpg,15.834,zh,TV,29,3,https://www.bilibili.com/bangumi/media/md28230742/,"Su Shangqing, Yang Tianxiang, Li Shimeng",Li Haoling,Link Click Opening | Dive Back in Time by the JAWS
231003,Lazarus,Returning Series,2025-04-06,25,"In 2052, a Nobel Prize-winning neuroscientist develops a drug called Hapuna — a cure-all that has the unexpected side-effect of causing death three years later. In response to this threat, a special force of agents—nicknamed ""Lazarus""— is assembled to take on the malevolent Skinner.",9.2,11,"Animation, Sci-Fi & Fantasy, Action & Adventure","fugitive, criminal underworld, task force, miracle drug, neuroscientist, anime, near future",Lazarus,/j5Tvg6cF4jM2nB9YrjQ3Jiq3PBn.jpg,/1WxpAZfoW8B2sIfWND81GdTHm4G.jpg,23.1733,en,TV,13,1,https://www.adultswim.com/videos/lazarus,"Mamoru Miyano, Makoto Furukawa, Maaya Uchida",,Early Preview: Prison Break
258579,Let This Grieving Soul Retire,Returning Series,2024-10-01,24,"Six childhood friends make a vow one day to become treasure hunters, and eventually grow to be the strongest heroes in the world. During his first quest, Krai Andrey realizes he isnt cut out for the job. Even so, his friends make him their leader. Underpowered in the face of great expectations, Krai embarks on a reluctant heros tale of glory, headaches, and wanting to retire early.",7.2,19,"Animation, Comedy, Sci-Fi & Fantasy","magic, harem, coming of age, demon, super power, dungeon, anime, treasure hunter, based on light novel",嘆きの亡霊は引退したい,/egViTAdBqUyUFI2sIBsGbnH5Sun.jpg,/q5MecncRkHxOsOrlpzfNSUstxGg.jpg,5.2844,ja,TV,14,2,https://nageki-anime.com,"Kensho Ono, Miyu Kubota, Fairouz Ai",,Official Trailer [Subtitled]
13967,Liar Liar,Ended,2007-04-14,43,"Nao Kanzaki, a student, was blackmailed into joining a ""Liar Game"" and ended up losing 100 million yen. In order to repay the debt, she enlists the help of Shin'ichi Akiyama, a genius swindler who was only recently released from jail for bankrupting one of Japan's largest scam companies.",7.8,59,"Drama, Crime","japan, secret organization, friendship, genius, psychopath, revenge, deception, betrayal, debt, scam, based on manga, game, ex-con, lying, mind game, drastic change of life, strategy game, mind games, intellectual game, cheat each other, deceive, chance to make big bucks",Liar Game,/oSaZVSF5exQKXHIDotbTqA8ZntJ.jpg,/sxZfrfSJ0rXDpoLCDty6UMWNF6Q.jpg,6.4753,ja,TV,22,2,https://www.fujicreative.co.jp/for_buyers/more_info/tabid/106/pdid/193/Default.aspx,"Shota Matsuda, Erika Toda, Michiko Kichise",,
259558,Loner Life in Another World,Ended,2024-09-27,0,"Isekai'd into another world, Haruka makes use of seemingly underpowered skills to live as a lone wolf.",7.474,19,"Animation, Action & Adventure, Sci-Fi & Fantasy","magic, parallel world, shounen, anime, isekai, fantasy, based on light novel, necromancy",ひとりぼっちの異世界攻略,/i3xDZvuOp4Zm2OTDG6vaiu5ITQ5.jpg,/zaHjiOt7wK1XnNYyFgotqHvHkYH.jpg,4.5032,ja,TV,12,1,https://bocchi-kouryaku.com,"Shuichiro Umeda, Haruka Shiraishi, Rika Abe",,Dub Trailer
210942,Lookism,Ended,2022-12-08,0,"In a society that favors good looks, a high school outcast leads a double life switching between his two bodies that are polar opposites in appearance.",8.4,262,"Comedy, Drama, Animation","body-swap, high school student, web series, based on webcomic or webtoon, aeni, original net animation (ona), based on manhwa, lookism",외모지상주의,/qkoM63HDuCOSwxGfb0pljrgns9I.jpg,/vjvL4LCLMxOcFOuaYLPQMtAEFJ0.jpg,5.2602,ko,TV,8,1,https://www.netflix.com/title/81177634,"Shim Kyu-hyuck, Han Shin, Ryu Seung-gone",,Official Trailer [Subtitled]
230697,Love Is Indivisible by Twins,Ended,2024-07-10,24,"Jun Shirosakis love life takes a wild turn when he finds himself caught between the Jinguji twins—his childhood friends who are as different as night and day. Rumi, the older sister, pairs a boyish charm with a maidens heart, while Naori combines girlish looks with her deep love for otaku culture. As feelings grow and confusion mounts, Jun must navigate this unexpected love triangle next door.",7.9,11,"Animation, Comedy, Drama","love triangle, romance, slice of life, school, twins, school life, anime, japanese high school, love polygon, based on light novel",恋は双子で割り切れない,/3Q8w7vkPG3byxJk8eUX5fnRtgTo.jpg,/3DYvPcIeyXL69yw43CEPpnKXbEW.jpg,3.0274,ja,TV,12,1,https://futakire.com,"Shogo Sakata, Moeha Nochimoto, Maaya Uchida",,Official Trailer [Subtitled]
204832,MASHLE MAGIC AND MUSCLES,Returning Series,2023-04-08,24,"In the magic realm, magic is everything—everyone can use it, and ones social status is determined by their skill level. Deep in the forest, oblivious to the ways of the world, lives Mash. Thanks to his daily training, hes become a fitness god, but he harbors a secret that could turn his life upside down—he cant use magic! When hes found out, rather than his life being over, hes unexpectedly enrolled in magic school, where he must beat the competition!",8.351,511,"Animation, Comedy, Action & Adventure, Sci-Fi & Fantasy","martial arts, magic, parody, school, based on manga, combat, shounen, anime, magic school",マッシュル-MASHLE-,/yORTvQOQTZzZ9JRIpRH4QaIaQBm.jpg,/p1swd15DRtCnNj20U904dbXeVsi.jpg,22.4315,ja,TV,24,1,https://mashle.pw,"Chiaki Kobayashi, Reiji Kawashima, Kaito Ishikawa",,S2 Opening | Bling-Bang-Bang-Born - Creepy Nuts
244617,MAYONAKA PUNCH,Ended,2024-07-08,24,"Meet Masaki, the now former member of the popular NewTuber group, Harikiri Sisters. After a career setback, aka getting fired unexpectedly via a livestream, she joins forces with Live, a partner with superhuman abilities. Together, they aim to create sensational content and reach 1 million subscribers. Will they reach their content dreams or be hit with the block button?",8.1,9,"Animation, Comedy","anime, youtuber",真夜中ぱんチ,/swn5NHufGGFOYShducrbaHN9Oyb.jpg,/7RwDgiCDe7MLPlwtK6CIqMEWjXh.jpg,2.3274,ja,TV,12,1,https://mayopan.jp/,"Ikumi Hasegawa, Fairouz Ai, Yuina Ito",,Official Trailer [Subtitled]
72636,Made in Abyss,Ended,2017-07-07,24,"Located in the center of a remote island, the Abyss is the last unexplored region, a huge and treacherous fathomless hole inhabited by strange creatures where only the bravest adventurers descend in search of ancient relics. In the upper levels of the Abyss, Riko, a girl who dreams of becoming an explorer, stumbles upon a mysterious little boy.",8.405,529,"Animation, Drama, Action & Adventure, Sci-Fi & Fantasy","android, amnesia, post-apocalyptic future, exploration, friendship, mecha, gore, survival, curse, tragedy, orphan, based on manga, robot, dark fantasy, seinen, mysterious, anime, drastic change of life, fantasy, adventure",メイドインアビス,/f6U3odfIb3pCXMGKRTQGGF9o1Qg.jpg,/uzp513qTcHsAavlCJ58x5d73bzy.jpg,10.709,ja,TV,25,2,http://miabyss.com,"Miyu Tomita, Mariya Ise",,MADE IN ABYSS English Dub Trailer
43018,Maison Ikkoku,Ended,1986-03-26,26,"Godai is a ronin (someone who has failed university entrance exams) living in a run down apartment house called Maison Ikkoku. Among the other residents are the nosy Ichinose, the sexy Akemi Roppongi, and the mysterious Yotsuya. The others are given to having wild parties which makes it difficult for Godai to study. Into this mayhem comes the recently widowed Kyoko as the new live-in manager. Godai falls for her, but doesn't have the nerve to tell her. As time passes, their relationship slowly d...",7.7,27,"Animation, Comedy, Romance","slice of life, based on manga, anime",めぞん一刻,/6jN5iROb8bwm8RSjeKw4OXh93Xo.jpg,/jZWjMz1ltf32tV42T41s1LtyHvC.jpg,10.4476,ja,TV,96,4,,"Issei Futamata, Sumi Shimamoto, Shigeru Chiba",,Maison Ikkoku TV Series DVD Trailer (English)
241535,Makeine Too Many Losing Heroines,Returning Series,2024-07-14,24,"Meet the girls on the losing side of romance! First is Anna Yanami, the girl-next-door type who cant say no to delicious food. Then theres Lemon Yakishio, a beautiful and spirited athlete. Last but not least is Chika Komari, the cute yet shy heroine with gentle charm. Together, they navigate awkward setbacks hoping to finally find love!",8.7,40,"Animation, Comedy","romcom, slice of life, unrequited love, school, shounen, anime, based on light novel",負けヒロインが多すぎる！,/oRsm8wiA9QJHT4YNpU7jzsyujAS.jpg,/j0jWgU0irCQvfnUQfugLwyTJHoq.jpg,7.4009,ja,TV,12,2,https://makeine-anime.com,"Shuichiro Umeda, Hikaru Tono, Shion Wakayama",,Official Trailer [Subtitled]
237529,Medalist,Returning Series,2025-01-05,23,"Tsukasa Akeuraji, a frustrated skater, meets Inori Yuitsuka, a girl who yearns to be a figure skater. Motivated by Inori's obsession on the rink, Tsukasa begins coaching Inori. Inori's talent blossoms, and Tsukasa becomes a brilliant mentor. Together they aim to make her a glorious medalist!",8.556,18,"Animation, Drama","competition, olympic games, training, sports, figure skating, based on manga, ice skating, seinen, anime, winter sport, spokon",メダリスト,/cdV6n9VnvlhwlcAr3OneuSn3XeD.jpg,/lUZ6ThctsCMee63Cu02F1F6rgC1.jpg,5.6923,ja,TV,13,2,https://medalist-pr.com,"Natsumi Haruse, Takeo Otsuka",,
216467,Mission Yozakura Family,Returning Series,2024-04-07,25,"Taiyo Asano has been on his own ever since his parents died and the only one who seems to care for him is his childhood friend and classmate, Mutsumi Yozakura. But Mutsumi has a secret—she is the head of a family of spies! And on top of that, her brother Kyoichiro is dangerously protective of her! To stop Kyoichiro from killing him, Taiyo and Mutsumi must take the ultimate leap—marriage! Because in the Yozakura family, family cannot kill family.",7.4,44,"Animation, Comedy, Action & Adventure","spy, secret organization, marriage, based on comic, romance, based on manga, family, shounen, anime, teen spy, espionnage, thriller",夜桜さんちの大作戦,/dTtXbR0DenriganfBidZxFLk4Xx.jpg,/xUC6mdVESvJN2umz8mNxKn89Htf.jpg,10.6067,ja,TV,28,2,https://mission-yozakura-family.com,"Reiji Kawashima, Kaede Hondo, Katsuyuki Konishi",,
222783,Monster But Wild,Returning Series,2023-04-16,20,"The player Dongdong mistakenly entered the game world ""Azure"" and changed into a skeleton, the weakest wild creature. The unidentified Dongdong used his years of gaming experience to amass a band of wild monsters early on. He met the main character, Bubble, made a deal with her to become her strongest pet, and then set off on an amusing and thrilling adventure with Bubble and his new pals in ""Azure."" The phenomenon of NPCs and wild monsters in the game gradually awakening and yearning for the hu...",6.0,3,"Animation, Action & Adventure, Comedy, Sci-Fi & Fantasy","isekai, 3d animation, web series, based on webcomic or webtoon, based on manhua, donghua",区区不才，在下野怪,/e4SLnzWxyyiMgYkKux3A61RMVu0.jpg,/dEfRwWoudmdIdraP7V05wa9XjoX.jpg,1.2705,zh,TV,28,2,https://www.bilibili.com/bangumi/media/md28339947,,,
203740,Moonrise,Ended,2025-04-10,0,"After rebel forces attack Earth, a carefree heir becomes the prime suspect and joins a special military unit to find the true mastermind on the Moon.",7.8,5,"Animation, Action & Adventure, Sci-Fi & Fantasy","moon, space war, army, rebellion, young man, moon colony, space prison, anime, not too distant future",ムーンライズ,/mqok8du6LvnaigAJo5omAq1BPye.jpg,/n04uGTRs8bB7PTHj48o7y3YSGKx.jpg,23.0719,ja,TV,18,1,https://www.netflix.com/title/81251383,"Chiaki Kobayashi, Yuto Uemura, Kosuke Takaguchi",,Official Trailer [Subtitled]
100281,Moriarty the Patriot,Ended,2020-10-11,24,"In the late 19th century, the British Empire nobility reigns while its working class suffers at their hands. Sympathetic to their plight, William James Moriarty wants to topple it all. Frustrated by the systemic inequity, Moriarty strategizes to fix the entire nation. Not even consulting detective Sherlock Holmes can stand in his way. Its time for crime to revolutionize the world!",8.4,209,"Animation, Mystery","detective, anti hero, revenge, mafia, tragedy, bromance, based on manga, historical, aristocracy, anime, victorian era, psychological, suspense, ships, foreign",憂国のモリアーティ,/lLcmshfrLg7JUMwMCnp5fuNqtoQ.jpg,/en2X3XWGiUwZFe9pH9r06Si3Nbh.jpg,11.6331,ja,TV,24,1,https://moriarty-anime.com/,"Soma Saito, Takuya Sato, Chiaki Kobayashi",,Official Trailer [Subtitled]
42830,Moribito Guardian of the Spirit,Ended,2007-04-07,25,"Balsa the spearwoman is a wandering warrior, who takes on the task of saving lives, in atonement for a past sin. On her journey, she happens to save a prince, and is tasked with becoming his bodyguard. And he is going to need one, for his own father, the emperor, wants him dead. Throughout the story, Balsa's past will come to light and they will uncover mysteries about Chagum's condition while developing a family-like relationship with each other and others.",7.8,57,"Animation, Action & Adventure, Sci-Fi & Fantasy, Drama","anime, adventure",精霊の守り人,/1AfvVo4mtAfmn7kjdpk3rlFgdm7.jpg,/ahSGkcH1QmrxmNJxY9nAOzIjjfA.jpg,3.6352,ja,TV,26,1,http://www6.nhk.or.jp/anime/program/detail.html?i=moribito,"Mabuki Ando, Naoto Adachi, Koji Tsujitani","Shoutarou Suga, Kenji Kamiyama",Official Extended Trailer
222784,Mr Villains Day Off,Ended,2024-01-08,24,"As a member of a malevolent organization, the General is tasked with invading Earth and wiping out humanity. Even an extraterrestrial being like him, however, needs a chance to rest. Not even the Rangers—a team solely dedicated to defeating the General and his colleagues—will stand in the way of him visiting pandas at the zoo, buying ice cream at the convenience store, and enjoying his well-deserved day off from committing evil deeds.",6.688,16,"Animation, Comedy","based on manga, anime, iyashikei",休日のわるものさん,/qilXdGCROmS07J0rnqYYusPa0KY.jpg,/dieAKtr4AuTaANZ9B54dt38RKyi.jpg,2.1991,ja,TV,12,1,https://www.vap.co.jp/warumonosan-anime/,"Shintaro Asanuma, Soma Saito, Yuichi Nakamura",,Official Trailer [Subtitled]
94664,Mushoku Tensei Jobless Reincarnation,Returning Series,2021-01-11,24,"A 34-year-old hikikomori is kicked out of his home by his family after the death of his parents. After his eviction, he saves a group of teenagers from being killed by a speeding truck, but loses his life in the process. When he comes to, he realizes he has been reborn as Rudeus Greyrat, in a world of swords and sorcery.",8.542,1259,"Action & Adventure, Animation, Sci-Fi & Fantasy","magic, teleportation, reincarnation, polygamy, harem, romance, displacement, second chance, fantasy world, seinen, ecchi, anime, search for mother, neet, life challenges, other world, sword and sorcery, isekai, otaku, erotic, fantasy, based on web novel, based on light novel, teleport, adventure, reincarnated in another world",無職転生 ～異世界行ったら本気だす～,/gLKOYIMyKlUHW0SVdskhgf9C0yy.jpg,/j9fRIimor0AMFJR9kjZubXcABzZ.jpg,38.7627,ja,TV,47,3,https://mushokutensei.jp,"Yumi Uchiyama, Tomokazu Sugita, Konomi Kohara",,Official Trailer
229609,My Daughter Left the Nest and Returned an S Rank Adventurer,Ended,2023-10-06,24,"The young adventurer Belgrieve retires to a quieter life after losing his leg to a beast. While gathering herbs in the woods one day, he rescues an abandoned child. Angeline trains with her father and later achieves S-Rank in the capitals adventurer guild. Five years later, she decides to return home. Will Belgrieve get another chance at being an adventurer? Will Angeline return home unscathed?",6.6,19,"Animation, Comedy, Action & Adventure, Sci-Fi & Fantasy","fantasy world, adventurer, anime, based on light novel",冒険者になりたいと都に出て行った娘がSランクになってた,/21RbBglma8tFhKBLX2UxfZ4DT8X.jpg,/r65DFW2YePjqKjsjVRVkTNokqs1.jpg,3.094,ja,TV,13,1,https://s-rank-musume.com,"Saori Hayami, Junichi Suwabe, Maki Kawase",,Official Trailer [Subtitled]
248866,My Deer Friend Nokotan,Ended,2024-07-07,24,"Koshi Torako has everyone fooled. Her classmates see her as the perfect honor student, unaware of her secret delinquent past. But her new picturesque school life is thrown into chaos when she bumps into Shikanoko Noko, a girl with antlers! Mayhem seems to follow this strange doe-eyed girl. Who, or what, is she?",8.085,59,"Animation, Comedy","high school, deer, slapstick comedy, school, based on manga, shounen, anime, absurdist, school club, comedy",しかのこのこのここしたんたん,/dTNjwQLaclazxqx21voA50185Ri.jpg,/wd9FCguhc8MQDUZG7Pz2klzGBOL.jpg,4.9828,ja,TV,12,1,https://www.anime-shikanoko.jp/,"Megumi Han, Saki Fujita, Rui Tanabe",,Official Trailer 2 [EN SUB]
123249,My Dress Up Darling,Returning Series,2022-01-09,24,"Wakana Gojo is a high school boy who wants to become a kashirashi--a master craftsman who makes traditional Japanese Hina dolls. Though he's gung-ho about the craft, he knows nothing about the latest trends, and has a hard time fitting in with his class. The popular kids--especially one girl, Marin Kitagawa--seem like they live in a completely different world. That all changes one day, when she shares an unexpected secret with him, and their completely different worlds collide.",8.488,736,"Animation, Comedy, Drama","adolescence, high school, romance, slice of life, based on manga, cosplay, seinen, ecchi, anime, otaku, erotic, romantic",その着せ替え人形は恋をする,/A6mxBwvvv63JXZm3xXKv4SugE0L.jpg,/gWPK2RIVJ6i3myf7Xdw8DqlznT8.jpg,9.3751,ja,TV,13,2,https://bisquedoll-anime.com,"Hina Suguta, Shoya Ishige, Atsumi Tanezaki",,Official Trailer
280110,My Hero Academia,Returning Series,2025-04-07,24,"Koichi Haimawari is a dull college student who aspires to be a hero but has given up on his dream. Although 80% of the worlds population has superhuman powers called Quirks, few are chosen to become heroes and protect people. Everything changes for Koichi when he and Pop☆Step are saved by the vigilante Knuckleduster and get recruited to become vigilantes themselves!",7.375,4,"Animation, Action & Adventure, Drama, Sci-Fi & Fantasy, Crime","hero, vigilante, based on manga, spin off, super power, shounen, anime",ヴィジランテ -僕のヒーローアカデミア ILLEGALS-,/iv0cXt6uJGlTryWZNQMGyum4Pme.jpg,/dfmwYLPYG0KGKP9vrWgRskB35KW.jpg,18.5406,ja,TV,13,1,https://vigilante-anime.com,"Shuichiro Umeda, Ikumi Hasegawa, Yasuhiro Mamiya",,Official Trailer 2 [Subtitled]
250596,My Wife Has No Emotion,Ended,2024-07-02,24,"Takuma isnt the most exciting guy. Hes awkward, single, and does nothing but go to work and come home. Tired of doing chores, he decides to buy a housekeeping robot named Mina. She can cook and clean perfectly, and the two get to know each other better over time. Soon, Takuma starts to fall for Mina! But could a robot ever love him back?",6.9,8,"Animation, Sci-Fi & Fantasy, Drama, Comedy","android, based on manga, robot, anime, human android relationship",僕の妻は感情がない,/ttaknfJP0qjg7kMKwH0w29fcE6d.jpg,/cQGq1oRSORK1xHnAvli4qXOBOTJ.jpg,3.1825,ja,TV,12,1,https://bokutsuma-anime.com,"Toshiyuki Toyonaga, Konomi Inagaki, Yoshino Aoyama",,Official Trailer [Subtitled]
69500,Natsumes Book of Friends,Ended,2008-07-08,24,"Natsume Takashi has the ability to see spirits, which he has long kept secret. However, once he inherits a strange book that belonged to his deceased grandmother, Reiko, he discovers the reason why spirits surround him.",8.1,84,"Animation, Comedy, Mystery","human animal relationship, exorcism, friendship, supernatural, afterlife, high school, slice of life, curse, orphan, based on manga, spirit, demon, high school student, exorcist, folklore, school life, heart warming, youkai, shoujo, japanese mythology, shinto, anime, japanese high school, iyashikei",夏目友人帳,/c4B2NFHFH0N8W7ovMsxiGIj7Fgp.jpg,/xHjRfQIRlxug491JrKiEYl9vHM1.jpg,13.248,ja,TV,86,7,http://www.natsume-anime.jp,"Hiroshi Kamiya, Kazuhiko Inoue, Eiji Itoh",,Natsumes Book of Friends Season 7 | OFFICIAL TRAILER
158373,NieR Automata Ver1 1a,Ended,2023-01-08,24,"The distant future, 5012.The sudden aerial invasion of Earth by Aliens and their creations Machine Lifeforms led mankind to the brink of extinction. The surviving number of humans who took refuge on the moon to organize a counterattack using android soldiers to recapture Earth.However, the war reaches a stalemate as the Machine Lifeforms continue to multiply infinitely. In turn, humanity deploys anew unit of android soldiers as an ultimate weapon: YoRHaNewly dispatched to Earth ...",8.05,129,"Animation, Action & Adventure, Sci-Fi & Fantasy","android, future, invasion, dystopia, alien, robot, based on video game, military, anime, war",NieR:Automata Ver1.1a,/qHSCYOXHV3EKXKkMxUvC9rGx4Av.jpg,/bGRKHQsmLUz2hQB8W3nYnCIc9Y0.jpg,14.6451,ja,TV,24,1,https://nierautomata-anime.com,"Yui Ishikawa, Natsuki Hanae, Ayaka Suwa",,Promotion File 008 [Subtitled]
202284,Ninja Kamui,Ended,2024-02-11,24,"A team of assassins exacts a bloody retribution on Joe Logan  a former ninja who escaped his clan  and his family for betraying their ancient code. Rising from his seeming ""death,"" Joe will re-emerge as his former self  Ninja Kamui  to avenge his family and friends and bring down the very clan that made him.",8.328,294,"Animation, Action & Adventure","ninja, miniseries, anime, serious, intense",Ninja Kamui,/A7mYSloFonDcQtHTqyLqEg9rIkh.jpg,/3nmDXGCDcHbtP3Rw4vi9RD3cmmX.jpg,17.2419,en,TV,13,1,https://www.adultswim.com/videos/ninja-kamui,"Kenjiro Tsuda, Atsushi Ono",,Official Trailer
205743,No Longer Allowed in Another World,Ended,2024-07-09,0,"Pulled into an otherworldly adventure with cute sidekicks and superpowers, youd think Osamu hit the jackpot. Nope! From a time before pixels, the early 20th-century gloomy author just wants to find a quiet place to meet his maker, not to rack up XP. Sadly, his poetic demise is constantly thwarted by inconvenient heroics. Dive into the hilariously tragic life of the most reluctant hero!",7.769,26,"Animation, Comedy, Drama, Sci-Fi & Fantasy","suicide, reincarnation, supernatural, romance, slice of life, based on manga, historical, seinen, anime, isekai",異世界失格,/bO39Vo712EVr7nxKi1X4xk4GxEm.jpg,/xOffg6d0o3XqdaZkhQApBhm1lEH.jpg,3.8842,ja,TV,12,1,https://isekaishikkaku.com,"Hiroshi Kamiya, Rumi Okubo, Sayumi Suzushiro",,Official Trailer [Subtitled]
45527,Nodame Cantabile,Ended,2007-01-12,23,"Shinichi Chiaki is a first class musician whose dream is to play among the elites in Europe. Coming from a distinguished family, he is an infamous perfectionist; not only is he highly critical of himself, but of others as well. The only thing stopping Chiaki from leaving for Europe is his fear of flying. As a result, he's grounded in Japan.During his 4th year at Japan's top music university, Chiaki happens to meet Noda Megumi—or as she refers to herself, Nodame. On the surface, she seems to be...",8.1,34,"Animation, Drama, Comedy","paris, france, europe, musician, classical music, slapstick comedy, romcom, romance, slice of life, coming of age, based on manga, university, school life, orchestra conductor, anime, prodigy, josei, music",のだめカンタービレ,/cInelIGreu0mrUnA6F0YN2bRQEc.jpg,/heO0fDQB2EgHKTUvErj74ohM6Fz.jpg,11.4877,ja,TV,45,3,,"Tomokazu Seki, Ayako Kawasumi, Sayaka Ohara",,Nodame Cantabile Trailer
288817,One Piece Log Fish Man Island Saga,Ended,2024-11-03,24,One Piece: Fish-Man Island Saga is a retouched and condensed version of the One Piece anime adaptation of the Fish-Man Island Saga.,0.0,0,"Animation, Action & Adventure","conspiracy, pirate, class conflict, fishman, one piece, shonen, shōnen",ONE PIECE 魚人島編,/daJe7gK7NnaFgoCczd04YpQwg6U.jpg,/fcZgMdgWi42DIbEZXNRLKEpDthF.jpg,4.6774,ja,TV,21,1,,"Mayumi Tanaka, Kazuya Nakai, Akemi Okamura",Momoka Toyoda,
63926,One Punch Man,Returning Series,2015-10-05,24,"Saitama is a hero who only became a hero for fun. After three years of “special” training, though, he's become so strong that he's practically invincible. In fact, he's too strong — even his mightiest opponents are taken out with a single punch, and it turns out that being devastatingly powerful is actually kind of a bore. With his passion for being a hero lost along with his hair, yet still faced with new enemies every day, how much longer can he keep it going?",8.4,3699,"Animation, Comedy, Action & Adventure","cyborg, martial arts, monster, karate, supernatural, superhero, based on comic, parody, social commentary, alien invasion, fighting, super power, zero to hero, seinen, anime, ganges, based on webcomic or webtoon, joyous, witty, amused, joyful, optimistic, sympathetic",ワンパンマン,/jbYJuxfZMpYDalkiOnBcCv9TaL.jpg,/s0w8JbuNNxL1YgaHeDWih12C3jG.jpg,25.4771,ja,TV,24,3,https://onepunchman-anime.net/,"Makoto Furukawa, Kaito Ishikawa, Hiroki Yasumoto",,Opening | THE HERO!! Set Fire to the Furious Fist - JAM Project [CC]
210945,Onimusha,Ended,2023-11-02,0,"With a demonic, soul-consuming weapon in hand, can a legendary swordsman and a samurai brotherhood defeat a bloodthirsty zombie uprising?",7.706,68,"Animation, Action & Adventure, Sci-Fi & Fantasy","based on video game, zombie apocalypse, anime, original net animation (ona)",鬼武者,/lfRmDHegR8OpU3859lBz9YHgD79.jpg,/7HNkjJlC3Vk6hQ4zMAJC2CcGqMO.jpg,2.3097,ja,TV,8,1,https://www.netflix.com/title/81153116,"Akio Otsuka, Hochu Otsuka, Daiki Yamashita",,Exclusive Clip [Subtitled]
223121,Ooku The Inner Chambers,Ended,2023-06-29,0,"In an alternate history where the male population is nearly decimated, eligible men serve as concubines to the woman shogun inside the walls of the Ooku.",7.6,42,"Animation, Drama, Sci-Fi & Fantasy","romance, alternate history, based on manga, plague, edo period, shoujo, anime, male harem",大奥,/elhdgeFlJ4jvUGzaVEMweGY9vFS.jpg,/1fCFFQyUl29WiVVPW1IUw5QLMxu.jpg,2.4999,ja,TV,10,1,https://www.netflix.com/title/81464005,"Mamoru Miyano, Eriko Matsui, Yuki Kaji",,Mamoru Miyano and Eriko Matsui Go Behind the Scenes [Subtitled]
204635,Orb On the Movements of the Earth,Ended,2024-10-05,25,"After learning heretical teachings about the Earth and the Sun, a child prodigy searches for his master's hidden research while evading the Inquisition.",8.0,28,"Animation, Drama","religion, based on manga, historical, seinen, renaissance, anime, introspective, psychological, science",チ。―地球の運動について―,/crV1eBtpI5F4nlMwzrBrh4zZuFV.jpg,/o5GDX8zmKLpOxRkBoAonoQL8gbg.jpg,7.0101,ja,TV,25,1,https://anime-chi.jp/,,,
203737,Oshi No Ko,Returning Series,2023-04-12,0,"Dr. Goro is reborn as the son of the young starlet Ai Hoshino after her delusional stalker murders him. Now, he wants to help his new mother rise to the top, but what can a child do about the dark underbelly of the entertainment industry?",8.349,258,"Animation, Drama","trauma, reincarnation, supernatural, based on comic, revenge, based on manga, showbiz, seinen, mysterious, acting, celebrity worship, anime, idol group, music, idol",【推しの子】,/okbW9NdKRNKgIUTVA8YZAUGwIUx.jpg,/gArCVC4ML529WMCEqOXbALdQbUq.jpg,18.7902,ja,TV,24,1,https://ichigoproduction.com/,"Takeo Otsuka, Yurie Igoma, Megumi Han",,Trailer 2 [Subtitled]
101972,Our Last Crusade or the Rise of a New World,Returning Series,2020-10-04,24,"For years, a great war has raged on between the scientifically advanced Empire and a paradise of witches known as the Nebulis Sovereignty. This age-old battle sets the scene for a fateful encounter between two young combatants: an imperial swordsman, Iska, and the witch princess, Aliceliese. As sworn enemies, they vow to cut each other down in order to unite their worlds, and yet Iska finds himself entranced by her beauty and righteousness, while Aliceliese is moved by his strength and resolve. ...",8.255,231,"Animation, Action & Adventure, Sci-Fi & Fantasy, War & Politics","witch, magic, romance, military, fantasy world, anime, based on light novel",キミと僕の最後の戦場、あるいは世界が始まる聖戦,/1VtaTXsHTRfh8m49OVJfMb4JVuh.jpg,/gjUkdl62eBtxAl4L4Xurm5UBZ0x.jpg,7.7813,ja,TV,24,2,https://kimisentv.com,"Yusuke Kobayashi, Sora Amamiya, Kaori Ishihara",,Star-crossed lovers Iska and Alice must choose between loyalty and passion in this Limited Edition!
64196,Overlord,Ended,2015-07-07,24,"In the year 2138, virtual reality gaming is booming. Yggdrasil, a popular online game is quietly shut down one day. However, one player named Momonga decides to not log out. Momonga is then transformed into the image of a skeleton as ""the most powerful wizard."" The world continues to change, with non-player characters (NPCs) beginning to feel emotion. Having no parents, friends, or place in society, this ordinary young man Momonga then strives to take over the new world the game has become.",8.5,984,"Animation, Sci-Fi & Fantasy, Action & Adventure","magic, virtual reality, supernatural, game, online gaming, anime, munchkins, based on light novel",オーバーロード,/aSjpVCanDAwCopdjIgWwrxOWnWf.jpg,/q5WJxYTXNNJdEHxFCqd3S8pO4VA.jpg,23.9932,ja,TV,52,4,http://overlord-anime.com,"Satoshi Hino, Yumi Hara, Sumire Uesaka",,Opening | Clattanoia - OxT [Subtitled]
77701,PERSONA5 the Animation,Ended,2018-04-08,24,"Ren Amamiya is about to enter his second year after transferring to Shujin Academy in Tokyo. Following a particular incident, his Persona awakens, and together with his friends, they form the “Phantom Thieves of Hearts” to reform hearts of corrupt adults by stealing the source of their distorted desires. Meanwhile, bizarre and inexplicable crimes have been popping up one after another… Living an ordinary high school life in Tokyo during the day, the group maneuvers the metropolitan city as Phant...",7.7,87,"Animation, Action & Adventure, Comedy, Drama, Sci-Fi & Fantasy, Crime","supernatural, vigilante, thief, tokyo, japan, super power, based on video game, masked vigilante, talking cat, anime, japanese high school, phantom thief",PERSONA5 the Animation,/xnXLS9SPVK6jg0YNTJDGia7w1t5.jpg,/2nQJ07Fe53JKqzvebE9PpPDgkIi.jpg,8.0611,ja,TV,26,1,https://p5a.jp/,"Jun Fukuyama, Ikue Otani, Mamoru Miyano",,PERSONA5 the Animation English Dub Trailer
91997,PLUTO,Ended,2023-10-26,0,"When the world's seven most advanced robots and their human allies are murdered one by one, Inspector Gesicht soon discovers that he's also in danger.",7.896,188,"Animation, Sci-Fi & Fantasy, Mystery, Crime","artificial intelligence (a.i.), android, futuristic, mecha, based on manga, robot, seinen, murder mystery, anime, reinterpretation, psychological, astro boy, original net animation (ona), complicated",PLUTO,/agf5sETjlO35s3EDA7wwGliZ5UW.jpg,/oz3LT9glLNWpSQACnWlIYoSZA5M.jpg,7.4081,ja,TV,8,1,https://pluto-anime.com,Shinshu Fuji,,Shoutout From Toshihiko Seki [Subtitled]
203045,Paradox Live THE ANIMATION,Ended,2023-10-03,24,"Saturated in hip hop culture comes the birth of a new movement known as ""Phantom Live."" Each of the artists have a metal accessory known as ""Phantom Metal"" which chemically reacts to the wearer's emotions to produce an image, setting a magnificent stage for enthusiastic youths. With legendary club ""CLUB paradox"" hosting the mysterious Paradox Live, four teams: BAE, The Cat's Whiskers, cozmez and Akanyatsura each receive an invitation to participate, each with their own genre of music in a race t...",4.7,6,"Animation, Drama","anime, near future, battle rap, music",Paradox Live THE ANIMATION,/tlPG08mmtFPb6K0PpymddXvuzzt.jpg,/7o116hjdaWQzEaRT4SfH4F6nohN.jpg,4.9538,ja,TV,12,1,https://paradoxlive.jp/animation,"Gakuto Kajiwara, Ryota Takeuchi, Yusuke Kobayashi",,Official Trailer [Subtitled]
46388,Persona4 the ANIMATION,Ended,2011-10-07,25,"Persona4 the ANIMATION is a television anime series produced by AIC ASTA and directed by Seiji Kishi, based on the Persona 4 video game by Atlus. The story revolves around the protagonist, Yu Narukami, who acquires a mysterious power called ""Persona"" and embarks on a journey with his new friends to uncover the truth behind a bizarre series of murders involving a distorted TV World. The series aired in Japan between October 2011 and March 2012, with a compilation film released in June 2012 and an...",7.7,34,"Animation, Sci-Fi & Fantasy, Action & Adventure, Mystery, Crime","detective, small town, supernatural, school, battle, super power, based on video game, murder mystery, anime, japanese high school",Persona4 the ANIMATION,/kg0dC0WcV5OWyViLfZueO9LnLPt.jpg,/d9hSHnUK7L9d4fExDG3EXn6JL8J.jpg,8.4827,ja,TV,25,1,http://www.p4a.jp/,"Daisuke Namikawa, Showtaro Morikubo, Yui Horie",,Opening 1 | sky's the limit - Shihoko Hirata [Subtitled]
22254,Phantom Requiem for the Phantom,Ended,2009-04-02,24,"Mafia is rife in America where assassinations are a regular occurrence on the streets. Inferno, a mysterious company, is behind most of these dealings through the use of their near-invincible human weapon, ""Phantom.""One day, a Japanese tourist accidentally witnesses Phantom's latest murder. Desperate to escape, the tourist hides in a secluded building. However, Phantom, revealed to be a young woman named Ein, and the leader of Inferno ""Scythe Master"" captures the tourist and brainwashes him....",7.2,31,"Animation, Action & Adventure","anime, suspense",ファントム レクイエム・フォー・ザ・ファントム,/tkA2spPJbtaDvx2qz0rQC5af5HR.jpg,/1nsuwlNHIWV8xKpGigOxKoG2Jp9.jpg,6.4144,ja,TV,26,1,http://www.phantom-r.jp/,"Miyu Irino, Ayahi Takagaki, Miyuki Sawashiro",,
80652,Pokemon,Ended,2015-10-04,30,Japanese variety show about everything Pokémon.,8.0,2,"Comedy, Family",variety show,ポケモンの家あつまる？,/7bXFubYGZI6TVRofCdyiZcNdBgJ.jpg,/hOhEURIRevlcintg1E6Ofv0G4hg.jpg,48.6925,ja,TV,332,1,http://www.tv-tokyo.co.jp/anime/pokenchi/,"Abareru-kun, Shoko Nakagawa, Rinka Otani",,
261298,Possibly the Greatest Alchemist of All Time,Ended,2025-01-08,24,"Iruma Takumi finds himself caught up in a hero summoning, even though hes not a hero. Summoned by mistake to Mildgard, a fantasy world of swords and magic, Takumi is given a chance to start over. Though he dreams of a peaceful life, the goddess Nolyn grants him “alchemy,” an ultra-powerful skill that allows him to create anything from holy swords to flying ships. His reluctant adventure begins!",7.6,17,"Animation, Sci-Fi & Fantasy, Action & Adventure","magic, slice of life, alchemy, anime, isekai, person in a strange world, based on light novel, overpowered protagonist",いずれ最強の錬金術師？,/4TyTS9O7ECH3mXpazQ6GpJXCqNm.jpg,/qDQt2pdwyWEWWWTBVBDo2UhYODc.jpg,26.3283,ja,TV,12,1,https://izuresaikyo-pr.com,"Shogo Sakata, Ai Kayano, Nao Toyama",,
224753,Pseudo Harem,Ended,2024-07-05,24,"Eiji Kitahama joins the drama club with dreams of having a harem like the ones from his favorite manga. Rin Nanakura, an underclassman, finds herself crushing hard on Eiji, and tries on different personas in his presence to win him over. No matter how she acts, one thing is certain—her feelings for Eiji continue to grow stronger. Will she ever be able to tell him the truth and be herself?",8.16,25,"Animation, Comedy","high school, romcom, romance, slice of life, based on manga, shounen, acting, anime, japanese high school, comedy, romantic",疑似ハーレム,/2qk71WwLTwKUjORZTdlMWpkLngp.jpg,/O73v49LoRycd7wv3Eme7heciZv.jpg,4.5474,ja,TV,12,1,https://gijiharem.com,"Nobuhiko Okamoto, Saori Hayami, Mai Narumi",,
43865,Psycho Pass,Ended,2012-10-12,28,"Psycho-Pass is set in a futuristic era in Japan where the Sibyl System, a powerful network of psychometric scanners, actively measures the biometrics of its citizens' minds. The resulting assessment is called a Psycho-Pass. When the calculated likelihood of an individual committing a crime, measured by the Crime Coefficient index, exceeds an accepted threshold, he or she is pursued, apprehended, and either arrested or decomposed by the field officers of the Crime Investigation Department of the ...",7.8,403,"Animation, Crime, Sci-Fi & Fantasy, Action & Adventure","japan, detective, future, dystopia, police, gore, cyberpunk, gunfight, torture, terrorism, criminal, xenophobia, angst, zero to hero, seinen, anime, psychological, suspense",PSYCHO-PASS サイコパス,/xHFMsGXdjXJDXMQvHhh7owu7TGr.jpg,/2HtnTJLs3CDUTu6ug8rib5vNnU2.jpg,16.2052,ja,TV,41,3,https://psycho-pass.com,"Yuki Kaji, Kana Hanazawa, Yuichi Nakamura",,https://www.youtube.com/watch?v=kwmXh1IzV3g
222925,Quality Assurance in Another World,Ended,2024-07-06,0,"When a dragon attacks a peaceful village, its not the beast that perplexes resident Nikola, but the man who comes to their aid. Haga, member of a secret royal team of investigators, intrigues her with his eccentric ways. It may be due to the fact hes a real-life QA debugger and this world is a VR game! With Haga by her side, Nikolas inspired to venture out and learn her worlds true nature.",6.9,8,"Animation, Sci-Fi & Fantasy, Comedy","based on manga, anime",この世界は不完全すぎる,/toNVPhr8BpCbJ4LUGdiOGJpcy80.jpg,/hrX0xZNEN4E9klCSDYS5xpZRuFm.jpg,1.6333,ja,TV,13,1,https://konofuka.com/,"Kaito Ishikawa, Hinaki Yano",,Official Trailer 2 [Subtitled]
74237,Rakshasa Street,Ended,2017-08-02,30,"Xia Ling is a recent college graduate who is still trying to find a job. When she gets a text message for a job interview at a company located on Rakshasa Street, she runs out first before stopping to think about how strange it is to have a job interview so late at night. But before she knows it, she has crossed over a transitional dimension, the realm between the human world and hell.The guardian generals of Rakshasa Street are brothers Cao Yan Bing and Cao Xuan Liang, who come from a family ...",8.2,5,"Sci-Fi & Fantasy, Drama, Action & Adventure",,镇魂街,/lNdoWTBRQXsl2aIt55PjVOVXXBI.jpg,/wyZkIDSKbFOe5V538uuR7SMzbI9.jpg,3.9647,zh,TV,48,2,,"Hou Minghao, An Yuexi, Jiro Wang",,
259140,Ranma1 2,Returning Series,2024-10-06,23,"Akane Tendo meets her new fiancé, Ranma Saotome, a martial arts prodigy with a twist: he magically transforms into a girl upon touching cold water.",8.36,107,"Animation, Action & Adventure, Comedy, Sci-Fi & Fantasy","arranged marriage, harem, remake, based on comic, romcom, mixed martial arts (mma), curse, shounen, anime, absurdist, gender swap, love polygon, turned into animal",らんま1/2,/zQhwc27CWHM4zx9lJU9bI5FRQOm.jpg,/xMgzRUA1RjxLQn05oJ8IFbf06AO.jpg,7.1011,ja,TV,12,1,https://ranma-pr.com,"Kappei Yamaguchi, Megumi Hayashibara, Noriko Hidaka",,Official Trailer #2 [Subtitled]
82739,Rascal Does Not Dream of Bunny Girl Senpai,Returning Series,2018-10-04,24,"Puberty Syndrome—a rumored, mysterious syndrome that only affects those in their puberty. For example, a bunny girl suddenly appeared in front of Sakuta Azusagawa. The bunny girl's real identity is Mai Sakurajima, a teenage celebrity who is currently an inactive high school senior. For some reason, her charming figure does not reflect in the eyes of others. In the course of revealing the mystery behind this phenomenon, Sakuta begins to explore his feelings towards Mai. Set in a city where the sk...",8.556,1234,"Animation, Comedy, Mystery, Drama","supernatural, romance, school, anime, japanese high school, based on light novel, bewildered",青春ブタ野郎はバニーガール先輩の夢を見ない,/r0td1J4kALobMwjPKLGe7RwJ07o.jpg,/ffvaWDSYLcIQRCLFLG1a3lC0xPX.jpg,11.4066,ja,TV,13,2,https://ao-buta.com/tv/,"Kaito Ishikawa, Asami Seto, Nao Toyama",,Trailer 1 [Subtitled]
65942,Re ZERO Starting Life in Another World,Returning Series,2016-04-04,25,"Natsuki Subaru, an ordinary high school  student, is on his way home from the convenience store when he finds  himself transported to another world. As he's lost and confused in a new  world where he doesn't even know left from right, the only person to  reach out to him was a beautiful girl with silver hair. Determined to  repay her somehow for saving him from his own despair, Subaru agrees to  help the girl find something she's looking for.",7.8,500,"Animation, Comedy, Action & Adventure, Sci-Fi & Fantasy","magic, trauma, time travel, reincarnation, supernatural, gore, tragedy, time loop, fate, parallel world, death, mutilation, medieval, angst, loop, anime, bishoujo, butterfly effect, isekai, parallel universe, based on light novel",Re:ゼロから始める異世界生活,/aRwmcX36r1ZpR5Xq5mmFcpUDQ8J.jpg,/ai8bVS8Suvu4ErBhmgBvtESirBY.jpg,41.3432,ja,TV,66,1,http://re-zero-anime.jp/,"Yusuke Kobayashi, Rie Takahashi, Yumi Uchiyama",,Re:ZERO Season 1 - Blu-ray Limited Ed. Collection
66941,ReLIFE,Ended,2016-07-02,24,"Arata Kaizaki (27) quit the job he landed after graduation in only three months. His life did not go well after that. Now his parents are threatening to stop sending money, and want him to come back to the country. He has no friend or girlfriend to share his troubles with...as he hits rock bottom a strange man named Ryou Yoake appears. He invites Arata to join a societal rehabilitation program for NEETs called ReLife. This program uses a mysterious drug to make him look younger, and sends him ba...",7.548,168,"Animation, Comedy","secret organization, friendship, high school, bullying, romance, slice of life, tragedy, coming of age, based on manga, school life, angst, anime, drastic change of life, japanese high school",ReLIFE,/aRK64bB8hMsuZZnitebPyKqOR5d.jpg,/oxLu3qleFPp7T1U17adAQADJt7Q.jpg,7.8353,ja,TV,13,1,http://relife-anime.com,"Kensho Ono, Ai Kayano, Ryohei Kimura",,Opening | Button - PENGUIN RESEARCH
114868,Record of Ragnarok,Returning Series,2021-06-17,0,"Before eradicating humankind from the world, the gods give them one last chance to prove themselves worthy of survival. Let the Ragnarok battles begin.",8.461,1700,"Action & Adventure, Animation, Sci-Fi & Fantasy","fight, mythology, god, survival, tournament, historical fiction, based on manga, combat, super power, seinen, anime, valkyrie, original net animation (ona)",終末のワルキューレ,/kTs2WNZOukpWdNhoRlH94pSJ3xf.jpg,/iq5L971DFW1SwLJdvl7OpPI1QeZ.jpg,13.1363,ja,TV,27,3,https://ragnarok-official.com,"Miyuki Sawashiro, Tomoyo Kurosawa, Wataru Takagi",,Official Trailer 2 [Subtitled]
99071,Redo of Healer,Ended,2021-01-13,24,"In a world of monsters, adventurers and magic, some of the most gifted healers are subjugated to brute force. Keyaru gains the ability to rewind time and turns the tables on those whove exploited him in this dark fantasy tale of vengeance and fury.",8.4,966,"Animation, Action & Adventure, Sci-Fi & Fantasy, Drama, Crime","rape, orgy, magic, harem, rape of a male, revenge, romance, gore, politically incorrect, pervertion, erased memory, mutilation, fantasy world, dark fantasy, seinen, ecchi, anime, sex, based on light novel, adventure",回復術士のやり直し,/9T7TT0w92RbeRP5QSnNq81HHxde.jpg,/injrIOMNCQv4kTNX6hWa1QlyKoK.jpg,21.8434,ja,TV,12,1,http://kaiyari.com/,"Yuya Hozumi, Ayano Shibuya, Shizuka Ishigami",,Kaifuku Jutsushi no Yarinaoshi ( Redo of Healer ) Official Trailer [Eng Sub]
134667,Reincarnated as a Sword,Returning Series,2022-09-28,24,"Reincarnated as a sentient weapon with memories of his past life, but not his name, a magical sword saves a young beastgirl from a life of slavery. Fran, the cat-eared girl, becomes his wielder, and wants only to grow stronger, while the sword wants to know why he is here. Together, the strange duo's journey has only just begun!",7.595,58,"Animation, Comedy, Sci-Fi & Fantasy","based on novel or book, magic, reincarnation, combat, shounen, anime, isekai, based on light novel, adventure",転生したら剣でした,/yZ3VZVc7iyF7KtIjERBGEedVXqA.jpg,/fo5qwDAVqY7j2jmL350WKjk6kmi.jpg,9.1959,ja,TV,13,2,https://tenken-anime.com,"Shin-ichiro Miki, Ai Kakuma, Ami Koshimizu",,Trailer [Subtitled]
1042,Revolutionary Girl Utena,Ended,1997-04-02,24,Utena is a tomboyish school girl who attends the prestigious Ohtori Academy. Her strong sense of chivalry pulls her into a series of duels with other members of the Student Council for the possession of the Rose Bride.,8.6,55,"Animation, Drama, Mystery, Sci-Fi & Fantasy","sibling relationship, sexual identity, adolescence, swordplay, symbolism, role reversal, surrealism, role playing, metaphysics, coming of age, cross dressing, orphan, incest, gender roles, teenage sexuality, lgbt, female hero, dual role, cross dresser, sword duel, shoujo, shoujo-ai, anime, gender identity, yuri, psychological, girls love, magical girl",少女革命ウテナ,/riqymWBPqKmWpIvS3lVDYjZhwQ5.jpg,/802aSsZzIyOhbaL1bt19gp0RVYq.jpg,6.9025,ja,TV,39,1,http://utena20th-event.com,"Tomoko Kawakami, Yuriko Fuchizaki, Takehito Koyasu",,Blu-Ray Teaser Trailer
202282,Rick and Morty The Anime,Returning Series,2024-08-16,0,"It's life mostly as usual for the Smith family. Rick is in a pseudo-world, Summer helps Space Beth and Morty's in love. And they're all an anime.",5.44,50,"Animation, Sci-Fi & Fantasy, Action & Adventure","based on cartoon, spin off, questioning, aftercreditsstinger, anime, complicated, familiar",Rick and Morty: The Anime,/kQFPw9W3EO6ZLhg3TI782edq9Fr.jpg,/dhb5lfSpElYIaLLyJjeswn2dfnl.jpg,5.6019,en,TV,10,1,https://www.adultswim.com/videos/rick-and-morty-the-anime,"Yohei Tadano, Keisuke Chiba, Akiha Matsui",,Early Preview: Two Jerrys
208730,Romantic Killer,Ended,2022-10-27,27,"Living her best single life, romance is the last thing on Anzu's mind — until a tiny match-making wizard suddenly turns her life into a clichéd romcom.",8.437,167,"Animation, Comedy","based on comic, romcom, romance, matchmaking, teenage girl, group of friends, wizard, anime, original net animation (ona)",ロマンティック・キラー,/ocCtP4MdXE0keyfmrt6X4JRbhmy.jpg,/vy4ogEDRNuwIzMa9Sz0JihnKlqV.jpg,4.8506,ja,TV,12,1,https://www.netflix.com/title/81318888,"Rie Takahashi, Mikako Komatsu, Yuuichirou Umehara",,Rie Takahashi (Anzu) Countdown [Subtitled]
210879,Rurouni Kenshin,Returning Series,2023-07-07,23,"Ten years have passed since the end of Bakumatsu, an era of war that saw the uprising of citizens against the Tokugawa shogunate. The revolutionaries wanted to create a time of peace, and a thriving country free from oppression. The new age of Meiji has come, but peace has not yet been achieved. Swords are banned but people are still murdered in the streets. Orphans of war veterans are left with nowhere to go, while the government seems content to just line their pockets with money.",8.4,113,"Animation, Action & Adventure","japan, assassin, samurai, exile, politics, remake, based on comic, vagabond, based on manga, historical, ronin, shinsengumi, shounen, anime, meiji period, wandering, bushi, bakumatsu, ishin shishi, kasei culture",るろうに剣心 －明治剣客浪漫譚－,/9qvWdco2AsLvl6xIwUEh0MbyG4E.jpg,/xV0Xro8G20SgxYfGrXun26k7eVp.jpg,17.5661,ja,TV,47,1,https://rurouni-kenshin.com,"Soma Saito, Rie Takahashi, Taku Yashiro",,English Dub Main Trailer
207332,SAKAMOTO DAYS,Returning Series,2025-01-11,0,"Once the greatest hitman of all, Taro Sakamoto retired in the name of love. But when his past catches up, he must fight to protect his beloved family.",8.119,155,"Animation, Comedy, Action & Adventure","assassin, fight, hitman, parody, psychic power, based on manga, family, shopkeeper, shounen, anime",SAKAMOTO DAYS,/wRpCqsJFyKNuh5FMegNPrhzp2NF.jpg,/blSthAPRbEOJBowdxppeQqNPRh9.jpg,35.6419,ja,TV,22,1,https://sakamotodays.jp,"Tomokazu Sugita, Nobunaga Shimazaki, Ayane Sakura",,Final Trailer
239478,SAND LAND THE SERIES,Ended,2024-03-20,24,"Sand Land is a mysterious world where demons and humans eke out an existence in a barren desert wasteland. In hopes of replenishing their water supply, Fiend Prince Beelzebub, a demon named Thief, and a human named Sheriff Rao team up and embark on a journey in search of the Legendary Spring.",8.1,54,"Animation, Action & Adventure, Sci-Fi & Fantasy, Comedy","martial arts, supernatural, steampunk, based on manga, shounen, anime, original net animation (ona)",SAND LAND: THE SERIES,/fxBu818TRNHjHkUwGQctH775Ro3.jpg,/tMt8J6w3z9H2CPboV5vf3eL9GN7.jpg,3.405,ja,TV,13,1,https://sandland.jp/theseries,"Mutsumi Tamura, Kazuhiro Yamaji, Cho",,Official Trailer [Subtitled]
243501,SHOSHIMIN How to Become Ordinary,Returning Series,2024-07-07,23,"Kobato decides to become an honest, humble citizen after enduring a bitter experience known as “wisdom work.” He forms a pact with Osanai, his classmate with the same goal, and they plan to enter high school leading quiet lives. But for some reason, inexplicable events and disasters keep happening around them. Will Kobato and Osanai ever manage to live ordinary, peaceful lives?",7.4,18,"Animation, Mystery","high school, slice of life, school, school life, anime, japanese high school, mysterious events, based on light novel",小市民シリーズ,/qYSvfn7OyVNB78ylL0m0Jw3oOrl.jpg,/9i8iQUIi5xAgmxULATmRD87XAq6.jpg,10.8542,ja,TV,14,1,https://shoshimin-anime.com,"Shuichiro Umeda, Hina Youmiya, Makoto Furukawa",,Official Trailer [Subtitled]
211709,SHY,Ended,2023-10-03,24,"On the brink of a third World War, superheroes appeared on Earth. Gifted with powers, their appearance brings peace to the world. The heroes each selected a country in which they would reside, serve, and protect its citizens. Shy is Japans hero, endowed with super strength. Her most daunting enemy yet? Crippling shyness. Join Shy and her super friends as she defends Earth and gains confidence!",6.4,23,"Animation, Action & Adventure, Sci-Fi & Fantasy","shyness, superhero, based on comic, paranormal, paranormal phenomena, paranormal investigation, self-doubt, superhero team, paranormal activity, masked superhero, shounen, anime, teen superhero, japanese girl hero, superhero teamup, special ability, paranormal events",SHY,/vskzblCarM8QXmWQfH4RwNOfiTk.jpg,/sA6L9bRLVpFEtralQY5UQmgsHOD.jpg,4.4316,ja,TV,24,1,https://shy-anime.com,"Shino Shimoji, Nao Toyama, Tomokazu Sugita",,Official Trailer [Subtitled]
120089,SPY x FAMILY,Returning Series,2022-04-09,24,"World peace is at stake and secret agent Twilight must undergo his most difficult mission yet—pretend to be a family man. Posing as a loving husband and father, he'll infiltrate an elite school to get close to a high-profile politician. He has the perfect cover, except his wife's a deadly assassin and neither knows each other's identity. But someone does: his adopted daughter, who's a telepath!",8.555,2006,"Animation, Comedy, Action & Adventure","spy, assassin, adoption, secret mission, secret organization, espionage, slice of life, mind reading, based on manga, family, shounen, anime",SPY×FAMILY,/gHZqglFWJTFwx6rnTq4vkPRnuxu.jpg,/lysUnU6V0VfcthDbviuVlIqgHOR.jpg,38.2239,ja,TV,38,3,https://spy-family.net/tvseries,"Takuya Eguchi, Atsumi Tanezaki, Saori Hayami",,Yor's Secret [English DUB]
1063,Samurai Champloo,Ended,2004-05-20,24,"Break-dancing but fierce warrior Mugen has to deal with the cold-blooded and conceited Jin, a samurai who believes he is above all. These sworn enemies are brought together by Fuu for a special task.",8.3,676,"Action & Adventure, Animation, Comedy, Drama","hip-hop, samurai, obsessive quest, shounen, anime, changing era, introspective, intense, adventure",サムライチャンプルー,/lYpHeSm7BcUxAbBx1ucuEH7oGAe.jpg,/aZRGh7ccNAdqQWhHypvlT9UuXjZ.jpg,7.3093,ja,TV,26,1,https://www.newgin.co.jp/pub/machine/champloo/,"Ayako Kawasumi, Kazuya Nakai, Ginpei Sato",,Samurai Champloo (Samurai chanpurû) (2004-2005) Trailer
31665,School Rumble,Ended,2004-10-05,24,"While there is a decided lack of rumble in School Rumble, theres more hilarious humdingers than any single dinger can hum… Look that one up! And while there is a truck full of pigs, a giraffe, flying saucers and crazy dream sequences, none of thats even close to what this shows about. (Though I would probably watch that show, too!)Heres what you need to know: Sophomore cutie Tenma is completely crushed on classmate Karasuma past the point of freakin out. Tough guy Harima, with his own del...",7.818,44,"Animation, Comedy","slice of life, school, based on manga, speculative, anime",スクールランブル,/uuldZxy7SRvSvOfRBZObKTMfmtP.jpg,/3VGz44Ce7i8E001DUzkvHpRHDV2.jpg,6.1059,ja,TV,52,2,https://www.tv-tokyo.co.jp/anime/school-rumble,"Ami Koshimizu, Hiroki Takahashi, Yui Horie",,School Rumble - Most Awesomest Collection 12/8 - Trailer
79141,Scissor Seven,Returning Series,2018-04-25,16,"Seeking to recover his memory, a scissor-wielding, hairdressing, bungling quasi-assassin stumbles into a struggle for power among feuding factions.",8.584,714,"Animation, Comedy, Action & Adventure, Sci-Fi & Fantasy","martial arts, fighting, wuxia, wonder, advanture, fantasy, passionate, donghua, comedy, qihuan",刺客伍六七,/rCxPTLTfcNhgD8F6VwKxfCAAbf8.jpg,/nPhrJRN1U95NJiOfwtGF2GlZP4a.jpg,20.4696,zh,TV,50,5,https://www.bilibili.com/bangumi/media/md6360,"Xiaofeng He, Duan Yixuan",,
113808,Seirei Gensouki Spirit Chronicles,Ended,2021-07-06,24,"His past life and current life are intersecting--a boy with memories of two lives faces his destiny! After his mother was killed at an early age, the orphaned Rio fought his hardest to survive in the slums. One day, he awakens to the memories of Haruto Amakwa, who died in an accident while dreaming of being reunited with his childhood friend, and Rio realizing he has reincarnated in a world of swords and sorcery.",8.3,217,"Animation, Drama, Action & Adventure, Sci-Fi & Fantasy","martial arts, based on novel or book, swordplay, magic, reincarnation, harem, romance, tragedy, transmigration, spirit, combat, fantasy world, anime, sword and sorcery, isekai, based on light novel, adventure, romantic, teen fantasy",精霊幻想記,/hGPvfuGJfWrH0i5bKJcR1xJI1cD.jpg,/dP5vSU1u7bSjUwZxxcqYGfgtIGa.jpg,18.7012,ja,TV,24,2,https://seireigensouki.com,"Yoshitsugu Matsuoka, Ayaka Suwa, Akane Fujita",,Seirei Gensouki: Spirit Chronicles | OFFICIAL TRAILER
239761,Senpai Is an Otokonoko,Ended,2024-07-05,23,"For Makoto Hanaoka, lifes about to get more complicated. Saki Aoi, a lively girl with loads of confidence, confesses her love for Makoto one day. When he fails to reciprocate, Saki declares she will be his first love! She shares her goal with a mutual friend, Ryuji Taiga, who also confesses his crush on Makoto. Stuck in a love triangle, Makoto must find a way to make it work and have fun.",8.083,12,"Animation, Drama, Comedy","romance, cross dressing, based on manga, school life, anime, japanese high school",先輩はおとこのこ,/dBfctTb5Anaz33sJr1TKihHaxTm.jpg,/wQcy20hJw1u1yw1zLN7Q1uWbpmu.jpg,2.4605,ja,TV,12,1,https://senpaiha-otokonoko.com/tv/,"Shuichiro Umeda, Akira Sekine, Yuma Uchida",,Official Trailer 3 [Subtitled]
1087,Serial Experiments Lain,Ended,1998-07-06,24,"Lain—driven by the abrupt suicide of a classmate—logs on to the Wired and promptly loses herself in a twisted mass of hallucinations, memories, and interconnected-psyches.",8.205,546,"Animation, Drama, Sci-Fi & Fantasy, Mystery","dementia, computer, internet, cyberpunk, cyberspace, angst, seinen, anime, virtual world, internete, psychological, suspense, internet connection, psychological horror, depressed, horror, depressing",serial experiments lain,/2eAPjPjkkiF10vOiHjECRIDXqtd.jpg,/vGIxAJUD3dILgxNOij4RWCm5O7Y.jpg,6.6123,ja,TV,13,1,https://www.nbcuni.co.jp/rondorobe/anime/lain,"Kaori Shimizu, Yoko Asada, Ayako Kawasumi",,Serial Experiments Lain - Anime Classics - Available Now - Trailer
205050,Shangri La Frontier,Returning Series,2023-10-01,24,"Rakuro Hizutome only cares about one thing: beating crappy VR games. He devotes his entire life to these buggy games and could clear them all in his sleep. One day, he decides to challenge himself and play a popular god-tier game called Shangri-La Frontier. But he quickly learns just how difficult it is. Will his expert skills be enough to uncover its hidden secrets?",8.1,143,"Animation, Action & Adventure, Comedy, Sci-Fi & Fantasy","virtual reality, gamer, based on manga, fantasy world, shounen, anime, mmorpg, virtual world, video games, based on web novel, adventure, ambivalent, teen fantasy, vrmmo",シャングリラ・フロンティア,/aCGdpgNkgz66R1winFkTFsMAhlC.jpg,/yErVUZkLVak2ICxFC7mMfl3vcNP.jpg,32.6183,ja,TV,50,1,https://anime.shangrilafrontier.com,"Yuma Uchida, Azumi Waki, Yoko Hikasa",,Official Trailer 3 [Subtitled]
63102,Shin Captain Tsubasa,Ended,1989-07-01,30,"Shin CT takes place at the U-16 word cup in France. After some friendly matches in Germany, Japan defeats one opponent after another and finally reaches the final round against Germany. After hard matches against Italian and French top players, the German team seems to be even more supreme. The giant goal keeper Moeller, the all round ace Kalz and Europe's best player and forward Schneider offer the Japanese team an extremely hard match, but in the end Japan wins 3:2.",7.036,14,"Animation, Action & Adventure","football (soccer), based on manga, anime, prodigy, spokon",新・キャプテン翼,/pdJFjI7OFcNrUuQoslGKSKtUpZU.jpg,/wIq3EmyGZ7GuWQSxfB9JBwGU8wN.jpg,1.8494,ja,TV,13,1,,"Akari Hibino, Hirotaka Suzuoki, Koichi Hashimoto",,
127532,Solo Leveling,Returning Series,2024-01-07,24,"They say whatever doesnt kill you makes you stronger, but thats not the case for the worlds weakest hunter Sung Jinwoo. After being brutally slaughtered by monsters in a high-ranking dungeon, Jinwoo came back with the System, a program only he could see, thats leveling him up in every way. Now, hes inspired to discover the secrets behind his powers and the dungeon that spawned them.",8.631,1080,"Animation, Action & Adventure, Sci-Fi & Fantasy","magic, survival, combat, super power, hunting, dungeon, anime, level up, based on webcomic or webtoon, cultivation, based on web novel, based on manhwa, progression fantasy",俺だけレベルアップな件,/geCRueV3ElhRTr0xtJuEWJt6dJ1.jpg,/odVlTMqPPiMksmxpN9cCbPCjUPP.jpg,168.0894,ja,TV,25,1,https://sololeveling-anime.net,"Taito Ban, Genta Nakamura, Haruna Mikawa",,Official Trailer 4 [Subtitled]
229676,Spice and Wolf MERCHANT MEETS THE WISE WOLF,Returning Series,2024-04-02,24,"Lawrence is a traveling merchant selling various goods from a horse-drawn cart. One day, he arrives at a village and meets a beautiful girl with the ears and tail of an animal! Her name is Holo the Wisewolf and she brings bountiful harvests. She wishes to return to her homeland, and Lawrence offers to take her. Now, the once-lonely merchant and the once-lonely wisewolf begin their journey north.",8.1,36,"Animation, Sci-Fi & Fantasy, Drama, Action & Adventure","work, god, remake, romance, travel, merchant, seinen, fox spirit, anime, based on light novel, adventure, admiring, antagonistic, bold",狼と香辛料 MERCHANT MEETS THE WISE WOLF,/fxzL2EWdiv19eZAoC8s7zuGCJG1.jpg,/Ao8SbtYJbxBuzFTQFSdHF7lLmDE.jpg,11.3716,ja,TV,26,2,https://spice-and-wolf.com/,"Jun Fukuyama, Ami Koshimizu",,Official Trailer 2 [Subtitled]
194986,Spy Classroom,Ended,2023-01-05,24,"Spy-in-training Lily is desperate to score a passing grade. Eager to prove herself, she leaps at the chance to join the mysterious team Lamplight and beat the Impossible Mission. Too bad the task ahead is even more harrowing than she imagined…",6.6,29,"Animation, Comedy, Mystery, Action & Adventure","spy, espionage, harem, romance, school, school life, seinen, anime, war",スパイ教室,/cjZL1z71AbNWVSs3ZpBcZ0LWac6.jpg,/7hdvBiy99fcgMr48eTKonL3ISWS.jpg,8.6679,ja,TV,24,1,https://spyroom-anime.com,"Sora Amamiya, Miku Ito, Nao Toyama",,Spy Classroom Official Trailer 2
114478,Star Wars Visions,Returning Series,2021-09-22,0,This anthology of animated shorts from around the world celebrates the mythos of Star Wars through unique cultural lenses.,7.2,388,"Animation, Sci-Fi & Fantasy, Action & Adventure","galaxy, anthology, space opera",Star Wars: Visions,/6NgLGcOHscy6yLXpKCQi4Mz1yVa.jpg,/285SD5D2xE2x0W96dYHyRNF2YNK.jpg,10.3094,en,TV,27,3,https://www.disneyplus.com/series/star-wars-visions/5AiiTRJ7OaKg,,,English Dub Trailer
42509,Steins Gate,Ended,2011-04-06,24,"A group of friends have customized their microwave so that it can send text messages to the past. As they perform different experiments, an organization named SERN who has been doing their own research on time travel tracks them down and now the characters have to find a way to avoid being captured by them.",8.4,813,"Animation, Sci-Fi & Fantasy, Mystery, Comedy","technology, secret organization, time travel, time machine, romance, mad scientist, conspiracy, tragedy, time loop, angst, seinen, anime, based on visual novel, butterfly effect, psychological",Steins;Gate,/5DZix6ggRiFEbsGqUeTAI1z2wtX.jpg,/gDvxT2z6TNxervG97WfpePRZ3aR.jpg,12.2891,ja,TV,24,1,http://steinsgate.tv/index.html,"Mamoru Miyano, Asami Imai, Kana Hanazawa",,Steins;Gate | Anime Trailer [HD] | 2011
78102,Steins Gate 0,Ended,2018-04-12,23,"The dark untold story of Steins;Gate that leads with the eccentric mad scientist Okabe, struggling to recover from a failed attempt at rescuing Kurisu. He decides to give up and abandons his lively scientist alter ego, in pursuit to forget the past. When all seems to be normal, he is seemingly pulled back into the past by meeting an acquaintance of Kurisu, who tells him that they have begun testing a device that stores the memory of a human and creates a simulation of them with their characteris...",8.021,241,"Sci-Fi & Fantasy, Animation, Drama","secret organization, time travel, time machine, mad scientist, anime",シュタインズ・ゲート ゼロ,/9u07yBllJTBRIcYxnfbgUxougk5.jpg,/7B4PGxWt9NrcFCEAegLSEuSyAeS.jpg,7.175,ja,TV,23,1,http://steinsgate0-anime.com,"Mamoru Miyano, Sayuri Yahagi, Asami Imai",,Trailer (Own It 7/2)
83708,Stellar Transformation,Returning Series,2018-10-05,25,"In a galaxy far away, there is a kid without innate ability to practice internal techniques. So, in order to gain the respect of his father, he resolutely chooses to follow the more difficult and painful path of practicing external techniques. As the years go by, he grows up, but what really changes his life is a mysterious meteoric crystal stone  the Meteoric Tear. This stone fuses with the young mans body unnoticed, and he seems to undergo drastic transformations as a result. After that, eve...",7.9,10,"Animation, Drama, Sci-Fi & Fantasy, Action & Adventure","martial arts, romance, historical, fantasy world, 3d animation, web series, donghua, based on web novel",星辰变,/i5l3cYbXYOlHWabtyexmVafxuL8.jpg,/ebFJAugBWQyOgZsFSNQrfIF27uC.jpg,10.0728,zh,TV,108,6,http://v.qq.com/detail/0/0s8n49g3g1rv1oz.html,"Yuan Weng, Shen Dawei, Jingxia Liu",,
229926,Suicide Squad Isekai,Ended,2024-06-27,24,"In the crime-ridden city of Gotham, Amanda Waller, the head of A.R.G.U.S., assembles a group of notorious criminals—Harley Quinn, Deadshot, Peacemaker, Clayface and King Shark—for a mission into an otherworldly realm that's connected to this world through a gate. It's a realm of swords and magic where orcs rampage and dragons rule the skies. Can Harley Quinn and her crew conquer this perilous realm?",7.6,76,"Animation, Action & Adventure, Sci-Fi & Fantasy","explosive, based on comic, anime, isekai",Suicide Squad Isekai,/AbVwsBJnLoqJzPJn8dlGFSGfygy.jpg,/gMk4uyWJnsgauRIjJyE63ECDTNa.jpg,4.8329,en,TV,10,1,https://suicidesquad-isekai.com,"Anna Nagase, Reigo Yamaguchi, Takehito Koyasu",,Official Trailer 3 [Subtitled]
117933,Summer Time Rendering,Ended,2022-04-15,24,"Upon hearing of Ushio's death, Shinpei returns to his hometown of Wakayama City on Hitogashima and reunites with his childhood friend's family. The funeral goes smoothly, but under the surface something strange is brewing on the island. What mysteries await him on this secluded summer island?",8.2,140,"Animation, Drama, Mystery","time travel, supernatural, romance, based on manga, summer vacation, high school student, hard, mysterious, aggressive, anime, desperate, malicious, suspense, grand, critical, complicated, exhilarated, harsh, tragic",サマータイムレンダ,/m9e7chRW8Q8Go1Dv00RCUHbMoNe.jpg,/p2eZlGwd8OjkWpwD2hSoBiIlHBZ.jpg,10.2905,ja,TV,25,1,https://summertime-anime.com,"Natsuki Hanae, Anna Nagase, Saho Shirasu",,
279182,Super Cube,Returning Series,2025-03-21,20,"In an accident, an ordinary boy, Wang Xiaoxiu, obtains a space system called ""Superpower Cube"" from a high-latitude cosmic civilization and gains extraordinary powers. When the school belle, Shen Yao, Wang Xiaoxius longtime crush, confesses her love to him, the delinquent Sun Jun, who also has a crush on her, is provoked. Wang Xiaoxiu resolves the crisis with his wit and extraordinary powers, but it also brings more disasters as a result. Shen Yao is taken to the world of extraordinary beings b...",9.0,10,"Animation, Action & Adventure, Sci-Fi & Fantasy","artificial intelligence (a.i.), super power, cube, anime, web series, based on webcomic or webtoon, based on manhua, donghua, 2d animation",超能立方,/bkeiYRYgQjJBItx9x3Fnia2XT3t.jpg,/89qSKhLrJOUhp6xgbqgSTpzblbA.jpg,50.4957,zh,TV,12,1,https://iqiyi.com/a_1cgy1ao7255.html,"Xinran Yang, Ye Zhiqiu, Jiang Yingjun",,【ANIMATION】SUPER CUBE 超能立方 超凡篇 TRAILER
45782,Sword Art Online,Ended,2012-07-08,24,"In the near future, a Virtual Reality Massive Multiplayer Online Role-Playing Game (VRMMORPG) called Sword Art Online has been released where players control their avatars with their bodies using a piece of technology called Nerve Gear. One day, players discover they cannot log out, as the game creator is holding them captive unless they reach the 100th floor of the game's tower and defeat the final boss. However, if they die in the game, they die in real life. Their struggle for survival starts...",8.187,1907,"Animation, Sci-Fi & Fantasy, Action & Adventure","video game, artificial intelligence (a.i.), based on novel or book, magic, fairy, virtual reality, friendship, sword fight, romance, survival, game, death match, alternative reality, angst, anime, mmorpg, isekai, virtual world, love polygon, trapped in a game, fantasy, based on light novel, adventure, vrmmo",ソードアート・オンライン,/9m8bFIXPg26taNrFSXGwEORVACD.jpg,/t61TOLBPE2hgtVF7FtRu4M1Tuq.jpg,19.8391,ja,TV,96,4,https://www.swordart-online.net/,"Yoshitsugu Matsuoka, Haruka Tomatsu, Hiroaki Hirata",,Opening 1 | Crossing Field - LiSA [Subtitled]
133154,Sword of the Demon Hunter Kijin Gentosho,Returning Series,2025-03-31,0,"In the Edo period, there was a shrine maiden called ""Itsukihime"" in the mountain village of Kadono. Jinta, a young man who acts as the shrine maiden's guardian despite being a stranger, encounters a mysterious demon who speaks of the far future in the forest where he went to defeat it. From Edo to the Heisei era, this huge Japanese fantasy series follows a demon man who travels through time while continuously questioning the meaning of wielding a sword.",10.0,1,"Animation, Sci-Fi & Fantasy, Drama","based on novel or book, samurai, time travel, supernatural, historical, mourning, edo period, curious, 19th century, anime, psychological, time manipulation, based on web novel, shrine maiden",鬼人幻燈抄,/8BNGnDKMaDvpmkTd6z9pQL97Upe.jpg,/7ylrebWFQZAHOW1TMGdhp9AfRp1.jpg,22.3966,ja,TV,24,1,https://kijin-anime.com,"Taku Yashiro, Saori Hayami, Reina Ueda",,Trailer [Subtitled]
236385,T P BON,Ended,2024-05-02,0,"After Bon accidentally intervenes in a Time Patrol case, he must join Agent Ream in saving innocent lives from the past — while watching history unfold.",7.6,16,"Animation, Action & Adventure, Drama, Sci-Fi & Fantasy","secret organization, time travel, based on manga, schoolboy, curious, anime, time-manipulation, complex, cautionary, helping people, original net animation (ona), compassionate",T・Pぼん,/13HE9ZZorQ3KLQrFW2KOH0dZLlW.jpg,/8JT2teOpP9Q8BD9R1sQKnZWG8Kb.jpg,5.2612,ja,TV,24,2,https://www.netflix.com/title/81497635,"Akihisa Wakayama, Mamoru Miyano, Tomoyo Kurosawa",,OP - Bon Bon Bon by Ryan Brahms [Subtitled]
239161,THE NEW GATE,Ended,2024-04-14,24,"When an online game turns real, trapping its players in its virtual space, the strongest of them, Shin, rises up to put a stop to the madness. But just moments after defeating the game's final boss, Origin, and freeing everyone, Shin is transported 500 years into the future of the in-game world. Armed with unrivaled strength, the young swordsman embarks on a legendary journey.",7.0,33,"Animation, Action & Adventure","reincarnation, based on manga, anime, isekai, based on light novel",THE NEW GATE,/neTGdBl851se6Vk9xGVIZ7N2jzJ.jpg,/pELpFSbW0zIjlbQy42DrTZyS8nE.jpg,5.3653,ja,TV,12,1,https://the-new-gate-pr.com,"Kensho Ono, Asami Seto, Kaede Hondo",,Official Trailer [Subtitled]
229302,TRILLION GAME,Ended,2023-07-14,46,"Two old friends go into business together  one's a master communicator, and the other's a great engineer. Their goal? To make a trillion dollars.",7.778,18,Drama,"business, investment, commercial war",トリリオンゲーム,/yKWo0HdvMBo0WRaaAVTBIAgT1tM.jpg,/1x1D5ysUDNKhodYwcpC4aygCudD.jpg,3.4373,ja,TV,10,1,https://www.tbs.co.jp/trilliongame_tbs/,"Ren Meguro, Hayato Sano, Mio Imada","Kentarō Takemura, Yoshiaki Murao, Daisuke Habara",目黒蓮主演！“全てを手に入れたい男” VS “全てを奪いたい女!?” 金曜ドラマ『トリリオンゲーム』7月14日よる10時【TBS】
195530,Tekken Bloodline,Ended,2022-08-18,28,"After losing his home to a powerful enemy, a hot-tempered fighter trains under his zealous grandfather while awaiting his chance for revenge.",7.5,172,"Action & Adventure, Sci-Fi & Fantasy, Animation","martial arts, revenge, based on video game, martial arts tournament, anime",Tekken: Bloodline,/bi3XOKS38K7FdH9nPtsZCcmeL1F.jpg,/gm2IfEvI6wphjmLbAwV32LopadU.jpg,3.5719,en,TV,6,1,https://www.netflix.com/title/81002441,"Kaiji Tang, Vivian Lu, Hiroshi Watanabe",,Opening Credits (Clean)
82684,That Time I Got Reincarnated as a Slime,Returning Series,2018-10-02,0,"37-year-old corporate worker Mikami Satoru is stabbed by a random killer, and is reborn to an alternate world. But he turns out to be reborn a slime! Thrown into this new world with the name Rimuru Tempest, he begins his quest to create a world thats welcoming to all races. Broken free from ordinary, stale past life, his fresh adventure in a fantasy world as a slime monster with unique abilities begins.",8.462,777,"Action & Adventure, Animation, Sci-Fi & Fantasy, Comedy","countryside, elves, underground, swordplay, magic, fairy, affectation, slime, reincarnation, friendship, afterlife, gore, dragon, demon, parallel world, super power, dungeon, extrasensory perception, goblin, heart warming, shounen, anime, drastic change of life, sword and sorcery, isekai, time skip, fantasy, based on light novel, adventure, admiring, reincarnated in another world",転生したらスライムだった件,/jQb1ztdko9qc4aCdnMXShcIHXRG.jpg,/xzjZDyqUobuJtkBljhgLH4Fdnye.jpg,21.7716,ja,TV,77,4,https://www.ten-sura.com/anime/tensura,"Miho Okasaki, Megumi Toyoguchi, Tomoaki Maeno",,Season 1 - Opening 2 | Meguru Mono
223564,The 100 Girlfriends Who Really Really Really Really REALLY Love You,Ended,2023-10-08,23,"Rentaro Aijo was rejected 100 times in middle school. He visits a shrine and prays for better luck in high school. The God of Love appears and promises that he'll soon meet 100 people he's destined to date. But there's a catch—once destiny introduces someone to him, the two must happily love each other. If they don't, they'll die. What will befall Rentaro and his 100 girlfriends in high school?",8.032,140,"Animation, Comedy, Sci-Fi & Fantasy","affectation, high school, polygamy, harem, god, romance, school, breaking the fourth wall, based on manga, drugs, school life, seinen, ecchi, anime, absurdist, japanese high school",君のことが大大大大大好きな100人の彼女,/ms7uowQ6gBjfaB2zzwugfr30IKZ.jpg,/pI5J1Xv2ehpuyPNNCGVR6QZ51z6.jpg,24.6343,ja,TV,24,1,https://hyakkano.com,"Wataru Katoh, Kaede Hondo, Miyu Tomita",,"Opening | To You Who I Really, Really, Really, Really, REALLY Love♡ - Kaede Hondo, Miyu Tomita, Mari"
99624,The 8th son Are you kidding me,Ended,2020-04-02,24,"Ichinomiya Shingo, an everyday twenty-five-year-old office worker, wakes up as Wendelin, the 8th son of an impoverished noble family out in the sticks. He soon despairs at his lack of succession rights and knowledge to navigate the political world, but finds hope in his aptitude for magic. This is the story of that young man earning his keep and his freedom through magic, with no world saving involved, and spending quite a while escaping his solitude. Ultimately, it is also the story of him bein...",7.7,123,"Animation, Action & Adventure, Sci-Fi & Fantasy, Comedy","based on novel or book, reincarnation, fantasy world, anime, isekai",八男って、それはないでしょう！,/vczlgbCyJPIzjhyyiI9mGVL1gTg.jpg,/1QhNiFUOhljlOmdDrDbi4UGmEWk.jpg,3.5832,ja,TV,12,1,http://hachinan-anime.com/,"Asuka Nishi, Junya Enoki, Daisuke Namikawa",,The 8th Son? Are You Kidding Me? | OFFICIAL TRAILER 2
73833,The Ancient Magus Bride,Ended,2017-10-08,24,"Hatori Chise has lived a life full of neglect and abuse, devoid of anything resembling love. Far from the warmth of family, she has had her share of troubles and pitfalls. Just when all hope seems lost, a fateful encounter awaits her. When a man with the head of a beast, wielding strange powers, obtains her through a slave auction, Chise's life will never be the same again.The man is a ""magus,""a sorcerer of great power, who decides to free Chise from the bonds of captivity. The magus then make...",8.4,392,"Animation, Sci-Fi & Fantasy","mythology, magic, fairy, slavery, forbidden love, friendship, supernatural, slice of life, curse, tragedy, coming of age, religion, dragon, based on manga, first love, dark fantasy, angst, heart warming, shounen, anime, drastic change of life, time skip",魔法使いの嫁,/8jnA4eaJLj3GByaYIw2JroVln40.jpg,/KI2sFvqJHzc95WM7dcX9kM8tY1.jpg,13.783,ja,TV,48,2,http://mahoyome.jp,"Atsumi Tanezaki, Ryota Takeuchi, Koki Uchiyama",,
220542,The Apothecary Diaries,Returning Series,2023-10-22,23,"Maomao lived a peaceful life with her apothecary father. Until one day, she's sold as a lowly servant to the emperor's palace. But she wasn't meant for a compliant life among royalty. So when imperial heirs fall ill, she decides to step in and find a cure! This catches the eye of Jinshi, a handsome palace official who promotes her. Now, she's making a name for herself solving medical mysteries!",8.709,313,"Animation, Drama, Mystery","detective, work, politics, female protagonist, maid, historical, lady in waiting, anime, medical, based on light novel",薬屋のひとりごと,/e3ojpANrFnmJCyeBNTinYwyBCIN.jpg,/uDdut2pbpX8NJsHF7MsCu6ipy4F.jpg,73.393,ja,TV,48,1,https://kusuriyanohitorigoto.jp,"Aoi Yuki, Takeo Otsuka, Katsuyuki Konishi",,Official Netflix Trailer [Subtitled]
229108,The Banished Former Hero Lives as He Pleases,Ended,2024-04-02,24,"Allen is banished from the Duchy of Westfeldt on account of his low level and lack of a god-given Gift, and all seems lost. But with his memories of a past life as a hero intact, Allen sees this twist of fate as a blessing—he can finally live his life as he pleases! That momentary peace is cut short when Allen saves his ex-fiancée, beginning a new saga for the banished former hero.",6.7,17,"Animation, Action & Adventure, Sci-Fi & Fantasy","swordplay, hero, magic, ex fiancé, banishment, reincarnation, fantasy world, past life, anime, ex fiancée, sword and sorcery, isekai, memories, based on light novel, past life memories",出来損ないと呼ばれた元英雄は、実家から追放されたので好き勝手に生きることにした,/gUDkHsNzkjTBQ55fS9pUO1ng7vk.jpg,/ulPhuyAA6Yd0k372vQhhj5BmyVM.jpg,3.1673,ja,TV,12,1,https://dekisoko-anime.com,"Shouta Aoi, Minami Kurisaka, Sora Amamiya",,Official Trailer [Subtitled]
274671,The Beginning After the End,Returning Series,2025-04-02,24,"After a mysterious death, King Grey is reborn as Arthur Leywin on the magical continent of Dicathen. Although he enters his second life as a baby, his previous wisdom remains. He begins to master magic and forge his own path as the years go by, seeking to correct the mistakes of his past life.",7.4,7,"Animation, Action & Adventure","elves, magic, reincarnation, based on comic, anime, sword and sorcery, isekai, epic fantasy",最強の王様、二度目の人生は何をする？,/az0jQSgRLezKw5uHaEjPH20NexD.jpg,/epPoqwhas9lhZasJ9yVYJod2GQa.jpg,27.2491,ja,TV,12,1,https://saikyo2dome-tbate.com,"Natsumi Fujiwara, Makoto Furukawa",,Official Trailer 2 [Subtitled]
45997,The Devil Is a Part Timer,Ended,2013-04-04,24,"Foiled by a hero when hes inches away from conquering the world, the devil finds himself in modern-day Tokyo. With no real-world skills to speak of, the devil is forced to make ends meet flipping burgers at a fast food joint! To stall any further plans of world domination, the hero tracks the devils trail and takes on the lowly tasks of a telemarketer.",7.5,261,"Animation, Comedy, Sci-Fi & Fantasy, Action & Adventure","based on novel or book, romance, demon, fast food, anime, isekai, reverse isekai, fantasy, based on light novel",はたらく魔王さま！,/55jYHFT8iJuASF8Mzg0V8Dh3N3M.jpg,/lQoR4D4TJRx4Rm87Jr0e8eQD8RB.jpg,8.5246,ja,TV,37,2,https://maousama.jp/,"Ryota Osaka, Yoko Hikasa, Nao Toyama",,The Devil is a Part-Timer! Clip: We're Gonna Die...
222623,The Elusive Samurai,Returning Series,2024-07-06,24,"Set between the Kamakura and Muromachi periods, during the Kenmu Restoration, the story follows the tale of Hojo Tokiyuki, a boy on the run after his family is overthrown by Ashikaga Takauji. With his only allies being a shady priest and his followers, the young lord must seek revenge and regain his glory, with his only weapon: a superhuman ability to flee and hide.",8.185,27,"Animation, Action & Adventure","samurai, based on manga, historical, shounen, anime",逃げ上手の若君,/f9ZgHhSwJKkoaVAuYz4uJaHsqii.jpg,/cN8u7s6vaQezheTy2mGOzEmF7Hg.jpg,4.3061,ja,TV,12,2,https://nigewaka.run,"Asaki Yuikawa, Yuichi Nakamura, Hinaki Yano",,Official English Dub Trailer
238843,The Fable,Returning Series,2024-04-07,23,A legendary hitman trained to become the world's best assassin is asked to lay low for a year by the head of his crime family.,7.9,30,"Animation, Comedy, Action & Adventure, Crime","assassin, based on manga, anime, intense, animated remake",ザ・ファブル,/aQeVABaQ7gZedtmtDRwhrgOQwgq.jpg,/hbPUaAY6YQOmqMdwd5qm6JavqGk.jpg,8.9731,ja,TV,25,1,https://www.vap.co.jp/the-fable-anime/,"Kazuyuki Okitsu, Miyuki Sawashiro, Kana Hanazawa",,
229946,The Fallen Master,Ended,2023-07-04,22,,0.0,0,Animation,,堕玄师,/7e0tV2TUCiWQUPAY3kttOLTIWwD.jpg,/hXcqA0pLDzt7JkTQnyHqIRV6kU2.jpg,0.2223,zh,TV,15,1,https://v.qq.com/x/cover/mzc00200vrd7cz6.html,,,
120155,The Greatest Demon Lord Is Reborn as a Typical Nobody,Ended,2022-04-06,24,"In his past life, he was known as Demon Lord Varvatos, an all-powerful magic user and ruler. But he was lonely after the loss of his friends and loved ones during his rise to power, so in his dying moments, Varvatos cast a reincarnation spell so that he'd get a second chance at just being a normal guy. At first it looks like that's going to work  he's reborn thousands of years later as villager Ard. Unfortunately for him, his memories are still intact and he's not aware just how much has been l...",7.2,68,"Animation, Action & Adventure, Sci-Fi & Fantasy","magic, reincarnation, harem, demon, seinen, ecchi, anime, magic school, based on light novel",史上最強の大魔王、村人Aに転生する,/dtULGP3qRi932NzYGsp7u6q6zAS.jpg,/eRWfd1Th31vsXzl4JdvUt97YJVj.jpg,6.3263,ja,TV,12,1,https://murabito-a-anime.com/,"Toshinari Fukamachi, Wakana Maruoka, Hina Youmiya",,Official Trailer
62430,The Heroic Legend of Arslan,Ended,2015-04-05,24,"Arslan is the heir apparent of Pars, a strong nation that sits at the hear of the trade route connecting the East and the West. When the pagan nation of Lusitania begins an invasion of Pars, the timid Arslan is confronted with battle for the first time. His worst anxieties are realized the Parsian army falls for a Lusitanian stratagem and are routed. He barely escapes with his life, thanks to the loyal and indomitable warrior Daryun. Together they will stand against the invasion and the crueltie...",6.953,74,"Action & Adventure, Animation, Drama, Sci-Fi & Fantasy, War & Politics","based on manga, anime, adventure",アルスラーン戦記,/p6F6pGoNNtIViDxHkU4wDeseiyJ.jpg,/ty3fCZumomMkHPHRxACDQJkTEyD.jpg,10.2418,ja,TV,33,2,http://www.arslan.jp/,"Yusuke Kobayashi, Daisuke Namikawa, Yoshimasa Hosoya",,Ending
103157,The Hidden Dungeon Only I Can Enter,Ended,2021-01-08,24,"The Hidden Dungeon is a place of legend where rare treasures and items are hidden. Nor, the third son of an impoverished noble family who's lost the one job offer he had, was lucky enough to hear about this dungeon. He then acquires a skill that allows him to create, bestow, and edit skills... and in order to use it, he needs to accumulate points by carrying out such tasks as eating delicious meals and doing sexual things with alluring members of the opposite sex.",8.014,506,"Animation, Comedy, Action & Adventure, Sci-Fi & Fantasy","monster, magic, harem, romance, based on manga, super power, dungeon, fantasy world, ecchi, anime, adventure",俺だけ入れる隠しダンジョン ～こっそり鍛えて世界最強～,/nTZZrTr72PKnEVm5bIt3AlHzNpm.jpg,/3g7XI4IuwGiXipyBbreJDpc0fwN.jpg,3.8406,ja,TV,12,1,https://kakushidungeon-anime.jp,"Ryota Osaka, Miyu Tomita, Rumi Okubo",,The Hidden Dungeon Only I Can Enter | OFFICIAL TRAILER
34189,The Irresponsible Captain Tylor,Ended,1993-01-25,24,"Justy Ueki Tylor had his life all planned out: join the military, get a cushy desk job, and then retire with a big fat pension check. The perfect plan... until he wandered into a hostage situation and somehow managed to save an admiral! Now Tylor - a man who wouldn't know what discipline was if it bit him on the backside - has been made Captain of the space cruiser Soyokaze.The crew of this run-down ship is the craziest rag-tag team of misfits you're ever likely to see, and they're not too fon...",7.833,12,"Sci-Fi & Fantasy, Animation, Comedy","based on novel or book, military, anime, war",無責任艦長タイラー,/tmPKSHWBVIG2uBFDfMV1qdql8hV.jpg,/bTTxdfY8nlVNIpfeIy798iZKXk8.jpg,5.1848,ja,TV,26,1,http://www.dreamcreation.co.jp/musekinin/,"Koji Tsujitani, Hiroko Kasahara, Joji Yanami",,Opening | just think of tomorrow - Mari Sasaki
219673,The Kingdoms of Ruin,Ended,2023-10-07,24,"Witches were once respected for the wisdom and magic they gifted to humans. But with the rise of the Gear Expansion era, the new science community deemed them as enemies who hindered the progress of society. Thus began the slaughter of all witches, including one who had mentored a human boy named Adonis. After witnessing her death, Adonis vows to bring bloodshed and terror to the human race.",7.6,76,"Animation, Action & Adventure, Sci-Fi & Fantasy","magic, based on comic, based on manga, shounen, anime, edge, science fantasy",はめつのおうこく,/oVGf0RNRr8OwkAn93plLwy98NXj.jpg,/n78eIAuUetBU3UHvsmadQ4o3ucl.jpg,6.3009,ja,TV,12,1,https://hametsu-anime.com,"Kaito Ishikawa, Azumi Waki, Ryoko Shiraishi",,Official Trailer [Subtitled]
97617,The Misfit of Demon King Academy,Ended,2020-07-04,24,"Anos Voldigord was a tyrannical Demon King that eradicated humans, spirits, and even the gods, but became bored of eternal warfare and reincarnated with dreams of a peaceful world. However, what awaited him in reincarnation after 2000 years were descendants who became too weak after being accustomed to peace, and all sorts of magic that deteriorated to the extreme. Anos enters Demon King Academy that gathers and educates those who are viewed as the reincarnation of the Demon King, but the academ...",8.482,812,"Animation, Action & Adventure, Sci-Fi & Fantasy","based on novel or book, magic, reincarnation, demon, school life, anime, magic school, based on light novel",魔王学院の不適合者 ～史上最強の魔王の始祖、転生して子孫たちの学校へ通う～,/xBNR7V4s5b0qQfRCiyEvIC5PS6v.jpg,/fxISKAY8c2xYXt2CFLjUU2bEx8n.jpg,28.2396,ja,TV,37,2,https://maohgakuin.com,"Tomori Kusunoki, Yuuichirou Umehara, Yuko Natsuyoshi",,PV 2 [Subtitled]
213326,The Most Heretical Last Boss Queen From Villainess to Savior,Ended,2023-07-07,24,"Pride Royal Ivy is only eight years old when she realizes that she's been reincarnated, destined to become the future wicked queen and final boss of an otome game. She's got it all in this new life: razor-sharp wit, boss-tier powers, and influence over the kingdom as crown princess. Determined to sow despair and destruction across the land, she... Wait, what kind of a rotten future is that?! Princess Pride decides to drop the maniacal villainess plan and protect the male love interests instead, ...",8.174,46,"Animation, Sci-Fi & Fantasy","reincarnation, anime, isekai, based on light novel",悲劇の元凶となる最強外道ラスボス女王は民の為に尽くします。,/u6bMg0g9KDw9nTuMqORCYWHsMSe.jpg,/mhlT8wIYlsjKK5tRASsALxePkLG.jpg,6.0926,ja,TV,12,1,https://lastame.com,"Fairouz Ai, Maaya Uchida, Haruka Tomatsu",,English DUB Trailer
250598,The Ossan Newbie Adventurer Trained to Death by the Most Powerful Party Became Invincible,Ended,2024-07-02,24,"Normally, people choose to become adventurers in their teens. At 30 years old, Rick Gladiator bucks the trend by leaving his job as a guild clerk to become an adventurer. He begins as a novice F-rank with the fighting strength of an S-rank. After two years of brutal training with the continents strongest party, Orichalcum Fist, Rick will defeat anyone who underestimates him!",8.188,48,"Action & Adventure, Animation, Sci-Fi & Fantasy","adventurer, anime, sword and sorcery, inspirational, adaptation, based on light novel, middle-aged",新米オッサン冒険者、最強パーティに死ぬほど鍛えられて無敵になる。,/dHxGWlygSNRb97wujSwtEts5snP.jpg,/1Jz9C5BOIjKPEWhm3zWcpDHJ0TT.jpg,7.7867,ja,TV,12,1,https://shinmaiossan-anime.com/,"Takuya Sato, Saori Onishi, Kenta Miyake",,Official Trailer [Subtitled]
84669,The Quintessential Quintuplets,Ended,2019-01-11,24,"Fuutarou Uesugi is a poor, antisocial ace student who one day meets the rich transfer student Itsuki Nakano. They argue but when Uesugi realizes he is to be her tutor, he tries to get on better terms. While trying to do so he meets four other girls.",8.5,707,"Animation, Drama, Comedy","dreams, exam, high school, harem, based on comic, romance, slice of life, school, debt, camp, tutor, classmate, older brother younger sister, anime, field trip, japanese high school, camp fire, tsundere",五等分の花嫁,/mrahUSmFjae8UHtlOcZ58ytmAGu.jpg,/uuqVT15I6P4ow7NS0stu7aM2X5w.jpg,11.1263,ja,TV,24,2,http://www.tbs.co.jp/anime/5hanayome,"Yoshitsugu Matsuoka, Kana Hanazawa, Ayana Taketatsu",,
83095,The Rising of the Shield Hero,Returning Series,2019-01-09,24,"Iwatani Naofumi, a run-of-the-mill otaku, finds a book in the library that summons him to another world. He is tasked with joining the sword, spear, and bow as one of the Four Cardinal Heroes and fighting the Waves of Catastrophe as the Shield Hero. Excited by the prospect of a grand adventure, Naofumi sets off with his party. However, merely a few days later, he is betrayed and loses all his money, dignity, and respect. Unable to trust anyone anymore, he employs a slave named Raphtalia and take...",8.526,1401,"Animation, Action & Adventure, Sci-Fi & Fantasy, Drama","saving the world, anti hero, magic, slavery, training, romance, dysfunctional family, betrayal, religion, sibling rivalry, dragon, parallel world, dark fantasy, seinen, summons, anime, corrupt church, isekai, fantasy, based on light novel, adventure",盾の勇者の成り上がり,/yjq2n0agGJfmZQ9NpbYIhuBofcq.jpg,/de6iC707SwuMsE3y2fo5OHCOsvj.jpg,14.2438,ja,TV,51,4,http://shieldhero-anime.jp,"Kaito Ishikawa, Asami Seto, Rina Hidaka",,The Rising of the Shield Hero - Opening 2 | FAITH
32676,The Rose of Versailles,Ended,1979-10-10,24,"Raised from birth as a man, the Lady Oscar commands the palace guards at Versailles in the years before the French Revolution. Her beauty and noble spirit make her a shining figure in the eyes of both men and women but she is torn between her chosen life of service and duty to class and country and her own heart and desires. She lives as a noble amidst the opulence of Versailles but her keen senses and compassion are not blinded to the poverty of the French people.",8.3,170,"Drama, Animation, Action & Adventure","politics, romance, cross dressing, based on manga, historical, military, shoujo, anime, war",ベルサイユのばら,/stv9ZmIELR1gVIoa5ZuomEbHFqd.jpg,/9NWbWPATBZjfN3Ezrw0LTQ7JcuL.jpg,4.9539,ja,TV,40,1,,"Reiko Tajima, Miyuki Ueda, Tarō Shigaki",Osamu Dezaki,Opening | Bara wa Utsukushiku Chiru (The Rose Perishes Beautifully) - Hiroko Suzuki [Subtitled]
248951,The Strongest Magician in the Demon Lords Army Was a Human,Ended,2024-07-03,24,"Ike is a powerful magician and the leader of the Immortal Brigade, part of the Seventh Corps of the Demon Lords Army. He single-handedly conquers fortresses and pushes back the armies of humanity. Neither Dairokuten, the Demon Lord, nor Ikes loyal soldiers know his darkest secret—he is a human in hiding! But can he keep his secret safe and bring peaceful coexistence to demons and humans?",7.6,26,"Animation, Action & Adventure","witch, demon, seinen, anime, war, based on light novel",魔王軍最強の魔術師は人間だった,/1ANATsXdWWJzsSI5GKp1cot6jRe.jpg,/iIjfY0Zz6LTn2PTiLEe8baGc48k.jpg,3.3973,ja,TV,12,1,https://maougun-anime.com,"Jun Fukuyama, Shizuka Itoh, Manaka Iwami",,Official Trailer [Subtitled]
42729,The Twelve Kingdoms,Ended,2002-04-09,25,"Nakajima Youko is your average somewhat timid high school student. One day, a strange man named Keiki appears before her, swearing allegiance. Before she could properly register what was happening, demon-like creatures attack Youko and her friends, after which they are pulled into a different world. A world unlike what she has ever known. Separated from Keiki, Youko and her friends must do whatever they can if they wish to survive in this new world.",8.0,45,"Animation, Sci-Fi & Fantasy, Action & Adventure","based on novel or book, magic, supernatural, fantasy world, anime, isekai, fantasy, chinese mythology",十二国記,/l8UsOs2O8f4nkmDX7CXKZqqC3xV.jpg,/fB2k11exO93IeWnpwrY1mzE89ul.jpg,13.4109,ja,TV,45,4,https://www6.nhk.or.jp/anime/program/detail.html?i=12kokuki,"Takehito Koyasu, Kenichi Suzumura, Masaki Aizawa",Tsuneo Kobayashi,The Twelve Kingdoms | Official Trailer | Full Anime Series Streaming on AsianCrush
197848,The Unwanted Undead Adventurer,Returning Series,2024-01-08,24,"Rentt Faina has hunted monsters for the last 10 years. Sadly, hes not great at his job, stuck hunting slimes and goblins for a few coins each day. His luck turns when he finds an undiscovered path. At the paths end, he meets his demise in the maw of a legendary dragon. But, he wakes up as an undead bag of bones! He sets out to achieve Existential Evolution and rejoin the land of the living.",7.633,64,"Animation, Mystery, Action & Adventure, Sci-Fi & Fantasy","monster, reincarnation, supernatural, harem, dragon, based on manga, adventurer, anime, based on light novel",望まぬ不死の冒険者,/lQpkZLyw8ID6lZG3djRtihzVWmY.jpg,/eYfyC5foNQVxi0dosgwUl8obHLg.jpg,4.141,ja,TV,12,1,https://nozomanufushi-anime.jp,"Ryota Suzuki, Ikumi Hasegawa, Mikako Komatsu",,Official Trailer [Subtitled]
208445,The Witch and the Beast,Ended,2024-01-12,24,"Guideau is a young woman who was cursed by a witch, forced to carry a dark secret. Ashaf is a tall, soft-spoken man with a coffin strapped to his back and secrets yet untold. Together they venture across the land on their quest for vengeance. Appearances can be deceiving, and each step could be their last. In a dark fantasy filled with adventure, will unlikely heroes find the vengeance they seek?",7.851,37,"Animation, Sci-Fi & Fantasy, Action & Adventure, Drama","witch, magic, gore, based on manga, dark fantasy, seinen, anime",魔女と野獣,/ooSzpaJkU8MnfuLKn0IThcACv57.jpg,/3sOWWRpSEGrljd8O50KLmOIdIPn.jpg,5.3612,ja,TV,12,1,https://www.tbs.co.jp/anime/majo,"You Taichi, Toshiyuki Morikawa",,Official Teaser Trailer [ENG SUB]
131365,The Wrong Way to Use Healing Magic,Returning Series,2024-01-06,24,"An ordinary walk home from school turns into an epic journey for Usato. After suddenly being dropped into another world with two fellow students, Usato learns he was summoned there by accident. But things turn around when he discovers a unique aptitude for healing magic! Now, he trains beyond human limitations, using his self-healing abilities to gain absurd strength and unrivaled stamina.",7.78,66,"Animation, Comedy, Action & Adventure, Sci-Fi & Fantasy","magic, healing power, fantasy world, anime, other world, isekai, based on light novel, adventure",治癒魔法の間違った使い方,/uQEbcmuUwDfPiVUIRCF6d57eErM.jpg,/1WbGhlLj1z6PC6Vrz5baouodURB.jpg,5.7147,ja,TV,14,2,https://chiyumahou-anime.com,"Shogo Sakata, Ayaka Nanase, Kengo Takanashi",,Official Trailer [Subtitled]
272059,To Be Hero X,Returning Series,2025-04-06,23,"In a world full of brilliant heroes, its the trust of fans that turns heroes into superheroes. If a hero loses the peoples trust, they lose their special abilities. Trust value is collected, quantified, and used to determine a heros ranking, displayed on their wrist. Every two years, the top heroes go to a tournament to fight, determine new trust values, and earn their rankings.",8.5,10,"Animation, Action & Adventure, Sci-Fi & Fantasy","competition, hero, superhero, chinese, super power, anime, web series, sino japanese production, donghua, original net animation (ona)",凸变英雄X,/7ynNG9lYS9HIR8cYMgawO19VPkg.jpg,/4b0oKiGtlwX19b0y6tQQC1ea0o5.jpg,34.7973,zh,TV,24,1,https://www.bilibili.com/tbhx,"Wei Chao, Liu Xiaoyu, Zhangtaikang Chen",,Everyone Could Be a Hero
97525,To Your Eternity,Returning Series,2021-04-12,25,"An immortal being takes on the form of a human boy, wandering the earth and experiencing the pains and joys of life throughout his story without end.",8.185,259,"Animation, Action & Adventure, Sci-Fi & Fantasy","philosophy, mutation, suffering, transformation, immortality, reincarnation, friendship, supernatural, survival, tragedy, based on manga, multiple identities, evolution, fantasy world, lost relationship, eternity, shounen, anime, emotions, eternal life, time skip, memories, adventure",不滅のあなたへ,/lA2jRBubr2OLOlbkJXuBXYqv4A9.jpg,/qmeC99iX9YPbxi3Dwsw5VvxIbCC.jpg,18.4381,ja,TV,40,3,https://anime-fumetsunoanatae.com,"Reiji Kawashima, Kenjiro Tsuda, Eri Inagawa",,Official Trailer 2 [Subtitled]
95269,Toilet Bound Hanako kun,Returning Series,2020-01-10,24,"First year high school student and occultist, Nene Yashiro summons ""Hanako-san of the Toilet"" to grant her romantic wishes. She ends up Hanako's spiritual assistant, helping him destroy supernatural beings and change rumors to balance the spirit and human worlds. Along the way, Nene learns about her connection to the spirit world and the dark secrets regarding Hanako's past.",8.642,736,"Animation, Mystery, Comedy, Action & Adventure, Drama","affectation, supernatural, high school, romance, school, bromance, based on manga, spirit, youkai, haunted school, anime, academy, japanese high school, suspenseful, comforting",地縛少年花子くん,/iehq6tSUylg5kFkOxndNYZWjzNu.jpg,/ifJacgrENUweJF5Kq8h2NYfShzd.jpg,15.8499,ja,TV,24,2,https://hanakokun.com,"Megumi Ogata, Akari Kito, Shoya Chiba",,Opening | No.7 - Jibaku Shounen Band (Youji Ikuta from PENGUIN RESEARCH x Masayoshi Ooishi x ZiNG)
61374,Tokyo Ghoul,Ended,2014-07-04,24,"Ken Kaneki, a bookworm college student, meets Rize, a girl his own age with whom he shares many interests.",8.3,2347,"Animation, Drama, Sci-Fi & Fantasy","monster, secret organization, dystopia, coffee shop, supernatural, murder, gore, tragedy, disaster, torture, based on manga, fighting, super power, ghoul, dark fantasy, seinen, anime, drastic change of life, psychological, suspense, fantasy, horror, mystery",東京喰種トーキョーグール,/1m4RlC9BTCbyY549TOdVQ5NRPcR.jpg,/yOarY3Yo0NMkuTuft87M5oAZa3C.jpg,25.5875,ja,TV,48,4,http://www.marv.jp/special/tokyoghoul,"Natsuki Hanae, Sora Amamiya, Shintaro Asanuma",,Tokyo Ghoul Season 1 (Uncut) - Trailer
243140,Tonbo,Ended,2024-04-06,24,"A dramatic tale of golf and humans, set on the beautiful Tokara Islands. Igarashi has thrown away his past and fled society, relocating to Hinoshima Island. Here, on ""Japan's last hidden paradise,"" he meets Tonbo, the islands only middle schooler. To his surprise, this girl harbors an extraordinary talent for golf!? This encounter marks the beginning of a significant change in their destinies.",7.1,18,"Animation, Drama","golf, sports, slice of life, coming of age, based on manga, anime, prodigy",オーイ！とんぼ,/rAI0hOocFwELMJVmBJn1l3ubRD9.jpg,/ePma3sQVolgMcojxBrhkGgN9u4D.jpg,3.7226,ja,TV,26,1,https://tonbo-anime.com,"Rika Hayashi, Hiroki Touchi",,
97860,Tower of God,Ended,2020-04-02,24,"Reach the top, and everything will be yours. At the top of the tower exists everything in this world, and all of it can be yours. You can become a god. This is the story of the beginning and the end of Rachel, the girl who climbed the tower so she could see the stars, and Bam, the boy who needed nothing but her.",8.252,457,"Animation, Mystery, Sci-Fi & Fantasy, Action & Adventure","friendship, survival, bromance, creature, tower, dark fantasy, anime, based on webcomic or webtoon, fantasy, adventure, based on manhwa",神之塔 -Tower of God-,/8v8ANBJNUzvA8F6sM20DBt3zZ44.jpg,/gcvJgJScIt0a5sRt8uLIkGM9IhI.jpg,14.9156,ja,TV,39,2,https://tog-anime.com/,"Taichi Ichikawa, Nobuhiko Okamoto, Yuma Uchida",,Tower of God | CHARACTER TRAILER
249409,Twilight Out of Focus,Ended,2024-07-04,24,"Three poignant love stories unfold in a boys' school film club as its members butt heads and navigate friendship, sexuality and boundaries.",7.4,8,Animation,"based on manga, anime, boys' love (bl)",黄昏アウトフォーカス,/sk1YIuggnboOBXql6dpffAUBYFq.jpg,/8PvRgAPMkm7AxwEnWuppFrUIydP.jpg,3.4524,ja,TV,12,1,https://tasogare-anime.com/,"Yoshitsugu Matsuoka, Yuma Uchida, Soma Saito",,Official Trailer [Subtitled]
36158,Ultraviolet Code 044,Ended,2008-07-01,24,"044 becomes the strongest female soldier excelling in combat through gene manipulation using a virus. However, in exchange for her abilities, her days become numbered.",7.3,3,"Animation, Action & Adventure, Sci-Fi & Fantasy","secret agent, supernatural, agent",ウルトラヴァイオレット：コード044,/kn3hzWSL3HIrrApz0UsXvnZFNHh.jpg,/uYWXroHVYEEkaXjpOKua65yi1Xq.jpg,1.9252,ja,TV,12,1,http://madhouse.co.jp/works/2008-2007/works_tv_uvcode044.html,"Tomokazu Seki, Romi Park",,
127714,Uncle from Another World,Ended,2022-07-06,24,"After being in a coma for 17 years, Takafumi's middle-aged uncle suddenly wakes up speaking an unrecognizable language and wielding magical powers.",7.724,114,"Animation, Comedy, Sci-Fi & Fantasy","magic, affectation, slapstick comedy, parody, based on manga, waking from coma, anime, other world, isekai, otaku, loving",異世界おじさん,/ixYH9Ngm3IcPtK4964jbvB0Czi9.jpg,/piMRImsn3ZQerFmPdAoXgmOpc7R.jpg,5.1564,ja,TV,13,1,https://isekaiojisan.com,"Takehito Koyasu, Jun Fukuyama, Mikako Komatsu",,Official Trailer #2 [Subtitled]
209077,Undead Unluck,Returning Series,2023-10-07,24,"Andy, a Negator with the ability ""Undead,"" has been long in search for someone with the ability to give him a 'real death.' Fuko Izumo brings misfortune to those around her due to her ability ""Unluck."" The two decide to join the Union, an organization which aims to control and protect the world from unidentified phenomena. The two uncover the mystery of the world as they search for the ""greatest death ever.""",8.092,103,"Animation, Comedy, Sci-Fi & Fantasy, Action & Adventure","secret organization, supernatural, based on comic, undead, female protagonist, super power, ecchi, shounen, anime, duo, unlikely romance",アンデッドアンラック,/pJYOYFlu4Vayz5xXJJuP7ViwHnT.jpg,/8uoNGqXeJCBoG2gLOsKW3qUDuaI.jpg,15.3798,ja,TV,24,1,https://undead-unluck.net,"Moe Kahara, Yuichi Nakamura, Natsuki Hanae",,English Dub Official Main Trailer
45213,Usagi Drop,Ended,2011-07-08,23,"By force of circumstances, a 30-year-old single man with a full-time job suddenly starts raising a 6-year-old girl. While running each other ragged, the two of them gradually grow into a ""family"".",8.2,174,"Animation, Drama","adoption, adoptive father, kindergarten, friendship, slice of life, coming of age, based on manga, family, aftercreditsstinger, heart warming, anime, josei, iyashikei",うさぎドロップ,/o1sIk7Bn5aRPoKEAG4qf9eRwD8i.jpg,/kREWBfkeUvDHiYnL9jriXcFV2rd.jpg,4.3505,ja,TV,11,1,http://www.usagi-drop.tv,"Ayu Matsuura, Hiroshi Tsuchida",,bunny drop - Official Trailer
93241,Uzumaki,Ended,2024-09-29,0,"Kirie tries to escape from her town Kurouzu-cho, where the residents get obsessed with spirals due to an unexplained curse.",7.3,110,"Animation, Mystery","dementia, supernatural, miniseries, black and white, based on graphic novel, seinen, anime, psychological, avant garde, horror, spiral",Uzumaki,/xHNtl7bhElOMrtksYnC0z5GRnSO.jpg,/iKfYhpMqcpJgXqciWZOIZRRJDF6.jpg,3.4875,en,TV,4,1,https://www.adultswim.com/videos/uzumaki,"Uki Satake, Shin-ichiro Miki, Mariya Ise",,Official Netflix Trailer [Subtitled]
238903,Vampire Dormitory,Ended,2024-04-07,24,"After Mito loses her parents and is fired from her job, she must fend for herself on the streets disguised as a boy. She comes across a stranger named Ruka and learns his dark secret—he's a vampire! Ruka invites Mito, still in disguise, to live in an all-boys dorm. Mito exchanges her blood for a place to stay, but a budding romance and her true identity threaten all that hangs in the balance.",5.1,9,"Animation, Drama, Sci-Fi & Fantasy","vampire, dormitory, supernatural, romance, school, cross dressing, based on manga, tomboy, lgbt, shoujo, anime",ヴァンパイア男子寮,/y4HvRKul54BSRFBeY5uaA3354Bz.jpg,/wrSbw5nb5ep9tHJvR1qewKk0Iit.jpg,4.8848,ja,TV,12,1,https://www.vampire-dormitory.com,"Kana Ichinose, Shunichi Toki, Yuuichirou Umehara",,
99772,Vampire in the Garden,Ended,2022-05-16,26,A vampire queen and a human girl join forces against all odds in search of “paradise” — a place where humans and vampires peacefully coexist.,7.5,58,"Animation, Drama, Sci-Fi & Fantasy, Action & Adventure","future, vampire, friendship, supernatural, psychic power, female protagonist, anime, girls love",ヴァンパイア・イン・ザ・ガーデン,/cL7AmuHxCwDCu8d3kX93NTEDhdw.jpg,/7Iorh0CtvK85oX96BdP2jXziir5.jpg,2.8946,ja,TV,5,1,https://www.netflix.com/title/80996247,"Megumi Han, Yu Kobayashi, Chiaki Kobayashi",,Trailer [Subtitled]
194774,Vermeil in Gold,Ended,2022-07-05,24,"Rather than take a more sensible approach to salvaging his grades in time for graduation, Alto summons a bit of otherworldly help. Only after does he learn hes bound the legendary she-devil Vermeil into service as his familiar!",7.217,76,"Animation, Comedy, Sci-Fi & Fantasy","love triangle, magic, harem, romance, school, based on manga, demon, succubus, fantasy world, ecchi, shounen, anime, big tits, magic school, familiar",金装のヴェルメイユ~崖っぷち魔術師は最強の厄災と魔法世界を突き進む~,/gozUDZOZZq19vcnnP95eU5MINoa.jpg,/a9Y9xwkrqE4vOK12qfZejZXgDjb.jpg,8.907,ja,TV,12,1,https://vermeilingold.jp,"Yuya Hirose, Maaya Uchida, Wakana Kuramochi",,Official Trailer [Subtitled]
88803,Vinland Saga,Returning Series,2019-07-08,25,"For a thousand years, the Vikings have made quite a name and reputation for themselves as the strongest families with a thirst for violence. Thorfinn, the son of one of the Vikings' greatest warriors, spends his boyhood in a battlefield enhancing his skills in his adventure to redeem his most-desired revenge after his father was murdered.",8.501,764,"Animation, War & Politics, Action & Adventure, Drama","swordplay, vandalism, exploration, vikings (norsemen), revenge, gore, disaster, bromance, pirate, based on manga, massacre, historical, mutilation, norse mythology, seinen, anime, drastic change of life, time skip, vinland, adventure, powerful",ヴィンランド・サガ,/vUHlpA5c1NXkds59reY3HMb4Abs.jpg,/8HM3NtsejczRKDz7agUVFdppicJ.jpg,7.5622,ja,TV,48,2,https://vinlandsaga.jp,"Yuto Uemura, Shunsuke Takeuchi",,Official Dub Trailer
246029,Viral Hit,Ended,2024-04-11,24,"Scrawny high school student Hobin Yu is probably the last guy you'd expect to star in a NewTube channel that revolves around fighting. But after following some advice from a mysterious NewTube channel, Hobin is soon knocking out guys stronger than him and raking in more money than he could have ever dreamed of. Can Hobin keep this up, or will he eventually meet his match?",8.3,15,"Animation, Action & Adventure, Comedy","martial arts, bullying, slapstick comedy, anime, social media influencer, vtuber, streamer, based on webcomic or webtoon, based on manhwa, video",喧嘩独学,/1kZBsmNYgjRxFPBfrFxkQGwS7xX.jpg,/wBnmxSBxaP5VrNFVsZuruERb1Cv.jpg,5.8306,ja,TV,12,1,https://kenkadokugaku.com,"Satoshi Niwa, Nobuhiko Okamoto, Fairouz Ai",,Main Trailer [Subtitled]
244672,Why Does Nobody Remember Me in This World,Ended,2024-07-13,24,"In a world where humans triumphed in a great war, Kai guards sealed crypts containing their enemies. But when “World Rebirth” overwrites history, hes thrust into an alternate reality where humanity lost the war and hes been forgotten by everyone he knows. Now, this lost hero must rise to restore the worlds balance!",6.4,14,"Animation, Sci-Fi & Fantasy, Action & Adventure","romance, battle, anime, another world, war, fantasy, based on light novel, action, adventure",なぜ僕の世界を誰も覚えていないのか？,/vAezbCXT3h5TyWsNoF5CXIc5AhU.jpg,/nxpzuqlmmrbJAAE0tvFHmhXeGjN.jpg,3.441,ja,TV,12,1,https://www.nazeboku.com/,"Shoya Chiba, Kana Ichinose, Haruka Shiraishi",,Official Trailer [Subtitled]
223500,Wind Breaker,Returning Series,2024-04-05,24,"Haruka Sakura wants nothing to do with weaklings—he's only interested in the strongest of the strong. He's just started at Furin High School, a school of degenerates known only for their brawling strength—strength they use to protect their town from anyone who wishes it ill. But Haruka's not interested in being a hero or being part of any sort of team—he just wants to fight his way to the top!",8.017,115,"Animation, Action & Adventure","high school, school, based on manga, teen comedy, yankee, school life, teen drama, anime, furyo, japanese high school, appreciative, compassionate, empathetic, urban adventure, tv",WIND BREAKER,/3kTFL3PAeTyS8gGZAh0iYG6NNjt.jpg,/czrAvoN103RYYX8lhkZPs2zgnkl.jpg,46.7417,ja,TV,25,1,https://wb-anime.net,"Yuma Uchida, Shoya Chiba, Koki Uchiyama",,English Dub Main Trailer
245842,Wistoria Wand and Sword,Returning Series,2024-07-07,24,"In a world where magic reigns, Will Serfort cant cast a spell. Though hardworking, Wills classmates think less of him for it. However, he has a secret strength: his sword. Can Will defy expectations with muscle over magic and blade over wand? Find out in this epic sword-and-sorcery adventure!",7.664,58,"Action & Adventure, Animation","sword, promise, based on manga, dungeon, childhood friends, shounen, anime, dungeons, magic school, fantasy, magic wand, magic circle, adventure, epic fantasy, teen fantasy, ahoge, elemental magic",杖と剣のウィストリア,/gxYKhO0GuPAeCb3llknWu53bYYS.jpg,/7sGeLiMVrD0QyKWjhEbLWmZIj2w.jpg,7.2019,ja,TV,13,2,https://wistoria-anime.com/,"Kohei Amasaki, Akira Sekine, Reiko Suzuki",,Official Trailer 2 [Subtitled]
243141,YATAGARASU The Raven Does Not Choose Its Master,Ended,2024-04-06,25,"Welcome to Yamauchi, a world inhabited by the Yatagarasu, a race of three-legged ravens who shapeshift into humans. The land is divided into four regions—North, South, East, and West—each ruled by a noble family. Yukiya, the son of a leader in the North, is shocked by a call to attend to the Imperial Prince. Murder, mysteries, and an invasion from an unexpected enemy await in this epic fantasy.",8.4,8,"Animation, Drama, Sci-Fi & Fantasy","based on novel or book, anime",烏は主を選ばない,/YEcaV9VcfYF3YYq2JSf6iu6OoW.jpg,/6X2HHGliqqzixzjjbJxj6WICcKK.jpg,4.7118,ja,TV,20,1,https://www.nhk-character.com/karasu/,"Mutsumi Tamura, Miyu Irino, Rina Honnizumi",,Official Trailer [Subtitled]
61441,Yowamushi Pedal,Ended,2013-10-07,24,"Onoda Sakamichi is a rather timid, anime-loving first-year student at Sohoku High School. Upon entering high school, he tried to join the anime research club, but after meeting Imaizumi Shunsuke, a renowned cyclist since middle school, and Naruko Shoukichi, who swept the Kansai cycling championship, he ended up joining the competitive cycling club.",7.027,37,"Comedy, Animation, Drama","training, sports, high school, high school sports, rivalry, slice of life, tournament, bromance, based on manga, cycling, school life, biking, shounen, anime, school club, japanese high school, otaku, spokon, bukatsu",弱虫ペダル,/688PJsb1sVWgosrQCbwT32vJKfI.jpg,/17ie7Zq9eEguE3YJVszKlfCPWPh.jpg,18.3825,ja,TV,137,5,http://yowapeda.com,"Daiki Yamashita, Kohsuke Toriumi, Hiroki Yasumoto",,Yowamushi Pedal Official Trailer
249882,ZENSHU,Ended,2025-01-05,24,"After graduating from high school, Natsuko Hirose starts her career as an animator. Her talent quickly flourishes, and she makes her debut as a director in no time. Her first anime becomes a massive hit, sparking a social phenomenon and earning her recognition as an up-and-coming genius director. Her next project is set to be a romantic comedy movie themed around first love! However, having never been in love herself, Natsuko struggles to understand the concept of first love, and as a result, sh...",8.3,38,"Animation, Drama, Action & Adventure, Sci-Fi & Fantasy","monster, magic, affectation, romance, anime, overwork, isekai, person in a strange world",全修。,/okRnvNLpduDKPUIyZbMxJkeek8D.jpg,/Apy6SEE54GxMbUIYo7Hpo3Dr718.jpg,8.2974,ja,TV,12,1,https://zenshu-anime.com/,"Anna Nagase, Kazuki Ura, Rie Kugimiya",,Official Trailer 3 [Subtitled]
217766,Zom 100 Bucket List of the Dead,Ended,2023-07-09,24,"An overworked 24-year-old finally decides to live a little and create a bucket list, when a zombie outbreak hits the country.",7.5,147,"Animation, Action & Adventure, Comedy, Sci-Fi & Fantasy","supernatural, zombie, based on manga, zombie apocalypse, seinen, anime, bucket list, suspense, horror",ゾン100～ゾンビになるまでにしたい100のこと～,/bTYMgERNC9rVdmxTSzKuex4GWbF.jpg,/90b5d67rcpYfh5aVOwfd9jrbnfL.jpg,7.5189,ja,TV,12,1,https://zom100.com,"Shuichiro Umeda, Tomori Kusunoki, Makoto Furukawa",,Making the OP
127325,exception,Ended,2022-10-13,30,"In a distant future where humans are forced to leave Earth, a spacecraft carrying a 3D-printed crew of specialists is sent to terraform a new planet.",7.1,46,"Animation, Sci-Fi & Fantasy, Mystery","galaxy, supernatural, distant future, anime",exception,/5NnrjWKuHnsgKZMAdXeBOLq6CbW.jpg,/4sMLQ0EdAthgggrg8Rvy1drd4jn.jpg,2.6036,ja,TV,8,1,https://www.netflix.com/title/81002444,"Takahiro Sakurai, Atsumi Tanezaki, Yuhko Kaida",,Opening Credits
230059,A Sign Of Affection,Ended,2024-01-06,24,"Yuki Itose is just a typical student dealing with the pressures of college. She is struggling one day on the train when an upperclassman named Itsuomi Nagi helps her out. As he gradually opens a new world to her, Yuki develops feelings for Itsuomi. A pure love story begins to grow.",8.0,73,"Animation, Comedy, Drama","deaf, romance, female protagonist, based on manga, sign languages, shoujo, anime",ゆびさきと恋々,/ntgph4kCtxzDsVQIK2gJfrG3PyM.jpg,/oEWiCaRDqmUDRzXNxL9eyA1ofcd.jpg,25.1858,ja,TV,12,1,https://yubisaki-pr.com,"Sumire Morohoshi, Yu Miyazaki, Takeo Otsuka",,Official Trailer [Subtitled]
19544,Afro Samurai,Ended,2007-01-04,25,"In a futuristic Japan where conflicts are settled by the sword, Afro Samurai must avenge his father's murder by challenging a powerful warrior.",7.31,289,"Animation, Action & Adventure, Drama, Sci-Fi & Fantasy","japan, fireworks, anger, anime, 武士阿非：复活, adventure",Afro Samurai,/1wif9a57obZA5N1UujiluoUahkI.jpg,/4MgI4sp5hLdz4ZZ9OieYjHk7y5N.jpg,19.1777,en,TV,5,1,,"Samuel L. Jackson, Phil LaMarr, Yuri Lowenthal",Derek Draper,Afro Samurai Trailer
70886,Atom The Beginning,Ended,2017-04-15,25,"Japan in the near future suffers an unexplained major disaster. Five years later, reconstruction is well underway. Two young researchers at a university are pinning all their hopes on robot development. Now their new interpretation of the eternal hero Astro Boy up until his birth is just about to start!",5.2,9,"Sci-Fi & Fantasy, Animation, Drama","android, prequel, mecha, robot, anime, osamu tezuka, astro boy",アトム ザ・ビギニング,/AiAFZiPnqvDpMq38eU69Gi3AOUe.jpg,/59uNq5BVRnSNgz9SQQZKzXV8muR.jpg,12.1763,ja,TV,12,1,http://atom-tb.com/,"Takuma Terashima, Yuichi Nakamura, Yuki Inoue",,
46195,Bakemonogatari,Returning Series,2009-07-03,25,"Although there are still traces of the brief period he became a vampire, third-year high school student Koyomi Araragi is human again. He happens upon others with their own supernatural problems and finds that he can empathize. Koyomi becomes involved in their lives, seeking to help them and occasionally asking for advice from Meme Oshino, the homeless man who helped him become human again.",8.1,484,"Animation, Comedy, Drama, Mystery","based on novel or book, vampire, supernatural, romance, school, ghost, youkai, japanese mythology, anime, japanese high school, human vampire relationship, based on light novel, admiring",化物語,/zCEjjb1NH3LLsWeZx47wOeqkezf.jpg,/2WBO3C7CjsOTT5wgi9Inn5iQhVv.jpg,122.5041,ja,TV,72,5,http://www.monogatari-series.com/,"Hiroshi Kamiya, Chiwa Saito, Yui Horie",,Bakemonogatari Blu-Ray Trailer
80623,Baki,Ended,2018-06-26,24,"While martial arts champion Baki Hanma trains hard to surpass his legendary father, five violent death row inmates descend upon Tokyo to take him on.",8.112,1325,"Animation, Action & Adventure, Crime, Drama","martial arts, fight, based on manga, underground fighting, warrior, strong, anime, fighting style, original net animation (ona)",バキ,/j4bL0G8h8k49MuXKYfZqhXqk2rI.jpg,/qbxoEhlxNcyr7GjG2SXTShWn32m.jpg,36.912,ja,TV,39,2,http://baki-anime.jp,"Nobunaga Shimazaki, Kenjiro Tsuda, Takehito Koyasu",,Baki | Official Trailer [HD] | Netflix
34109,Bakugan Battle Brawlers,Ended,2007-04-05,25,Centers on the lives of creatures called Bakugan and the battle brawlers who possess them.,8.301,374,"Action & Adventure, Animation, Kids, Sci-Fi & Fantasy","based on toy, anime, parallel universe, based on card game, talking dragon, proxy battle",爆丸バトルブローラーズ,/vptVwP1uej035bHzirMtEMSndn.jpg,/fI3m5UjTMyigglkFeQWkPJgFLSC.jpg,21.7083,ja,TV,189,4,http://www.bakugan.com,"Eri Sendai, Mamiko Noto, Keiji Fujiwara",Mitsuo Hashimoto,Opening 1 | Number One Battle Brawlers! - Psychic Lover [Subtitled]
36041,Bakuman,Ended,2010-10-02,25,"Moritaka Mashiro and Akito Takagi are pretty much foils of each other. Mashiro, an average 9th grade student but talented artist, and Takagi, an overall advanced 9th grader and aspiring writer. After great convincing, Takagi convinces Mashiro to join him in becoming the greatest mangakas Japan has ever seen. Takagi, with his gift of writing, hopes to become a successful mangaka, and Mashiro, with his gift of art, hopes to marry the girl of his dreams, Azuki Miho.",8.1,139,"Animation, Comedy, Drama","slice of life, based on manga, shounen, anime, mangaka, manga artist",バクマン。,/fwch4T5aUDPuJ6zUzkub8prfhtI.jpg,/2tbcQK7H3t1ia3pArvNt4ZXyL7T.jpg,55.5612,ja,TV,75,3,http://www9.nhk.or.jp/anime/bakuman/,"Saori Hayami, Ayako Kawasumi, Ayumi Fujimura",,
80564,Banana Fish,Ended,2018-07-06,23,A teenaged gang leader in New York City faces his abuser and rival gangs alongside a photojournalist from Japan as they investigate a deadly new drug.,8.6,883,"Animation, Drama, Action & Adventure, Mystery, Crime","prison, rape, anti hero, photography, revenge, mafia, conspiracy, tragedy, urban, fugitive, orphan, drugs, anime, classic literature, guns, psychological, suspense, boys' love (bl), foreign, assassins, adventure",BANANA FISH,/d2TW5Rtd0uCasHlQygsDfWCROl2.jpg,/fFA3I1ArhfTZptG1NDkhrFIjrDz.jpg,11.1743,ja,TV,24,1,https://bananafish.tv/,"Yuma Uchida, Kenji Nojima, Unsho Ishizuka",,[Trailer] Banana Fish [Summer 2018]
35935,Berserk,Ended,1997-10-08,23,"Guts, a wandering mercenary, joins the Band of the Hawk after being defeated in a duel by Griffith, the group's leader and founder. Together, they dominate every battle, but something menacing lurks in the shadows.",8.5,683,"Action & Adventure, Sci-Fi & Fantasy, Animation","suffering, mercenary, male friendship, waterfall, supernatural, woods, sword fight, travel, slaughter, gore, survival, torture, corpse, based on manga, massacre, eclipse, demon, middle ages (476-1453), self mutilation, dark fantasy, seinen, anime, horror, gay subtext",剣風伝奇ベルセルク,/zreH0OvbIy9djnV7LOq84UUqTJV.jpg,/yes70ElIny8ULL4jqQq4H7iSgRC.jpg,32.6526,ja,TV,25,1,https://www.vap.co.jp/berserk/tv.html,"Nobutoshi Canna, Toshiyuki Morikawa, Yuko Miyamura",,Complete 1997 Series Blu-ray Trailer
119100,Bocchi The Rock,Returning Series,2022-10-09,24,"Hitori Gotoh, a shy, awkward, and lonely high school student dreams of being in a band despite her doubts and worries, but when she is recruited to be the guitarist of a group looking to make it big, she realises her dream may be able to be fulfilled and come true.",8.43,179,"Animation, Comedy","slice of life, school, female protagonist, based on manga, rock band, girl band, seinen, anime, social anxiety, musical comedy, music, music comedy, musical drama",ぼっち・ざ・ろっく！,/ugNZRg4Dqirjh0p1GhSrRqOi3rb.jpg,/riRJGnbb18zVBEXpov8GJKnBczj.jpg,29.023,ja,TV,12,2,https://bocchi.rocks,"Yoshino Aoyama, Sayumi Suzushiro, Saku Mizuno",,Bocchi's Solo
212963,Buddy Daddies,Ended,2023-01-07,24,Two assassins who never miss their mark must juggle fatherhood with their demanding job when they suddenly find themselves raising a four-year-old girl.,7.962,66,"Animation, Comedy, Action & Adventure, Crime","adoption, espionage, organized crime, mafia, bromance, buddy, anime, time skip, guns, found family, surreal humor, comforting, familiar, gay subtext",Buddy Daddies,/200lUtWr0k0iaDfhuX0fFz8tETR.jpg,/bu3JtuP6kbRaaT5wpBpCUKOrhTY.jpg,24.6869,ja,TV,12,1,https://buddy-animeproject.com/,"Toshiyuki Toyonaga, Koki Uchiyama, Hina Kino",,Official Trailer [Subtitled]
65931,Bungo Stray Dogs,Returning Series,2016-04-07,24,"Stalked by a beastly white tiger, Atsushi Nakajima has no idea that the menace lives inside him—a power that catches the attention of the Armed Detective Agency. Using inhuman abilities to combat crime, this team takes Atsushi under the wing of their most eccentric member, Dazai. Together, they tear through mafia-muddled mysteries while enemies keep an eye on the tiger’s lofty bounty.",8.363,391,"Animation, Comedy, Crime, Mystery, Action & Adventure, Sci-Fi & Fantasy, Drama","detective, literature, supernatural, rivalry, mafia, conspiracy, gang, gunfight, based on manga, fighting, super power, stereotype, seinen, anime, gay subtext",文豪ストレイドッグス,/6AQmGhkYwAqW2OevjXbsh7tZnNO.jpg,/79lc4Rocfnn9RIv1YlHC0jeBsqf.jpg,71.141,ja,TV,60,1,https://bungosd.com,"Mamoru Miyano, Yuto Uemura, Masaaki Mizunaka",,Coming Soon [Dubbed]
213402,Campfire Cooking In Another World With My Absurd Skill,Returning Series,2023-01-11,24,"Tsuyoshi Mukohda, an ordinary salaryman, is suddenly transported to another world one day. The unique skill he gains upon arrival in this world is the seemingly useless ""Online Grocery."" Mukohda is discouraged at first, but the modern foods he's able to bring to his new world using this skill prove to have some unbelievable effects!",8.382,220,"Animation, Action & Adventure, Sci-Fi & Fantasy","cooking, wolf, reincarnation, campfire, fantasy world, gourmet, anime, isekai, fantasy, based on light novel, adventure",とんでもスキルで異世界放浪メシ,/i9dL4Prs5UImh3YpCgN2DbjYoCg.jpg,/4A74F9J4HBQYDcudi1tyb3Mz0zS.jpg,26.1225,ja,TV,13,2,https://tondemoskill-anime.com,"Yuma Uchida, Satoshi Hino, Hina Kino",,Making MAPPA's Campfire Cooking in Another World with My Absurd Skill - Sound Design [Subtitled]
45247,Chihayafuru,Ended,2011-10-05,23,"Chihaya Ayase has spent most of her life supporting her sister’s model career. When she meets a boy named Arata Wataya, he thinks Chihaya has potential to become a great karuta player. As Chihaya dreams of becoming Japan's best karuta player, she is soon separated from her karuta playing friends. Now in high school, Chihaya still plays karuta in the hope that she will one day meet her friends again.",7.7,53,"Animation, Drama","competition, card game, strong woman, training, high school, growing up, romance, slice of life, unrequited love, coming of age, female protagonist, based on manga, high school student, old friends, friends in love, anime, school club, karuta, prodigy, josei, japanese high school, bukatsu",ちはやふる,/x1yYnCaK8gLnLgQSnd9IGoapHbx.jpg,/e1R4kNrWvSfb8AVViMp0okVJfuk.jpg,13.0695,ja,TV,74,3,http://www.ntv.co.jp/chihayafuru/,"Asami Seto, Mamoru Miyano, Yoshimasa Hosoya",,Official Trailer
67154,Chivalry Of A Failed Knight,Ended,2015-10-03,24,"Magic Knights are modern magic-users who fight with weapons converted from their souls. Ikki Kurogane goes to a school for these Magic Knights, but he is the ""Failed Knight"" or ""Worst One"" who is failing because he has no magical skills. However, one day, he is challenged to a duel by Stella, a foreign princess and the ""Number One"" student. In this duel, ""the loser must be obedient for life.""",7.0,131,"Animation, Sci-Fi & Fantasy, Action & Adventure","based on novel or book, swordplay, ecchi, anime, academy, big tits, magic school, fantasy, based on light novel",落第騎士の英雄譚,/nEeLLbhlKRLC98dK6HUow7p4dNL.jpg,/wf7HeTRRa9SOQ8up5EJZeOKseLO.jpg,22.3358,ja,TV,12,1,http://www.ittoshura.com/,"Ryota Osaka, Shizuka Ishigami, Nao Toyama",Shin Oonuma,Chivalry of a Failed Knight Official Trailer
72517,Classroom Of The Elite,Returning Series,2017-07-12,24,"When Kiyotaka enters an elite government-sponsored high school, he finds out just how merit-based this education system is.",8.5,705,Animation,"delinquent, bullying, survival, school, anime, mind games, psychological, tsundere, battle royale, suspense, based on light novel",ようこそ実力至上主義の教室へ,/yuHanbUUIv2UWRxxQFt9n8jtmOJ.jpg,/c2sl2dLlyFFeb18pJtOpBD8cidr.jpg,47.6223,ja,TV,39,4,http://you-zitsu.com,"Shoya Chiba, Akari Kito, Ayana Taketatsu",,Complete Series Trailer
255107,Code Geass,Ended,2024-06-21,24,"Year Seven of the Kowa Period, in the former Hokkaido Block, live brothers known as the Nameless Mercenaries. The Emperor, Callis al Britannia, tries to plunge the world into chaos with the help of his servant, Norland, and his Einberg Knights. Rozé and Ash take action from the Northern lands.",8.0,21,"Animation, Action & Adventure, Sci-Fi & Fantasy","mecha, anime, real robot, based on anime, original net animation (ona)",コードギアス 奪還のロゼ,/jQRG3lI42IaJNr23jFeO6FSXmoE.jpg,/pSdmUGsfocf4gTyD5auC4Ccz25l.jpg,23.0339,ja,TV,12,1,https://geass.jp/roze/,"Kohei Amasaki, Makoto Furukawa, Reina Ueda",Yoshimitsu Ohashi,Code Geass: Rozé of the Recapture | Official Trailer | Disney+ Singapore
30991,Cowboy Bebop,Ended,1998-04-03,25,"In 2071, roughly fifty years after an accident with a hyperspace gateway made the Earth almost uninhabitable, humanity has colonized most of the rocky planets and moons of the Solar System. Amid a rising crime rate, the Inter Solar System Police (ISSP) set up a legalized contract system, in which registered bounty hunters, also referred to as ""Cowboys"", chase criminals and bring them in alive in return for a reward.",8.5,1755,"Animation, Action & Adventure, Sci-Fi & Fantasy, Western","philosophy, bounty hunter, jazz, anti hero, blues, future, space, space western, dark past, crime syndicate, neo-noir, anime, spaceship, ambiguity, casual, western, space kowboy, vibrant",カウボーイビバップ,/xDiXDfZwC6XYC6fxHI1jl3A3Ill.jpg,/A4PHx94G7mvM3b8vsDJ5HEaQ6uv.jpg,55.1415,ja,TV,26,1,http://www.cowboy-bebop.net,"Koichi Yamadera, Unsho Ishizuka, Megumi Hayashibara",,Cowboy Bebop - The Complete Series - 25th Anniversary Limited Edition | In-Stock Now!
46004,Date A Live,Ended,2013-04-06,24,"Thirty years ago a strange phenomenon called a ""spacequake"" devastated the center of Eurasia, claiming the lives of at least 150 million people. Since then, smaller spacequakes plague the world on an irregular basis. Shido Itsuka, a seemingly ordinary high schooler comes across a mysterious girl at the ground zero of a spacequake and learns she is one of the ""Spirits"" who are the real cause of the spacequakes that occur when they manifest themselves in the world. He is recruited to make use of h...",8.4,462,"Animation, Sci-Fi & Fantasy, Comedy, Action & Adventure","harem, romance, mecha, super power, ecchi, anime, japanese high school, fantasy, based on light novel, enthusiastic",デート・ア・ライブ,/kD1Gu7dcELnUUnm3eMxZuG6jKtA.jpg,/lyam6zw2aNwSM6h6sn0wTLgygj6.jpg,43.8476,ja,TV,58,5,http://date-a-live-anime.com/,"Nobunaga Shimazaki, Marina Inoue, Misuzu Togashi",,S3 Opening | I Swear - sweet ARMS
207784,Delicious In Dungeon,Returning Series,2024-01-04,26,"Dungeons, dragons... and delicious monster stew!? Adventurers foray into a cursed buried kingdom to save their friend, cooking up a storm along the way.",8.529,241,"Animation, Comedy, Action & Adventure, Sci-Fi & Fantasy","monster, cooking, based on manga, dungeon, fantasy world, seinen, gourmet, anime, gastronomy, dreary, adventure",ダンジョン飯,/9t3DYdGxK3i4WRzKvIZwJd4kBnr.jpg,/xC5GyeIzLsSRizJE5LedGShNgBa.jpg,31.3436,ja,TV,24,2,https://delicious-in-dungeon.com,"Kentaro Kumagai, Sayaka Senbongi, Asuna Tomari",,Official Trailer #2 [Subtitled]
12971,Dragon Ball,Ended,1989-04-26,26,"Now happily married and with a son, martial arts champion Goku must defend Earth from a series of extraterrestrial invaders bent on destruction.",8.349,4617,"Animation, Sci-Fi & Fantasy, Action & Adventure","competition, cyborg, martial arts, android, friendship, sequel, alien, end of the world, anthropomorphism, tournament, dragon, based on manga, fighting, combat, super power, shocking, shounen, anime, time skip, fantasy, joyous, adventure",ドラゴンボールゼット,/i1lMlxir5E4jyeLlqS2bK1Cn3Tt.jpg,/ydf1CeiBLfdxiyNTpskM0802TKl.jpg,137.171,ja,TV,291,9,http://www.dragonballz.com,"Masako Nozawa, Ryo Horikawa, Toshio Furukawa",,Opening 2 | WE GOTTA POWER - Hironobu Kageyama [35mm Film Scan]
62715,Dragon Ball Super,Ended,2015-07-05,24,"With Majin Buu defeated half-a-year prior, peace returns to Earth, where Son Goku (now a radish farmer) and his friends now live peaceful lives. However, a new threat appears in the form of Beerus, the God of Destruction. Considered the most terrifying being in the entire universe, Beerus is eager to fight the legendary warrior seen in a prophecy foretold decades ago known as the Super Saiyan God. The series retells the events from the two Dragon Ball Z films, Battle of Gods and Resurrection 'F'...",8.181,5079,"Animation, Action & Adventure, Sci-Fi & Fantasy","martial arts, time travel, god, space, alien, tournament, battle, fighting, shounen, anime, adventure",ドラゴンボール超（スーパー）,/qEUrbXJ2qt4Rg84Btlx4STOhgte.jpg,/qA2UwUQbj05aeBMCuC0mHSQ4loE.jpg,50.0063,ja,TV,131,1,http://www.toei-anim.co.jp/tv/dragon_s,"Masako Nozawa, Ryo Horikawa, Hiromi Tsuru",,Dragon Ball Super - Trailer (Official) • Now Streaming on Hulu
61709,Dragon Ball Z Kai,Ended,2009-04-05,26,"Rejoin Goku and his friends in a series of cosmic battles! Toei has redubbed, recut, and cleaned up the animation of the original 1989 animated series. The show's story arc has been refined to better follow the comic book series on which it is based. The show also features a new opening and ending. In the series, martial artist Goku, and his various friends, battle increasingly powerful enemies to defend the world against evil. Can Earth's defender defeat demons, aliens, and other villains?",7.5,779,"Sci-Fi & Fantasy, Animation, Action & Adventure, Comedy","japan, cyborg, martial arts, android, friendship, alien, end of the world, tournament, based on manga, fighting, combat, super power, edited from tv series, shounen, anime, adventure",ドラゴンボール改「カイ」,/je57jXdeWeJO9tGoWSJi4MCuXbN.jpg,/oz5zbMBKCUsb7hsbjdxvK8yagPD.jpg,48.0721,ja,TV,158,6,http://www.toei-anim.co.jp/tv/dragon_kai/,"Masako Nozawa, Joji Yanami, Mayumi Tanaka",Yasuhiro Nowatari,Nicktoons - Behind The Scenes Promo (HQ)
65249,Erased,Ended,2016-01-08,25,"Satoru Fujinuma is a struggling manga artist who has the ability to turn back time and prevent deaths. When his mother is killed he turns back time to solve the mystery, but ends up back in elementary school, just before the disappearance of his classmate Kayo.",8.483,1146,"Animation, Drama, Mystery","child abuse, detective, assassin, time travel, supernatural, elementary school, murder, dysfunctional family, serial killer, based on manga, framed for murder, school life, angst, seinen, anime, drastic change of life, abusive mother, butterfly effect, desperate, malicious, time skip, anxious, psychological, inspirational, suspense, dramatic, critical, sentimental, admiring, amused, compassionate, empathetic, sympathetic, tragic",僕だけがいない街,/EljUwZJhpuYfVuSfqY8Pt1xxpH.jpg,/dFQOWyByjBqfQoKDcPamLQ04ADH.jpg,27.6459,ja,TV,12,1,https://bokumachi-anime.com,"Shinnosuke Mitsushima, Tao Tsuchiya, Minami Takayama",,Opening | Re:Re - ASIAN KUNG-FU GENERATION
1097,Ergo Proxy,Ended,2006-02-25,25,"In a futuristic world almost barren of life, mankind is confined to mechanized domed cities where A.I.’s control all aspects of life. In this world, humans are no longer born, they are manufactured in a production line; and alongside them live androids known as autoreivs. Within one of these domed sanctuaries named Romdeau lives Re-l Mayer, one of a few citizens who aren’t entirely prevented from thinking. Her grandfather's prominent position and the affection of the scientist Daedalus have left...",7.626,357,"Animation, Sci-Fi & Fantasy, Mystery","artificial intelligence (a.i.), android, europe, amnesia, greek mythology, future, post-apocalyptic future, dystopia, mecha, conspiracy, cyberpunk, gunfight, ecology, gunfighter, existentialism, angst, seinen, neo-noir, anime, philosophical, psychological, suspense",Ergo Proxy,/tHcce6PKnhNBneSMbadI4jynHpY.jpg,/pocqO2L8PW9xh1oA7ZG3iXh62FL.jpg,10.7951,ja,TV,23,1,,"Rie Saitou, Koji Yusa, Akiko Yajima",,Ergo Proxy: The Complete Series – Coming Soon on Blu-ray
46261,Fairy Tail,Ended,2009-10-12,25,"Lucy is a 17-year-old girl, who wants to be a full-fledged mage. One day when visiting Harujion Town, she meets Natsu, a young man who gets sick easily by any type of transportation. But Natsu isn't just any ordinary kid, he's a member of one of the world's most infamous mage guilds: Fairy Tail.",7.9,978,"Animation, Action & Adventure, Comedy, Mystery, Sci-Fi & Fantasy","magic, anthropomorphism, dragon, based on manga, wizard, ecchi, shounen, anime, time skip, fantasy, adventure",FAIRY TAIL,/iuRJ2QRRNMIu2VdEIuLIaJvt1PZ.jpg,/hVZMddU7kgbL1NSgzNVMmf8VvPz.jpg,13.4949,ja,TV,328,8,http://www.tv-tokyo.co.jp/anime/fairytail/,"Tetsuya Kakihara, Aya Hirano, Rie Kugimiya",,FAIRY TAIL Final Series
61415,Fate Stay Night Unlimited Blade Works,Ended,2014-10-12,24,"This story focuses primarily on the heroine Rin Tohsaka. After her father’s death, Rin enters the Holy Grail War as the sole heir to the prestigious Tohsaka Household, with her servant Archer. But, she soon finds out that Shirou Emiya, a boy from her high school has gotten himself involved in the battles and unexpectedly saves him when he is fatally injured. Before long, Rin sets out to strike down the conspiracies surrounding the Holy Grail War along with Shirou and his summoned servant Saber. ...",7.994,330,"Action & Adventure, Animation, Drama, Sci-Fi & Fantasy","holy grail, mythology, magic, supernatural, battle, alternate version, based on video game, anime, based on visual novel, japanese high school, fantasy, death game",Fate/stay night [Unlimited Blade Works],/jyqi5BkDoKKIA2WAoz3HBtRHld3.jpg,/uqOcBHNHsmYPePmrvYhjraRxLdJ.jpg,30.962,ja,TV,25,2,https://www.fate-sn.com/ubw/,"Noriaki Sugiyama, Kana Ueda, Junichi Suwabe",,Trailer 3 [Subtitled]
45845,Fate Zero,Ended,2011-10-02,25,"In the Holy Grail War, seven magi chosen by the Holy Grail itself must summon seven Heroic Spirits to compete for the omnipotent Grail, a magical device that grants the victor any wish they desire. After three inconclusive wars, the fuse has now been lit once again for the fourth time.",8.028,337,"Action & Adventure, Animation, Sci-Fi & Fantasy","holy grail, assassin, fight, anti hero, magic, prequel, king arthur, epic battle, anime, fantasy, based on light novel",Fate/Zero,/hfTEDISVpFMqmp6uOGylsSakyXZ.jpg,/ij86kCAHM0B6EP75so3UscZVWIo.jpg,43.2394,ja,TV,25,2,http://www.fate-zero.jp/,"Rikiya Koyama, Ayako Kawasumi, Akio Otsuka",,Fate/Zero Trailer 3
42705,Fighting Spirit,Ended,2000-10-03,24,"Makunouchi Ippo is an ordinary high school student in Japan. Since he spends most of his time away from school helping his mother run the family business, he doesn't get to enjoy his younger years like most teenagers. Always a target for bullying at school (the family fishing business grants him a distinct odor), Ippo's life is one of hardship. One of these after-school bullying sessions turns Ippo's life around for the better, as he is saved by a boxer named Takamura. He decides to follow in Ta...",8.7,1126,"Animation, Comedy, Drama, Action & Adventure","rags to riches, friendship, sports, tournament, based on manga, championship, combat sports, comradeship, shounen, boxing, anime, inspirational",はじめの一歩,/1LApB9C9kEkh2ZU2vzAhurNDipl.jpg,/2w8FaLwwJTWr6ExUMeVgT2Th5YT.jpg,22.9161,ja,TV,126,3,http://www.vap.co.jp/ippo3/,"Kohei Kiyasu, Rikiya Koyama, Wataru Takagi",Tatsuhiko Urahata,Hajime no Ippo: The Fighting! Blu-ray Opening (Fighting Spirit)
130728,Fist Of The North Star,Ended,2013-04-03,24,"In this special project commemorating the 30th anniversary of Hokuto no Ken, the apocalypse never happened — and now the legendary warriors must find a new way to survive: by working together in modern-day Japan.",7.0,1,"Animation, Comedy","parody, based on manga, anime, chibi",DD北斗の拳,/8Lv6YKpP12AUalXkBzJb7Mg2sRd.jpg,/pk6KucyhLpvGnyd3Lkp7tNx9Y2b.jpg,20.5978,ja,TV,62,2,,"Shinnosuke Tachibana, Kazuya Ichijo, Tomokazu Seki",,
62273,Food Wars,Ended,2015-04-04,24,"Yukihira Souma's dream is to become a full-time chef in his father's restaurant and surpass his father's culinary skill. But just as Yukihira graduates from middle schools his father, Yukihira Jouichirou, closes down the restaurant to travel and cook around the world. Although downtrodden, Souma's fighting spirit is rekindled by a challenge from Jouichirou which is to survive in an elite culinary school where only 10% of the students graduate. Can Souma survive?",8.451,752,"Animation, Comedy, Drama","cooking, rivalry, based on manga, school life, ecchi, shounen, gourmet, anime, cooking competition",食戟のソーマ,/drteIrKPh0qaTYitGkxAOKoidsR.jpg,/bx5aQGsWOYfvNhVGmuLD0ztGqX3.jpg,36.3929,ja,TV,86,5,http://shokugekinosoma.com/,"Yoshitsugu Matsuoka, Ai Kayano, Maaya Uchida",,All Food Wars! Openings
53052,From The New World,Ended,2012-09-29,25,"Born into a world 1000 years in our future, Saki and her friends live in utopia. Not only is their idyllic community overflowing with resources, but technology is obsolete, thanks to a magical power that grants the ability to materialize anything. However, when Saki discovers a lost artifact, the facade is shattered! Faced with a startling truth about their town, Saki and her companions face dangers they never knew existed, and their choices may change the fate of everyone.",7.8,105,"Animation, Sci-Fi & Fantasy","love triangle, based on novel or book, slavery, dystopia, cult, coming of age, school, religion, female protagonist, animals, childhood friends, time skip, gay theme, psychological, war, suspense, horror",新世界より,/ywghUXAMWJ2uY43bPUgRCPnusJF.jpg,/xuBJ149u5JBaguceowuEf0so1y8.jpg,30.7676,ja,TV,25,1,http://www.tv-asahi.co.jp/shinsekaiyori/,"Risa Taneda, Yuki Kaji, Aya Endo",,2012 - From The New World / Shinsekai Yori trailer - English sub-title
31911,Fullmetal Alchemist,Ended,2009-04-05,25,"Disregard for alchemy’s laws ripped half of Edward Elric’s limbs from his body and left his brother Alphonse’s soul clinging to a suit of armor. To restore what was lost, the brothers seek the Philosopher’s Stone. Enemies and allies – the corrupt military, the Homunculi, and foreign alchemists – will alter the Elric brothers course, but their purpose will remain unchanged and their bond unbreakable.",8.7,2216,"Action & Adventure, Animation, Sci-Fi & Fantasy, Comedy","politics, supernatural, remake, steampunk, conspiracy, based on manga, alchemy, alchemist, shounen, anime, fantasy, adventure, homunculi",鋼の錬金術師 FULLMETAL ALCHEMIST,/5ZFUEOULaVml7pQuXxhpR2SmVUw.jpg,/A6tMQAo6t6eRFCPhsrShmxZLqFB.jpg,28.0701,ja,TV,64,1,http://www.hagaren.jp/fa/,"Romi Park, Rie Kugimiya, Shin-ichiro Miki",,
256721,Gachiakuta,Returning Series,2025-07-06,24,"In a floating city where the rich discard their waste—and people—Rudo is framed for murder and thrown into the Pit, where a hellscape of mutated garbage beasts dwell. To survive, he must wield a new power and join the rogue Cleaners. Rudo doesn’t just aim to battle monsters, but the corrupt who cast him into Hell.",9.542,24,"Animation, Action & Adventure, Drama, Sci-Fi & Fantasy","dystopia, based on comic, survival, shounen, anime",ガチアクタ,/oU2SBv5VQCdOHfw3Aw8B0UeAsim.jpg,/mrapJp0qb6Fvo3IW9IrjCK9IgSo.jpg,87.4353,ja,TV,24,1,https://gachiakuta-anime.com,"Aoi Ichikawa, Katsuyuki Konishi, Yumiri Hanamori",,Dub Trailer
1095,Ghost In The Shell Stand Alone Complex,Ended,2002-10-01,25,"In the future when technological enhancements and robotics are a way of life, Major Motoko Kusanagi and Section 9 take care of the jobs that are too difficult for the police. Section 9 employs hackers, sharpshooters, detectives and cyborgs all in an effort to thwart cyber criminals and their plans to attack the innocent.",8.219,395,"Action & Adventure, Animation, Crime, Sci-Fi & Fantasy","cyborg, police, organized crime, internet, cyberpunk, robot, crime investigation, network, anime, near future, computer networking, public security",攻殻機動隊 STAND ALONE COMPLEX,/oz9JhIUK792ISNXNpny4pSFo1yh.jpg,/tY6ZweSX4Mg8AYNSia9vyH1su8k.jpg,20.3333,ja,TV,52,2,https://v-storage.bnarts.jp/sp-site/ghost-in-the-shell-special/,"Atsuko Tanaka, Akio Otsuka, Osamu Saka",,Ghost in the Shell: Stand Alone Complex Trailer
114211,Gintama The Semi Final,Ended,2021-01-15,24,"As the war temporarily calms down and Edo rebuilds, Gintoki finds Shinpachi—who is still unaware of his return—on a bridge. However, as a fight quickly breaks out between the Yorozuya and the Tenshouin Naraku, suspicion grows, forcing Gintoki to use what is nearest—a loincloth—to mask his identity. Saved for the time being, Gintoki enters the Yorozuya office, but unbeknownst to him, someone else is already waiting there...Meanwhile, Kondou departs Earth to marry Princess Bubbles in an attempt ...",7.8,18,"Animation, Comedy, Action & Adventure","samurai, based on manga, historical, shounen, anime",銀魂 THE SEMI-FINAL,/s3WpYtOnj6CXwDXz8oSOALdvUvk.jpg,/x6FUozVILpH6AVfGGTdq3z4NRXf.jpg,12.5277,ja,TV,2,1,,"Tomokazu Sugita, Daisuke Sakaguchi, Rie Kugimiya",,
88040,Given,Ended,2019-07-12,23,"Ritsuka’s lost his spark for music—until he hears Mafuyu sing. One voice pulls him back in, and suddenly, everything starts to change between them.",8.6,763,"Animation, Drama","suicide, rehabilitation, high school, romance, slice of life, tragedy, urban, school, rock music, based on manga, art, lgbt, graduate student, anime, boys' love (bl), band, bisexual",ギヴン,/gO4ntuWf5hTUNA76onzA62GVoBf.jpg,/k76NuWGNLInN9WjhH7zhAcXBxvX.jpg,22.5033,ja,TV,11,1,https://given-anime.com/,"Shogo Yano, Yuma Uchida, Masatomo Nakazawa",,Given trailer
76757,Golden Kamuy,Returning Series,2018-04-09,24,"In the early twentieth century, Russo-Japanese War veteran Saichi “Immortal” Sugimoto scratches out a meager existence during the postwar gold rush in the wilderness of Hokkaido. When he stumbles across a map to a fortune in hidden Ainu gold, he sets off on a treacherous quest to find it. But Sugimoto is not the only interested party, and everyone who knows about the gold will kill to possess it! Faced with the harsh conditions of the northern wilderness, ruthless criminals and rogue Japanese so...",7.6,75,"Action & Adventure, Animation, Comedy","based on manga, historical, seinen, anime, hokkaido, japan, ainu, 20th century, adventure, gay subtext",ゴールデンカムイ,/KjatL82mrWDogOlswIxwdrpe2n.jpg,/6qwbib8digp121qA9xj3STeq2KC.jpg,43.8259,ja,TV,49,4,http://kamuy-anime.com,"Chikahiro Kobayashi, Haruka Shiraishi, Takayuki Sugo",,Official Trailer [Subtitled]
79166,Grand Blue Dreaming,Returning Series,2018-07-14,24,"When Iori Kitahara heads off to college, he decides to live at his uncle's dive shop in Izu named Grand Blue. Iori is looking forward to experiencing college life amidst the roar of the waves, the blazing sun, and his cute cousin who lives with him! However, Iori runs into a group of tough guys playing strip rock-paper-scissors, and ends up joining Peek-a-Boo, the college's diving club!",7.7,133,"Animation, Comedy","diving, sports, based on comic, slice of life, scuba diving, university, drinking, school life, seinen, anime, school club, university student",ぐらんぶる,/ii1yrluzWisy1rygSKz8lJkAkil.jpg,/pJqAgDico7ZTMAfAXyzldYqj5ME.jpg,33.9392,ja,TV,24,2,http://grandblue-anime.com/,"Yuma Uchida, Ryohei Kimura, Chika Anzai",,
43017,Great Teacher Onizuka,Ended,1999-06-30,24,"About Eikichi Onizuka, a 22-year-old ex-gangster member and a virgin. He has one ambition that no one ever expected from him. His solely life purpose is to become the greatest high school teacher ever.",8.425,219,"Animation, Comedy, Drama","teacher, school, based on manga, shounen, anime",グレート・ティーチャー・オニヅカ,/cgcvNzLUQUjkur8zfhHwcadwzVz.jpg,/sXdKhp54z4qgMsOMoIyTglWsTPn.jpg,12.3488,ja,TV,43,1,,"Wataru Takagi, Junko Noda, Isshin Chiba",,Opening 1 | Driver’s High - L'Arc~en~Ciel [Subtitled]
60863,Haikyuu,Ended,2014-04-06,24,"Inspired by a small-statured pro volleyball player, Shouyou Hinata creates a volleyball team in his last year of middle school. Unfortunately the team is matched up against the ""King of the Court"" Tobio Kageyama's team in their first tournament and inevitably lose. After the crushing defeat, Hinata vows to surpass Kageyama. After entering high school, Hinata joins the volleyball team only to find that Tobio has also joined.",8.6,1413,"Animation, Comedy, Drama","competition, training, volleyball, sports, high school, high school sports, rivalry, slice of life, tournament, bromance, based on manga, high school rivalry, school life, shounen, anime, school club, prodigy, japanese high school, teamwork, team sports, bukatsu",ハイキュー!!,/8WEr48swcqe89Zsy5sdrGCASlIg.jpg,/3mBtXzyOIzh5zJNEgHqIIYTPb6n.jpg,58.488,ja,TV,85,4,https://haikyu.jp,"Ayumu Murase, Kaito Ishikawa",,'Haikyu!! Season 1' is now available on Animax. Watch it on Tata Play Binge!
114477,Harem In The Labyrinth Of Another World,Ended,2022-07-06,24,"High school student Michio Kaga was wandering aimlessly through life and the Internet, when he finds himself transported from a shady website to a fantasy world — reborn as a strong man who can use ""cheat"" powers. He uses his powers to become an adventurer, earn money, and get the right to claim girls that have idol-level beauty to form his very own harem.",7.3,123,"Animation, Action & Adventure, Sci-Fi & Fantasy","based on novel or book, harem, fantasy world, ecchi, shounen, anime, big tits, isekai, adventure",異世界迷宮でハーレムを,/drAnsk5w2PX5x3ooPv7I2xr3ksq.jpg,/6KQTkktt5Ku1skBlY81AodWBewL.jpg,22.6862,ja,TV,12,1,https://isekai-harem.com,"Taku Yashiro, Shiori Mikami, Kenta Miyake",,
208891,Heavenly Delusion,Ended,2023-04-01,24,"In the year 2024, the world has collapsed. Grotesque monsters lurk amongst the ruins of Japan, while remaining people scrape together what they can to survive. Kiruko, an odd-job girl in Nakano, accepts a mysterious woman's dying wish to take a boy named Maru to a place called Heaven. Maru is convinced that there will be a boy there who looks exactly like him.",7.927,220,"Animation, Mystery, Action & Adventure, Sci-Fi & Fantasy","post-apocalyptic future, based on comic, organ transplant, seinen, anime, monsters, adventure",天国大魔境,/74EYbgajUt8X2kxpu62dMR7q8jH.jpg,/p3NtYk9lW1O1gidnfDaIB2NtpNc.jpg,26.8984,ja,TV,13,1,https://tdm-anime.com,"Gen Sato, Sayaka Senbongi, Hibiku Yamamura",,Official Trailer [Subtitled]
290511,Hell Motel,Returning Series,2025-06-17,0,"A group of 10 true crime obsessives are invited to the opening weekend of the newly renovated Cold River Motel, the site of a 30-year-old unsolved satanic mass murder. History repeats itself when the guests get stranded and start getting knocked off one by one during a murder spree that grows exponentially more gruesome than the original with each kill.",5.0,9,"Crime, Drama, Mystery",,Hell Motel,/gRfT9XffHqBxvkrW4izh3gd7L4S.jpg,/55FTpT8MrqpPveg5zfO4ZnYG3uQ.jpg,15.4677,en,TV,8,1,https://www.shudder.com/series/watch/hell-motel/2b1e98756aa83083,"Eric McCormack, Paula Brancati, Shaun Benson",,Official Trailer
61752,Hellsing Ultimate,Ended,2006-02-10,49,"For over a century, the mysterious Hellsing Organization has been secretly protecting the British Empire from the undead. When Sir Integra Hellsing succeeded as the head of the organization, she also inherited the ultimate weapon against these supernatural enemies: Alucard, a rogue vampire possessing mysterious and frightening powers. Now, Hellsing must deal with a more dangerous threat than vampires.",8.417,650,"Animation, Drama, Sci-Fi & Fantasy","christianity, london, england, anti hero, nazi, vampire, secret organization, police, supernatural, vampire hunter (slayer), remake, gore, religion, gunfight, zombie, based on manga, massacre, military, dark fantasy, seinen, anime, original video animation (ova), horror",ヘルシング アルティメット,/cz8vNiws00m8tzIpdBCPFgUuBYw.jpg,/mz5L2zlZuMlQwVE8Yxvb2YK1wsl.jpg,17.5629,ja,TV,10,1,https://www.nbcuni.co.jp/rondorobe/anime/hellsing/,"Jouji Nakata, Fumiko Orikasa, Yoshiko Sakakibara",,English Dub Trailer
194665,High Card,Ended,2023-01-09,24,"Fourland Kingdom is an island nation in the North Atlantic. In this country, there are 52 X-Playing Cards, considered the origin of playing cards. A card with a unique supernatural ability can gift its abilities to a qualified person: the player.One day, the X-Playing Cards in government's custody were spread all over Fourland leading to troubles caused by the supernatural abilities of the players with cards across the country. The king secretly assigns Pinochle, one of the top corporations of...",6.8,26,"Animation, Drama, Action & Adventure, Sci-Fi & Fantasy","gambling, supernatural, bromance, anime",HIGH CARD,/aGyV4sV4P0y4NXuguucNOo3eolp.jpg,/zLtHqKWqU2vh1tNoHfHAvTWdUQc.jpg,20.5694,ja,TV,24,2,https://highcard-anime.jp,"Yoshitsugu Matsuoka, Miyuki Sawashiro",,Official Trailer 2 [Subtitled]
45950,High School Dxd,Ended,2012-01-06,0,"Issei Hyodo is your average perverted high school student whose one wish in life is to have his own harem, but he's got to be one of the unluckiest guys around. He goes on his first date with a girl only to get brutally attacked and killed when it turns out the girl is really a vicious fallen angel. To top it all off, he's later reincarnated as a devil by his gorgeous senpai who tells him that she is also a devil and now his master! One thing's for sure, his peaceful days are over. In a battle b...",8.5,1943,"Animation, Action & Adventure, Comedy, Sci-Fi & Fantasy","angel, transformation, supernatural, high school, harem, sexual humor, fallen angel, dragon, demon, super power, teen comedy, school life, ecchi, anime, school club, big tits, playful, lighthearted, supernatural ability, power suit, provocative, urban fantasy, absurd, based on light novel, whimsical, urban adventure, dragons",ハイスクールD×D,/nuGXXJMsinqGAva3niLI00x1h3K.jpg,/oF8PNdntjZ7DUrAvnhNPPNRi0q6.jpg,59.2842,ja,TV,49,4,http://www.haremking.tv/,"Yuki Kaji, Yoko Hikasa, Azumi Asakura",,Hero Opening | SWITCH - Minami
110070,Horimiya,Ended,2021-01-10,24,"A secret life is the one thing they have in common. At school, Hori is a prim and perfect social butterfly, but the truth is she's a brash homebody. Meanwhile, under a gloomy facade, Miyamura hides a gentle heart, along with piercings and tattoos. In a chance meeting, they both reveal a side they've never shown. Could this blossom into something new?",8.537,1038,"Animation, Comedy, Drama","secret identity, love, romcom, romance, slice of life, based on manga, school life, shounen, anime, japanese high school, amused",ホリミヤ,/yxk74s3QHx4K3rKpiPisLLqPJ5J.jpg,/ldUbhEbyI28M6PiAkL0hZ2o8bOT.jpg,29.0545,ja,TV,13,1,https://horimiya-anime.com,"Haruka Tomatsu, Koki Uchiyama, Seiichiro Yamashita",,Horimiya - Trailer
228663,Horimiya The Missing Pieces,Ended,2023-07-01,24,"A new anime project that adapts popular side stories that were left out of the main anime seriesAs the graduation ceremony at Katagiri High School comes to an end, Kyouko Hori, her boyfriend Izumi Miyamura, and their friends begin to look back on their time as students. The moments they shared together may be fleeting, but each one is a colorful piece of their precious memories.",7.7,44,"Animation, Comedy, Drama","high school, romcom, romance, slice of life, based on manga, anime, japanese high school, side story",ホリミヤ -piece-,/aEJVHbXaC94y6thJ3nA6lBBnHjs.jpg,/mNFcBM82O0AG5pU9JwOcJqH98G9.jpg,19.2554,ja,TV,13,1,https://horimiya-anime.com/,"Haruka Tomatsu, Koki Uchiyama, Seiichiro Yamashita",,Official Trailer 2 [Subtitled]
65329,Hyouka,Ended,2012-04-23,26,"Oreki Houtarou is a minimalistic high school boy. One day, he joins the Classic Literature Club at his elder sister's request. There he meets Chitanda Eru, Fukube Satoshi, and Ibara Mayaka. Chitanda is a calm beautiful girl but she turns into an embodiment of curiosity once she says, ""I'm curious."" Fukube is a smiling boy with a fantastic memory who calls himself a database. Ibara is a short girl and is strict with others and herself. They begin to investigate a case that occurred 45 years ago. ...",8.119,338,"Animation, Mystery, Comedy","detective, based on novel or book, literature, high school, romance, slice of life, school, art, school life, anime, school club, japanese high school, romantic, bukatsu, young detective",氷菓,/qoAig2n9LkukqnizytaBtOSwif7.jpg,/kmUuJ4BHkX1cQKnFBJ2vv22bmmS.jpg,26.7633,ja,TV,22,1,https://www.kyotoanimation.co.jp/kotenbu/,"Yuichi Nakamura, Satomi Sato, Daisuke Sakaguchi",,Hyouka: Part 1 - Trailer
208493,I Got A Cheat Skill In Another World And Became Unrivaled In The Real World Too,Ended,2023-04-07,24,"A door to another world stretches out before a boy who's been brutally bullied all his life. This alternate reality grants him access to all sorts of things, like cheat skills and a portal that lets him travel between his old and new worlds! Can this class loser turn his life around back home...?",8.2,246,"Animation, Sci-Fi & Fantasy, Action & Adventure","elves, magic, high school, bullying, harem, romance, school, demon, combat, fantasy world, seinen, anime, isekai, learning, based on light novel, adventure",異世界でチート能力を手にした俺は、現実世界をも無双する ～レベルアップは人生を変えた～,/dXrUejdxJFgk6FGoB8V3VQhYsjJ.jpg,/nxJSLabJHzAeRzweeWRl1EE40NJ.jpg,29.2404,ja,TV,13,2,https://www.iseleve.com,"Yoshitsugu Matsuoka, Akari Kito, Kaori Maeda",,Main PV [Subtitled]
73946,Inuyashiki,Ended,2017-10-12,23,"Aliens replace middle-aged Inuyashiki's body with a combat robot. He uses it to fight high schooler Shishigami, who's using the same power selfishly.",8.074,284,"Animation, Drama, Sci-Fi & Fantasy, Action & Adventure","android, anti hero, superhero, alien, tragedy, disaster, gunfight, based on manga, super power, mutilation, seinen, anime, psychological, suspense",いぬやしき,/53cafnW5gwzrSUagSCwippMlfDa.jpg,/nzhMMfyGBfuAo4GWKfn8SckGGbQ.jpg,4.9329,ja,TV,11,1,http://www.inuyashiki-project.com/,"Fumiyo Kohinata, Nijiro Murakami, Kanata Hongo",,INUYASHIKI LAST HERO　【Fuji TV Official】
45790,Jojos Bizarre Adventure,Returning Series,2012-10-06,24,"Follow the intergenerational feud between the Joestar Family and various forces of evil, the most prominent of which is Dio Brando and his followers.",8.6,1465,"Animation, Action & Adventure, Sci-Fi & Fantasy","martial arts, magic, vampire, based on manga, adventurer, globetrotting, shounen, anime, muscles, supernatural power, horror, adventure, admiring, adoring, amused, forceful, gay subtext",ジョジョの奇妙な冒険,/ogAWwbh3frWtiTyyXrZaVFtqCgp.jpg,/mLKN1dsimKPiXCZ48KED0X8a02t.jpg,79.0703,ja,TV,190,6,https://jojo-portal.com/anime/,"Fairouz Ai, Atsumi Tanezaki, Mutsumi Tamura",,Stardust Crusaders Opening 1 (OP3) | STAND PROUD - Jin Hashimoto
207468,Kaiju No 8,Returning Series,2024-04-13,24,"In a world plagued by creatures known as Kaiju, Kafka Hibino aspired to enlist in The Defense Force. He makes a promise to enlist with his childhood friend, Mina Ashiro. Soon, life takes them in separate ways. While employed cleaning up after Kaiju battles, Kafka meets Reno Ichikawa. Reno's determination to join The Defense Force reawakens Kafka's promise to join Mina and protect humanity.",8.566,559,"Animation, Action & Adventure, Sci-Fi & Fantasy","based on comic, gore, giant monster, based on manga, kaiju, military, shounen, anime",怪獣８号,/bJxGs0w5RAhaX4fIUQu511rvm0S.jpg,/9DrORnlwnjt5SeJKcuE5sqOoIdV.jpg,80.7434,ja,TV,23,2,https://kaiju-no8.net,,,Dub Trailer
76409,Kakegurui,Ended,2018-01-16,45,"Children from influential families in politics and businesses attend the Hyakkaou Private Academy. There, the hierarchy of the students are classified by a series of games. Students that win the games are on the ruling side and the students who lose become slaves. One day, a mysterious girl, Yumeko Jabami (Minami Hamabe), is transferred to Hyakkaou Private Academy. She looks pure and pretty, but she is actually a compulsive gambler and seeks out the thrill of taking calculated risks.",7.8,175,"Drama, Mystery","gambling, friendship, debt, based on manga, psychological, girls love, blood, youth, school bullying, violence",賭ケグルイ,/iLrKRd4z9AwFNhnfpB6LpRctW7L.jpg,/6DZ6Yqr9uphYyK6RRoIaiETi5LK.jpg,16.9591,ja,TV,15,2,http://www.mbs.jp/kakegurui-drama/,"Minami Hamabe, Mahiro Takasugi, Aoi Morikawa",,Trailer Dorama Live Action Kakegurui [ 賭ケグルイ ]
62741,Kamisama Kiss,Ended,2012-10-02,24,"Nanami was just a normal high school girl down on her luck until a stranger’s lips marked her as the new Land God and turned her world upside down. Now, she’s figuring out the duties of a deity with the help of Tomoe, a reformed fox demon who reluctantly becomes her familiar in a contract sealed with a kiss. The new responsibilities—and boys—are a lot to handle, like the crow demon masquerading as a gorgeous pop idol and the adorable snake spirit who’s chosen the newly minted god to be his bride...",8.64,960,"Animation, Comedy, Sci-Fi & Fantasy","magic, friendship, supernatural, high school, god, rivalry, romance, coming of age, school, religion, based on manga, spirit, demon, shrine, school life, youkai, shoujo, japanese mythology, anime, bishounen, deity",神様はじめました,/5E7GL8KxpFemEFl3Lv8Fu4RuSwa.jpg,/cttisz5q4LHwyRYlIj9S7oQa27v.jpg,27.7895,ja,TV,25,2,http://www.tv-tokyo.co.jp/anime/kamisama/,"Yui Horie, Suzuko Mimori, Daisuke Namikawa",,Kamisama Kiss - Contract
123876,Komi Cant Communicate,Ended,2021-10-07,24,"At a high school full of unique characters, Tadano helps his shy and unsociable classmate Komi reach her goal of making friends with 100 people.",8.369,516,"Animation, Comedy, Drama","shyness, friendship, friends, romance, slice of life, school, based on manga, anime, social anxiety, popular girl, japanese high school",古見さんは、コミュ症です。,/xGciZiSIEmkqgcv4ouWmkhmXmPH.jpg,/2bHGk7j4OD21qeXRRDYrKVhxzRc.jpg,36.4105,ja,TV,24,1,https://komisan-official.com,"Aoi Koga, Gakuto Kajiwara, Rie Murakawa",,Opening | Cinderella - CIDERGIRL [Creditless]
45783,Kurokos Basketball,Ended,2012-04-08,24,"In the story, Kagami Taiga has just enrolled into Seirin High School when he meets Kuroko Tetsuya of the school's basketball team. Kuroko happens to be the shadowy sixth member of the legendary Generation of Miracles basketball team. Together, Kagami and Kuroko aim to take their team to the inter-high school championship - against Kuroko's former teammates.",8.4,564,"Animation, Comedy, Drama","sports, high school, basketball, high school sports, bromance, based on manga, sport competition, shounen, anime, prodigy, japanese high school, special ability, amused, bukatsu",黒子のバスケ,/qi8dlAgQEeahpEn1AOb5BJEOcVB.jpg,/jwvr9l6JRC88WC0gyowO1UYUXeL.jpg,47.7083,ja,TV,75,3,http://tv.kurobas.com/,"Kensho Ono, Yuki Ono, Junichi Suwabe",,Kuroko's Basketball Season 1 - Trailer
232230,Lord Of Mysteries,Returning Series,2025-06-28,35,"In a Victorian world of steam, dreadnoughts, and occult horrors, Zhou Mingrui awakens as Klein Moretti. He walks a razor’s edge between light and darkness, entangled with warring Churches. This is the legend of unlimited potential…and unspeakable danger.",9.4,28,"Animation, Mystery, Sci-Fi & Fantasy","mythology, magic, puppeteer, tarot cards, transformation, immortality, reincarnation, supernatural, victorian england, conspiracy, alternate history, transmigration, britain, gothic horror, gothic, multiple identities, alchemy, cthulhu, tarot, wealthy man, multiple dimensions, 19th century, aristocracy, mysterious past, scheme, dark mysteries, steam power, industrialization, victorian era, dark, alternative world, psychological, web series, 20th century, lovecraftian, suspense, supernatural ability, multiple realms, hiding true abilities, eidetic memory, nightmares, fantasy creature, donghua, thriller, based on web novel, xuanhuan",诡秘之主,/c8fHePq3yTn3WvZd4hupkHwsjm5.jpg,/AdWWrcYKNXlpeWNJlmK4HCJ6Dj9.jpg,49.1128,zh,TV,13,1,https://v.qq.com/detail/t/mzc00200x6fq63h.html,"Yang Kaiqi, Lei Wu, Titus Jin",Gideon Liu,
61534,Love Stage,Ended,2014-07-10,24,"Izumi was born in a family of celebrities. His father is a singer, his mother an artist, his older brother the lead vocalist for the popular band Crashers. Izumi himself, however, is just a nerdy college student. He loves the manga ""Magical Girl Lala Lulu"" and dreams of becoming a manga writer himself. One day he is roped into filming a commercial where he wears a dress. Another actor on the set, Ryoma Ichijo, mistakes him for a woman and falls in love at first sight. As it turns out, though, th...",6.625,32,"Animation, Comedy","romcom, romance, trap, cross dressing, based on manga, art, lgbt, showbiz, anime, otaku, gay theme, boys' love (bl)",LOVE STAGE!!,/drudqRieOKYqv66EISTSpT1v1t4.jpg,/wyiTVatTjFWSXmd5zCGUBuYYSoQ.jpg,15.2041,ja,TV,10,1,http://lovestage-tv.jp,"DAIGO, Tsubasa Yonaga, Daisuke Hirakawa",,
69295,Masamune Kuns Revenge,Ended,2017-01-05,24,"As a child, Masamune Makabe once suffered greatly at the hands of a wealthy and beautiful girl named Aki Adagaki, who nicknamed him ""Piggy"" due to his chubby appearance. Seeking revenge against his tormentor, Masamune works hard to improve himself and returns as an incredibly handsome, albeit narcissistic, high school student. When he encounters Aki once again, he is prepared to exact vengeance.With the aid of the rich girl's maid, Yoshino Koiwai, Masamune slowly begins to build his relationsh...",7.732,339,"Animation, Comedy, Drama","high school, bullying, harem, revenge, romcom, rivalry, romance, school, based on manga, school life, shounen, anime",政宗くんのリベンジ,/lOkjPZ2EO0K1H0CgRAd8SLBTOav.jpg,/iEVC4TM0CyH0AVq4BE3AnfB7tbO.jpg,20.848,ja,TV,24,2,http://www.masamune-tv.com,"Natsuki Hanae, Ayaka Ohashi, Inori Minase",,Masamune-kun no Revenge (Masamune-kun's Revenge) English Subbed
77939,Megalo Box,Ended,2018-04-06,24,"A desolate land stretches out from the city of poverty. A motorcycle speeds recklessly, blowing clouds of sand and dust. The rider is the protagonist of this story – he has neither a name nor a past. All he has is his ring name, “Junk Dog” and a technique for rigging MEGALOBOX matches with his pal Gansaku Nanbu, which they use to support their hand-to-mouth lives. JD is bored, resigned, and unfulfilled. Yuri has been the reigning champion of MEGALOBOX for the past few years. He has the skills an...",7.949,234,"Animation, Action & Adventure, Drama, Sci-Fi & Fantasy","sports, spin off, shounen, boxing, anime",メガロボクス,/mfXCEFdiMMWEUCGcCbdEo7bfhKK.jpg,/l3uSouoBpxN3aanoD5PiiBz1DBm.jpg,17.8221,ja,TV,26,2,https://megalobox.com,"Yoshimasa Hosoya, Hiroki Yasumoto, Michiyo Murase",,"Megalobox, Season 1 on Blu-ray | Official English Trailer | VIZ"
121078,Mieruko Chan,Ended,2021-10-03,24,"She can see dead people…she just chooses to ignore them. That’s Miko’s plan, anyway, with horrifying (and sometimes hilarious) results.",8.2,331,"Animation, Comedy, Mystery, Sci-Fi & Fantasy","supernatural, slice of life, school, based on manga, ghost, shounen, anime, japanese high school, horror",見える子ちゃん,/pNLGu2qOg0Blz8wGhGEDErjEn0Y.jpg,/wUSXlvGJqVLnvriGaVEY4m5Ib4K.jpg,20.6342,ja,TV,12,1,https://mierukochan.jp/,"Sora Amamiya, Kaede Hondo, Ayane Sakura",,
275623,Mononoke,Ended,2025-04-07,24,"In 1948 Tokyo, just right after the war, Kanna Kusakabe had just become a second-year at a high school when she meets the new language teacher, Akihiko Chuzenji. Mysterious supernatural things keep happening around Kanna. Once again today, Kanna is going to open the doors to the library prep room to seek help from the surly Chuzenji-sensei who is waiting inside.",7.0,1,"Animation, Mystery","strangeness, supernatural, school, tokyo, japan, based on manga, historical, shounen, anime, psychological, shōwa era (1926-89), mystery",中禅寺先生物怪講義録 先生が謎を解いてしまうから。,/6OOqlrGSBRV31TlzzHSukuySqwz.jpg,/naIXm0flz73EJrQWMTkGBmEjWao.jpg,21.3695,ja,TV,12,1,https://chuzenji-anime.jp,"Kaori Maeda, Katsuyuki Konishi, Shinnosuke Tachibana",,
211051,My Daemon,Ended,2023-11-23,0,"To save his mother, a kind-hearted boy and his tiny daemon friend set out on a journey across post-apocalyptic Japan as dark forces close in.",8.3,39,"Animation, Sci-Fi & Fantasy, Action & Adventure, Drama","hell, nuclear explosion, young boy, demon, science fiction",ดีมอนของผม,/5bWTE3CwBM6z8lew9BPykujeNwG.jpg,/mlU4e4NwPz28jSTq5Yzb6AuHqcN.jpg,20.7928,th,TV,13,1,https://www.netflix.com/title/81261227,"Miyuri Shimabukuro, Cocoro Kikuchi, Jouji Nakata",,Making Of [Subtitled]
116727,Odd Taxi,Ended,2021-04-06,24,"While working as a taxi driver on the hectic streets of Tokyo, a reticent walrus gets pulled into a mystery involving a missing teenage girl.",8.409,164,"Animation, Comedy, Mystery","taxi, taxi driver, disappearance, anthropomorphism, mysterious girl, mysterious past, anime, dark mysteries, incidents, mysteries, mysterious disappearance, suspense",オッドタクシー,/x3vFYmyz6gqbMwi4B9tHbUX2R60.jpg,/m7RQ7l2FnCTEnH58Zm8SQzJGYQH.jpg,20.7794,ja,TV,13,1,https://oddtaxi.jp/,"Natsuki Hanae, Ryohei Kimura, Riho Iida",,ODDTAXI | OFFICIAL TRAILER 2
62696,Oniai,Ended,2012-10-05,25,"Adorable young Akiko is thrilled to be reuniting with Akito, the handsome older brother she hasn’t seen in years! In fact, she might be a little too excited about living under the same roof with her precious big bro. This pint-sized cutie has a serious brother complex, and she’s definitely not interested in sharing his attention. Unfortunately for little sister, she and Akito won’t be living alone: three gorgeous girls from the student council will be along for the ride! So much for the peaceful...",6.8,20,"Animation, Comedy, Romance","forbidden love, high school, harem, school, school life, ecchi, anime, japanese high school",お兄ちゃんだけど愛さえあれば関係ないよねっ,/gHaRoBJfNhzbzq6B0R4Gn4nq1lc.jpg,/vceI7hiHAuWS35CLOe5HtZdEV4f.jpg,7.4734,ja,TV,12,1,http://www.oniai.com/,"Ibuki Kido, Ryota Osaka, Asami Shimoda",,"Ending | Life-Ru is Love-Ru!! - Liliana Sisters (Ibuki Kido, Minori Chihara, Asami Shimoda and Eri K"
128689,Onmyoji,Ended,2002-07-02,55,Depicts a confrontation between the onmyōji Abe no Seimei and some out to destroy the capital.,6.0,2,Drama,,陰陽師☆安倍晴明 〜王都妖奇譚〜,/9RUXqNkurw5qRpqOngSk1wFcIlx.jpg,/3pZORpKJOxKLNKB7hqvTSIaJIS2.jpg,4.7173,ja,TV,1,1,https://fujicreative.co.jp/forBuyers/drama/onmyoji-abe-no-seimei/,"Hiroshi Mikami, Naoki Hosaka, Takanori Jinnai",,
295386,Owarimonogatari,Ended,2019-05-18,0,"On the morning of March 16, Koyomi washed his face, and then he feels like his shadow in a mirror looks at him. When he touches a mirror without thinking, he falls into the reverse world. Can he go back to the real world?",0.0,0,,,続・終物語,/7Kq8xGf8hBudU9aHU8NOZpruqDY.jpg,,0.137,ja,TV,6,1,,,,
61459,Parasyte The Maxim,Ended,2014-10-09,23,"A species of parasitic aliens descends on Earth and quickly infiltrates humanity by entering the brains of vulnerable targets; insatiable beings that gain total control of their host and are capable of transforming themselves to feed on unsuspecting prey. High school student Shinichi Izumi falls victim to one of these parasites, but the creature fails to take over his brain and ends up in his right hand.",8.4,1274,"Animation, Drama, Sci-Fi & Fantasy, Action & Adventure","detective, high school, romance, alien, gore, tragedy, psychological thriller, based on manga, massacre, school life, seinen, anime, psychological, horror",寄生獣 セイの格率,/2ngHwPQhHGPpLkLQd2MTAI3iXPq.jpg,/zfk6siC4KRXurG4jJzSXHy9szGQ.jpg,57.2073,ja,TV,24,1,https://www.vap.co.jp/kiseiju,"Nobunaga Shimazaki, Aya Hirano",,
28136,Rurouni Kenshin,Ended,1996-01-10,25,"The Meiji Era was one of great renewal for Japan, where swords and killing were outlawed. However, many survivors from the time of Revolution still live, lurking in the shadows and waiting for a chance to use their killing blades again. Only Kenshin Himura, formerly one of the most brutal of killers, hopes to keep his swordsman's honor and still live in the new era.",8.522,762,"Action & Adventure, Animation, Comedy","assassin, samurai, exile, romance, historical, shinsengumi, shounen, anime, meiji period, wandering, bushi, bakumatsu, ishin shishi, kasei culture",るろうに剣心 明治剣客浪漫譚,/lQ4p6OF9KjagTfs8otZt0VTe3Al.jpg,/AwhfYDJHEsgUzEkd7Dp3fKaeHHU.jpg,59.8329,ja,TV,94,3,http://www.kenshin-tv.com/,"Mayo Suzukaze, Miki Fujitani, Mina Tominaga",,Himura Kenshin (Rurouni Kenshin Season 1 Trailer)
232402,S Line,Returning Series,2025-07-11,50,The show will present of a cryptic red line that appears over head of the people in the show.,8.429,7,"Sci-Fi & Fantasy, Drama, Mystery",based on webcomic or webtoon,S라인,/7TGolwcia6AI6uvInBOoedAi9Il.jpg,/x0rCzswwYCEm4HM3c8v8L8olB2X.jpg,157.4268,ko,TV,6,1,,"Lee Soo-hyuk, Lee Da-hee, Choi Ye-won",Ahn Ju-young,BANDE-ANNONCE / S LINE - Compétition
206630,Sasaki And Peeps,Returning Series,2024-01-05,0,"Sasaki is a middle-aged office worker living in Japan. Feeling drained by the vapid corporate world, he heads to the pet shop in search of a new companion. There he finds an adorable bird named Peeps and takes him home. But Sasaki quickly learns that Peeps isn’t your average bird…he’s a powerful mage from another world! Together, they embark on a magical adventure filled with swords and sorcery.",6.9,24,"Animation, Comedy, Sci-Fi & Fantasy","magic, slice of life, anime, based on light novel, salaryman",佐々木とピーちゃん,/kVp4PsyB8V839mGQjkn6kevBwKV.jpg,/xljpEwFQF6Rl1rU1w7SEs1pk3YE.jpg,14.4961,ja,TV,12,2,https://sasapi-anime.com,"Tomokazu Sugita, Aoi Yuuki, Rie Takahashi",,Official Trailer [Subtitled]
34805,Sekirei,Ended,2008-07-02,25,"Struggling yet brilliant, 19-year-old Minato Sahashi has failed his college entrance exams for the second time, resulting in him being regarded as worthless by those around him. However, the course of his seemingly bleak future is altered dramatically when a beautiful, supernatural woman falls from the sky and into his life. That woman, Musubi, is a ""Sekirei,"" an extraterrestrial with extraordinary abilities. Recognizing the potential of the Ashikabi gene within Minato, Musubi kisses him, initia...",7.2,81,"Animation, Comedy, Action & Adventure","harem, based on manga, ecchi, anime, big tits",セキレイ,/g5lGhwt2M3RHXPgfqgEHRvGM8F.jpg,/o0b07RBlyLxL64RYF8CMSl3SMiN.jpg,22.5151,ja,TV,25,2,http://www.sekirei-tv.com/,"Kana Hanazawa, Katsuyuki Konishi, Kana Ueda",,Sekirei - Phone Call
108891,Shenmue,Canceled,2022-02-06,24,"After he witnesses his father’s murder at the family dojo, Ryo Hazuki dedicates his life to finding the man responsible — a mission that takes him from the streets of Yokosuka, Japan to the sprawling metropolis of Hong Kong, and beyond. Soon he’ll learn that larger, mystical forces are at play as he trains to become the ultimate martial artist in his quest for revenge.",7.5,20,"Animation, Drama, Action & Adventure","japan, martial arts, revenge, death of father, hong kong, based on video game, 1980s, anime, vengeance",Shenmue the Animation,/owwTW4OVSG1IbU9gpVgRHbD6Dgz.jpg,/9qboi1jAeIFfgbCtA686kYQGTx.jpg,16.2907,ja,TV,13,1,https://shenmue-anime.jp,Masaya Matsukaze,,Official Crunchyroll Trailer [Subtitled]
110309,Sk8 The Infinity,Returning Series,2021-01-10,24,"""S"" is a dangerous, top secret, no-holds-barred downhill skateboarding race down an abandoned mine. When avid skateboarder Reki takes Langa to the mountain where ""S"" is held, Langa, who's never been on a skateboard in his life, finds himself sucked into the world of ""S"", and…?!",8.5,296,"Animation, Action & Adventure","competition, skateboarding, adrenaline, sports, bromance, battle, anime, youths, intense, gay subtext",SK∞ エスケーエイト,/kZHnqxP16mb2pVYthJfT4buYk4P.jpg,/rfEhgiJn80Z0YOyU6cU1v9hi0IS.jpg,19.4506,ja,TV,12,1,https://sk8-project.com,"Chiaki Kobayashi, Tasuku Hatanaka, Takehito Koyasu",,SK8 the Infinity Trailer 3
115577,Sonic Prime,Ended,2022-12-15,0,"When an explosive battle with Dr. Eggman shatters the universe, Sonic races through parallel dimensions to reconnect with his friends and save the world.",8.185,499,"Animation, Action & Adventure, Sci-Fi & Fantasy, Kids","exploration, fast, friends, confrontation, based on video game, run, hedgehog, other world",Sonic Prime,/mlDVnjgx89bmGvtXnKYDbowpadV.jpg,/pYiIcenKt7L2cMrhn67xAxCGgzR.jpg,18.4045,en,TV,23,3,https://www.netflix.com/title/81294811,"Deven Mack, Ashleigh Ball, Brian Drummond",,Official Trailer
284445,Takopis Original Sin,Returning Series,2025-06-28,0,"A Happy alien, Takopi, lands on Earth with one mission: to spread happiness! When he meets Shizuka, a lonely fourth grader, he vows to bring back her smile using his magical Happy Gadgets. But as he uncovers the pain in her life, Takopi learns that true happiness may require more than gadgets.",9.271,24,"Animation, Drama, Sci-Fi & Fantasy","depression, bullying, elementary school, alien, school, based on manga, shounen, anime, psychological, original net animation (ona)",タコピーの原罪,/xPXDVhVKt0XM34ihoUVMHtLYTw8.jpg,/6omimfVty4JD3LXzI5LHEGhXjwn.jpg,27.9207,ja,TV,6,1,https://www.tbs.co.jp/anime/takopi_project,"Kurumi Mamiya, Reina Ueda, Konomi Kohara",,Official Trailer [Subtitled]
160,Teenage Mutant Ninja Turtles 1987,Ended,1987-12-14,22,"Four turtles fall into the sewers and are befriended by Hamato Yoshi a Japanese man sent to New York who was forced to live in the sewers. One day he sees a strange green glow which transforms the four turtles into human-like creatures. Hamato (now Master Splinter) changes into a giant rat from the green glow and teaches the turtles the skills of the ninja as they team up with news reporter April O'Neil to battle against Yoshi's arch enemy Shredder and Krang, an alien warlord from Dimension X.",7.7,779,"Action & Adventure, Animation, Comedy, Kids","martial arts, mutant, pizza, supernatural, turtle, cartoon, superhero, based on comic, ninja, mutant animal, nostalgic, boys, western animation, sewers",Teenage Mutant Ninja Turtles,/AaihPizftZo5YCqzEgHMwkceaEo.jpg,/s1Kr1RntP2b8MdUKTYJxNmcVEBP.jpg,48.3837,en,TV,193,10,,"Cam Clarke, Barry Gordon, Townsend Coleman",,Teenage Mutant Ninja Turtles (Classic Series) (1994-1996) Intro
239287,Terminator Zero,Ended,2024-08-29,0,A warrior from a post-apocalyptic future travels to 1997 to protect an AI scientist being hunted by an unfeeling — and indestructible — cyborg.,7.1,164,"Animation, Sci-Fi & Fantasy, Action & Adventure","japan, artificial intelligence (a.i.), time travel, end of the world, soldier, anime, 1990s",ターミネーター 0,/v4sbn6IsJGAIZNHjdB4CprvS7zo.jpg,/woH18JkZMYhMSWqtHkPA4F6Gd1z.jpg,6.4288,ja,TV,8,1,https://www.netflix.com/title/81217220,"Yuuya Uchida, Hiro Shimono, Saori Hayami",,Sneak Peek: Highway Standoff
207250,The Dangers In My Heart,Ended,2023-04-02,23,"Kyotaro Ichikawa, a boy barely clinging to the bottom rung of his school's social ladder, secretly believes he’s the tortured lead in some psychological thriller. He spends his days dreaming up ways to disrupt his classmates' peaceful lives and pining after Anna Yamada, the class idol. But Kyotaro's not nearly the troubled teen he pretends to be…and it turns out Anna's a bit odd herself!",8.551,188,"Animation, Comedy","adolescence, romance, slice of life, school, middle school, based on manga, shounen, anime",僕の心のヤバイやつ,/mKhMmREBOKXtp3tlv9rnLRxZec5.jpg,/3hbvuY7ZQXsQjGC66JN6JTvRGC0.jpg,48.0141,ja,TV,25,1,https://bokuyaba-anime.com,"Shun Horie, Hina Youmiya",,Trailer 3
119495,The Eminence In Shadow,Ended,2022-10-05,24,"Shadowbrokers are those who go unnoticed, posing as unremarkable people, when in truth, they control everything from behind the scenes. Sid wants to be someone just like that more than anything, and something as insignificant as boring reality isn’t going to get in his way! He trains in secret every single night, preparing for his eventual rise to power—only to be denied his destiny by a run-of-the-mill (yet deadly) traffic accident. But when he wakes up in a another world and suddenly finds him...",8.1,196,"Animation, Comedy, Sci-Fi & Fantasy, Action & Adventure","magic, secret organization, reincarnation, harem, parody, ecchi, anime, isekai, based on light novel",陰の実力者になりたくて！,/7JKYmtLydAwo9ZsEmAknZiO4U8g.jpg,/htD5SJpPOvkmAowU80KrWnN59WO.jpg,43.1433,ja,TV,32,2,https://shadow-garden.jp,"Seiichiro Yamashita, Asami Seto, Inori Minase",,Dub Trailer
271607,The Fragrant Flower Blooms With Dignity,Returning Series,2025-07-06,24,"When the intimidating Rintaro meets the open-minded Kaoruko, the unlikely duo grows closer. The issue? Their neighboring high schools hate each other.",9.4,16,"Animation, Drama, Comedy","based on comic, romance, shounen, anime, japanese high school, romantic",薫る花は凛と咲く,/fcAKLwLJf6G8QaoGdJyxrVCHBnY.jpg,/riMDV04KJfJqtGFurehl8Uvgs83.jpg,51.9699,ja,TV,13,1,https://kaoruhana-anime.com,"Yoshinori Nakayama, Honoka Inoue, Kikunosuke Toya",,Official Clip [Subtitled]
81723,The Gilded Age,Returning Series,2022-01-24,0,"It’s 1882 and the Gilded Age is in full swing when Marian Brook, a young orphaned daughter of a Southern general, moves in with her rigidly conventional aunts in New York City. With the help of Peggy Scott, an African-American woman masquerading as her maid, Marian gets caught up in the dazzling lives of her rich neighbors as she struggles to decide between adhering to the rules or forging her own path.",7.783,203,Drama,"new york city, period drama, high society, financier, spinsters, costume drama, upstairs downstairs, 19th century, class system, railroad builder, social and industrial development, 1880s, new money, old money, new york city history, american gilded age, african american progress",The Gilded Age,/4zXlBCc1rNTDtrfMCBFIGKWlwnC.jpg,/jPcQlhoJ3LrOfKwCvGD58P8rC5b.jpg,54.8943,en,TV,25,3,https://www.hbo.com/the-gilded-age,"Carrie Coon, Morgan Spector, Louisa Jacobson",,Official Trailer
253372,The Institute,Returning Series,2025-07-13,58,"When 14 year old genius Luke Ellis is kidnapped, he awakens at The Institute, a facility full of children who all got there the same way he did, and who are all possessed of unusual abilities. In a nearby town, haunted former police officer Tim Jamieson has come looking to start a new life, but the peace and quiet won’t last, as his story and Luke’s are destined to collide.",8.455,11,"Mystery, Sci-Fi & Fantasy","based on novel or book, miniseries, psychological horror, thriller",The Institute,/7JXZdWifaa6wL0XLRi0GJOlOA8y.jpg,/mcU5nwUqPJB6GeElDhKA68LKhqD.jpg,72.6333,en,TV,8,1,https://www.mgmplus.com/series/the-institute,"Ben Barnes, Joe Freeman, Simone Miller",,Opening Credits
83097,The Promised Neverland,Ended,2019-01-11,23,"Surrounded by a forest and a gated entrance, the Grace Field House is inhabited by orphans happily living together as one big family, looked after by their ""Mama,"" Isabella. Although they are required to take tests daily, the children are free to spend their time as they see fit, usually playing outside, as long as they do not venture too far from the orphanage — a rule they are expected to follow no matter what. However, all good times must come to an end, as every few months, a child is adopte...",8.354,1172,"Animation, Mystery, Sci-Fi & Fantasy, Action & Adventure, Drama, Crime","child abuse, blackmail, dystopia, agriculture, friendship, revenge, murder, survival, tragedy, coming of age, rebellion, based on manga, demon, mutilation, dark fantasy, angst, shounen, anime, psychological, suspense",約束のネバーランド,/oBgRCpAbtMpk1v8wfdsIph7lPQE.jpg,/uAjMQlbPkVHmUahhCouANlHSDW2.jpg,30.4439,ja,TV,23,2,https://neverland-anime.com,"Sumire Morohoshi, Mariya Ise, Shinei Ueki",,The Promised Neverland Trailer 2
105009,Tokyo Revengers,Returning Series,2021-04-11,24,"Takemichi Hanagaki is a freelancer that’s reached the absolute pits of despair in his life. He finds out that the only girlfriend he ever had, in middle school, Hinata Tachibana, had been killed by the ruthless Tokyo Manji Gang. The day after hearing about her death, he’s standing on the station platform and ends up being pushed over onto the tracks by a herd of people. He closes his eyes thinking he’s about to die, but when he opens his eyes back up, he somehow had gone back in time 12 years. N...",8.437,1240,"Animation, Drama, Action & Adventure, Crime","time travel, delinquency, based on comic, revenge, romance, school, bromance, aggressive, shounen, anime, furyo",東京リベンジャーズ,/arB3L9pZZBSzUPSC8BEv8c3X0bF.jpg,/wjw3wrmkjjApu83Y4SxmQ5gP2mZ.jpg,33.592,ja,TV,50,1,https://tokyo-revengers-anime.com/,"Yuuki Shin, Azumi Waki, Ryota Osaka",,Official Trailer
117830,Tomb Raider The Legend Of Lara Croft,Returning Series,2024-10-10,0,"Thrust into a high-stakes chase around the world, fearless adventurer Lara Croft confronts her traumatic past while unraveling an ancient mystery.",6.315,100,"Action & Adventure, Animation","based on video game, adventurer, chinese mythology, traumatic past",Tomb Raider: The Legend of Lara Croft,/uMWIPc5uUAkNxXR61EdTQ6v4xfA.jpg,/94qWpm0EjFJzhojO120JzWoNM2u.jpg,12.6363,en,TV,8,1,https://www.netflix.com/title/81361105,"Hayley Atwell, Allen Maldonado, Earl Baylon",,Alligator Attack
42916,Toradora,Ended,2008-10-02,23,"Ryūji Takasu is a gentle high school student with a love for housework; but in contrast to his kind nature, he has an intimidating face that often gets him labeled as a delinquent. On the other hand is Taiga Aisaka, a small, doll-like student who is anything but a cute and fragile girl. Equipped with a wooden katana and feisty personality, Taiga is known throughout the school as the ""Palmtop Tiger."" One day, an embarrassing mistake causes the two students to cross paths. Ryūji discovers that Tai...",8.219,603,"Animation, Comedy, Drama","based on novel or book, delinquent, friendship, high school, slapstick comedy, love, romcom, growing up, romance, slice of life, unrequited love, coming of age, school, school life, seinen, shoujo, anime, love polygon, tsundere",とらドラ！,/jgLSYTAgjQgwBqLEw1bgr8vNxeK.jpg,/3IxznCOIYjajctSJ6BtlkDfJ22Y.jpg,34.464,ja,TV,25,1,http://www.tv-tokyo.co.jp/anime/toradora/,"Rie Kugimiya, Junji Majima, Yui Horie",,Opening 2 | Silky Heart - Yui Horie
61461,Yona Of The Dawn,Ended,2014-10-07,24,"The legend of the Four Dragons and the origin of the land has been passed down for generations in the land of Kouka. Currently, Hiryuu Palace has no one else next in line for the throne other than the fifteen year old princess, Yona, who had been raised with care.Finally, the night of her sixteenth birthday arrives. She expects it to be a wonderful day spent with her peace-loving father, Il, her servant and friend Hak, and her cousin Soo-won, who she had feelings for... However... That night, ...",8.41,268,"Animation, Drama, Comedy, Action & Adventure, Sci-Fi & Fantasy","reincarnation, politics, revenge, romance, royalty, betrayal, coming of age, dragon, based on manga, historical, shoujo, anime, bishounen, adventure",暁のヨナ,/aKLARBbIVlluToqSNYNQ0XOLhP.jpg,/k3KlMWPt8lJ5Pe48xuykeldCnI3.jpg,62.6717,ja,TV,24,1,http://marv.jp/special/yona,"Chiwa Saito, Tomoaki Maeno, Yusuke Kobayashi",,Trailer
138503,Your Friendly Neighborhood Spider Man,Returning Series,2025-01-29,0,"Peter Parker is on his way to becoming a hero, but his path to get there is anything but ordinary.",7.812,189,"Animation, Action & Adventure, Sci-Fi & Fantasy, Comedy","high school, superhero, based on comic, nostalgic, teen superhero, origin story, 3d animation",Your Friendly Neighborhood Spider-Man,/kjcsNeqF52YUQ2rUBGLMHwLkxvR.jpg,/kkT2B2gmynoh9kZMo1gromLNeqy.jpg,33.3578,en,TV,10,1,https://www.disneyplus.com/series/your-friendly-neighborhood-spider-man/7e5MeUbivjlO,"Hudson Thames, Colman Domingo, Eugene Byrd",,Meet Peter Parker
61663,Your Lie In April,Ended,2014-10-10,23,"Kousei Arima was a genius pianist until his mother's sudden death took away his ability to play. Each day was dull for Kousei. But, then he meets a violinist named Kaori Miyazono who has an eccentric playing style. Can the heartfelt sounds of the girl's violin lead the boy to play the piano again?",8.6,1056,"Animation, Comedy, Drama","trauma, classical music, friendship, rivalry, romance, unrequited love, tragedy, school, middle school, based on manga, pianist, school life, piano, shounen, anime, prodigy, love polygon, introspective, music, dramatic",四月は君の嘘,/rRjfH3ckTYz8z8aSkJshFL4VyK9.jpg,/x6jWDL4H9TaBLGEvyej0qKiirBU.jpg,37.364,ja,TV,22,1,http://www.kimiuso.jp/,"Natsuki Hanae, Risa Taneda, Ayane Sakura",,Opening 1 | If You Will Shine - Goose House
902,Yu Gi Oh Duel Monsters,Ended,2000-04-18,24,"Bullies often target someone frail and weak—someone exactly like Yûgi Muto. He treasures his Millennium Puzzle, an ancient Egyptian artifact that was brought into his grandfather's game shop. Believing that solving the puzzle will grant him his wish, he completes the puzzle, unleashing a new personality within him, the soul of the ""King of Games."" The new personality named Yami Yûgi is the exact opposite of Yûgi. Upon any injustice toward him, Yami Yûgi takes over Yûgi's body and forces the oppo...",8.244,971,"Animation, Action & Adventure","egypt, monster, card game, mythology, magic, friendship, friends, remake, school, trap, giant monster, duel, based on manga, battle, trapped, strategy, mysterious, card, shounen, anime, japanese high school, rival, mysterious events, fantasy, secret, adventure",遊☆戯☆王デュエルモンスターズ,/ra8CKkCHjSok8L9meEP4WuOukNK.jpg,/gJYZBM200Flldo6im3EEdXslR1j.jpg,83.5824,ja,TV,224,1,https://www.tv-tokyo.co.jp/anime/yugioh2000/,"Kenjiro Tsuda, Hiroki Takahashi, Shunsuke Kazama",,"Season 1, Version 1 Opening Theme"
68129,Yuri On Ice,Ended,2016-10-06,23,"While on the verge of retirement, skater Yuri Katsuki meets Yuri Plisetsky and Victor Nikiforov, two skaters who rekindle his competitive fire.",8.557,623,"Animation, Comedy, Drama","competition, training, sports, romance, figure skating, tournament, ice skating, anime, boys' love (bl)",ユーリ!!! on ICE,/oxenakJNCj06JrWHENjvwaWGcSz.jpg,/mWwWhDiQWONiSS4Go12TTjNw0E5.jpg,19.7149,ja,TV,12,1,https://yurionice.com/,"Toshiyuki Toyonaga, Junichi Suwabe, Koki Uchiyama",,Yuri!!! on Ice Opening
86034,Arifureta From Commonplace To Worlds Strongest,Ended,2019-07-08,24,"Hajime Nagumo and his high school class are suddenly summoned to a fantastical land as heroes. But while most of his classmates have powerful stats and abilities, Hajime does not. Underappreciated and unprepared, he tumbles into the depths of a monster-infested dungeon where voracity and sacrifice are his only options. To thrive in this savage world, he’ll have no choice but to welcome the abyss.",8.504,600,"Animation, Action & Adventure, Sci-Fi & Fantasy","vampire, high school, harem, eye patch, adventurer, anime, sword and sorcery, japanese high school, isekai, human vampire relationship, guns, vampiress (female vampire), based on light novel, adventure, classmates relationship, teen fantasy",ありふれた職業で世界最強,/kB9tdE00Z5zWIJQux1jiYvRyPIC.jpg,/1lL1ts7dzTUp0eOTHvMqfw6zFJn.jpg,8.7979,ja,TV,41,3,https://arifureta.com,"Toshinari Fukamachi, Yuuki Kuwahara, Minami Takahashi",,Official Trailer [Subtitled]
102661,Arslan Senki,Returning Series,1995-01-26,0,,2.0,1,Animation,,Arslan Senki,/vjRi9p8dCaDlAVA9BAb9CSI2CXv.jpg,,0.1516,es,TV,1,1,,,,
1429,Attack On Titan,Ended,2013-04-07,0,"Many years ago, the last remnants of humanity were forced to retreat behind the towering walls of a fortified city to escape the massive, man-eating Titans that roamed the land outside their fortress. Only the heroic members of the Scouting Legion dared to stray beyond the safety of the walls – but even those brave warriors seldom returned alive. Those within the city clung to the illusion of a peaceful existence until the day that dream was shattered, and their slim chance at survival was reduc...",8.668,6867,"Animation, Sci-Fi & Fantasy, Action & Adventure","fascism, dystopia, politics, gore, survival, tragedy, giant monster, based on manga, super power, family tragedy, military, dark fantasy, shounen, anime, war, suspense, grand, suspenseful, mystery, commanding",進撃の巨人,/hTP1DtLGFamjfu8WqjnuQdP1n4i.jpg,/aok7IhrbA83josNz9Dqh8tNA0Ao.jpg,45.5096,ja,TV,87,4,https://shingeki.tv/,"Yuki Kaji, Yui Ishikawa, Marina Inoue",,Curious About Attack on Titan? Start Here!
213233,Ayaka,Ended,2023-07-02,24,"The story follows Yukito Yanagi, an orphan who one day encounters an eccentric disciple of his father's. The strange man takes him to his birthplace on Ayakajima, made up of seven islands where mysterious beings called ""Mitama"" and dragons are rumored to reside. There, Yukito meets his father's two other disciples, who protect the harmony of Ayakajima… which soon threatens to collapse.",5.643,14,"Animation, Drama, Sci-Fi & Fantasy","shounen, anime, fantasy",AYAKA ‐あやか‐,/8v6p3nkSVW5p1UIpoaTIGHCz6hO.jpg,/g5o5GiRepRY5Mfaa05aaV29Ma2n.jpg,18.6045,ja,TV,12,1,https://ayaka-project.com/,"Yuto Uemura, Takuma Terashima, Yuuichirou Umehara",,Promotional Video [Subtitled]
111111,Blood Of Zeus,Ended,2020-10-27,0,"In a brewing war between the gods of Olympus and the titans, Heron, a commoner living on the outskirts of ancient Greece, becomes mankind's best hope of surviving an evil demon army, when he discovers the secrets of his past.",7.79,557,"Animation, Action & Adventure, Sci-Fi & Fantasy","greek mythology, god, ancient greece, dark fantasy, demigod, anime, power",Blood of Zeus,/zXRR5tgGLtKrRmuN4ko9SLAdCiZ.jpg,/5Oj9YrVNadPGMyMOCt9SDfeF3Je.jpg,24.2777,en,TV,24,3,https://www.netflix.com/title/81001988,"Derek Phillips, Fred Tatasciore, Jessica Henwick",,Official Trailer
138357,Call Of The Night,Returning Series,2022-07-08,23,"Nanakusa is a vampire. That's okay with human Ko. He wants to be one too. But transformation doesn't come that easily...When Nazuna invites Ko to spend the night at her place in an abandoned building, he's stoked! But then he awakens to kisses on his neck with a little too much bite to them... Is it just the delicious taste of his blood that makes her meet him night after night for late-night adventures, conversation and...naps? Or something else? Then, when a cute girl from Yamori's past show...",7.59,105,"Animation, Comedy, Sci-Fi & Fantasy","adolescence, vampire, romance, slice of life, based on manga, shounen, anime, adoring, comforting, euphoric, familiar",よふかしのうた,/rDhwDG2ii8c3nCcfUNp6mogGQ93.jpg,/ohgC4YPhYO4mjTW64JRK0abx6lQ.jpg,50.5124,ja,TV,25,2,https://yofukashi-no-uta.com,"Gen Sato, Sora Amamiya",,Trailer
24106,Captain Tsubasa Road To,Ended,2001-10-07,0,"Tsubasa becomes a superstar amongst soccer players in Brazil. He is now planning to play in Europe. At an important must-win game, as the fans cheer him on, Tsubasa looks back at the days when he started his soccer life. His passion to make goals and win the game is as strong as it was during his childhood. He recalls the games and moments that had decisive impact on his life. He remembers Goalkeeper Wakabayashi, Genius striker Hyuga, tender-hearted Misaki and Coach Roberto. He was happy to meet...",7.73,274,"Animation, Drama, Action & Adventure","sports, football (soccer), based on manga, anime, prodigy",キャプテン翼,/mFQYzHQr6IpzjR3bxFYE2pHBBny.jpg,/wj29buGmdKH1crhCnq6GEM6PczN.jpg,32.1855,ja,TV,52,1,http://www.tv-tokyo.co.jp/anime/cap_tsuba/,"Akira Ishida, Takehito Koyasu, Tomokazu Seki",,
80671,Cells At Work,Ended,2018-07-08,24,"This is a story about you. A tale about the inside of your body... According to a new study, the human body consists of approximately 37 trillion cells. These cells are hard at work every day within a world that is your body. From the oxygen-carrying red blood cells to the bacteria-fighting white blood cells, get to know the unsung heroes and the drama that unfolds inside of you! It's the oddly relatable and interesting story that is the life of cells!",8.1,283,"Animation, Action & Adventure, Comedy","medicine, narration, biology, based on manga, fighting, educational, episodic, mutilation, anatomy, shounen, anime, healthcare",はたらく細胞,/sgwwEGvNy7vCJN8IVnl44tuVlMZ.jpg,/aOQL8UYduNxDePbynZROLZ1nfsf.jpg,31.0929,ja,TV,21,2,https://hataraku-saibou.com,"Kana Hanazawa, Tomoaki Maeno",,Trailer 2 [Subtitled]
258348,Clevatess,Returning Series,2025-07-02,0,"One of the Lords of Dark Beasts, Clevatess’s reign shatters when he revives a hero he personally slayed and adopts an orphaned humanoid baby—the last hope to save a dying world. Now bound together, what fate awaits this unlikely trio?",8.8,15,"Animation, Action & Adventure, Sci-Fi & Fantasy, Drama","based on manga, seinen, anime",クレバテス-魔獣の王と赤子と屍の勇者,/31I6eGFgYbbn5FMwzxOVlZfYETW.jpg,/UErKAycnzSAJqGvJpSy0tw5auS.jpg,43.5056,ja,TV,12,1,https://clevatess.com,"Haruka Shiraishi, Mutsumi Tamura, Yuichi Nakamura",,Official Trailer [Subtitled]
214540,Dead Mount Death Play,Ended,2023-04-11,24,"As a legendary hero nears victory against a necromancer known as The Corpse God, things take an unexpected turn with the dark sorcerer’s final gambit—reincarnation magic. This last-ditch effort catches the brave fighter off guard, and now he’s a boy named Polka Shinoyama in a whole new world! The showdown between good and evil just got epic.",7.0,47,"Animation, Action & Adventure, Sci-Fi & Fantasy","reincarnation, supernatural, based on manga, seinen, anime, reverse isekai",デッドマウント・デスプレイ,/oOlg3bPWOKBgy5kgOTVe8pJz4HI.jpg,/tNiN29L1IaLK5uQIGMgtQvUKQVt.jpg,23.9824,ja,TV,24,1,https://dmdp-anime.jp/,"Yuki Sakakihara, Inori Minase, Yuma Uchida",,Official Trailer [Subtitled]
889,Eureka Seven,Ended,2005-04-17,24,"Renton Thurston desires to leave his home behind and join the mercenary group known as Gekkostate, hoping to find some adventure. When a robot crashes through Renton's garage the meeting sparks the beginning of Renton's involvement with Gekkostate as he takes off alongside the young girl Eureka as the co-pilot of the Nirvash.",7.45,60,"Action & Adventure, Sci-Fi & Fantasy, Animation, Drama","alien, mecha, coming of age, giant robot, military, anime, real robot, interspecies romance, hoverboard, adventure, romantic, amused, disdainful, excited",交響詩篇エウレカセブン,/8UEQjulTcPpVJhHvNosbBi4Ufq4.jpg,/nSsfjnb6DePlWuNiygxfkGUMWIL.jpg,8.1359,ja,TV,74,2,https://eurekaseven.jp/archive/eureka/,"Yutaro Honjo, Kanako Miyamoto, Ayaka Ohashi",,Opening 4 | Sakura - Nirgilis [Creditless]
260823,From Old Country Bumpkin To Master Swordsman,Returning Series,2025-04-05,0,"Beryl Gardenant, a middle-aged swordsman running a dojo in the backwaters, lives a quiet life, until Allucia, former student and Commander of the Royal Order of Knights, appears! Beryl’s life is about to change dramatically! City life. Old students. New friends and formidable foes. It’s all too much. But after years of training, he has mad skills, and he’s been dubbed “the backwater swordmaster.”",7.628,39,"Animation, Action & Adventure, Sci-Fi & Fantasy, Comedy","swordplay, sword, magic, harem, seinen, anime, sword and sorcery, based on light novel",片田舎のおっさん、剣聖になる,/ujQp5egkJOkDHx4TehlgHePFcRv.jpg,/sEagMcuLL3beaHc3ToiZicMuYSb.jpg,37.0857,ja,TV,12,1,https://ossan-kensei.com,"Hiroaki Hirata, Nao Toyama, Yuuki Hirose",,Official Trailer [Subtitled]
85991,Fruits Basket,Ended,2019-04-06,24,"After a family tragedy turns her life upside down, 16-year-old high school student Tohru Honda takes matters into her own hands and moves out… into a tent! Unfortunately for her, she pitches her new home on private land belonging to the mysterious Soma clan, and it isn't long before the owners discover her secret. But, as Tohru quickly finds out when the family offers to take her in, the Somas have a secret of their own—when hugged by the opposite sex, they turn into the animals of the Chinese Z...",7.895,143,"Animation, Drama, Comedy","friendship, supernatural, high school, bullying, remake, romcom, rivalry, romance, slice of life, dysfunctional family, based on manga, turns into animal, school life, shoujo, anime, bishounen, drastic change of life, chinese zodiac signs, japanese high school, zodiac signs",フルーツバスケット,/9TGNcvMm91QXmnnCCYYqnYK0bK7.jpg,/2vIjTPITEoHeetz1jU4UxyHL9tg.jpg,41.9683,ja,TV,63,3,https://fruba.jp,"Manaka Iwami, Nobunaga Shimazaki, Yuma Uchida",,Fruits Basket The Final Season - Trailer
107257,Grand Blue,Ended,2020-10-08,3,"The four-panel gag manga based on Cygames’ celebrated RPG series Granblue Fantasy is getting a short anime adaptation! Journey back into the vast blue skies to join Vyrn, Lyria, Katalina, Rackam, and many others and see a different side to the beloved characters and world of Granblue Fantasy!",5.4,8,"Animation, Comedy, Action & Adventure, Sci-Fi & Fantasy","magic, based on manga, anime, chibi",ぐらぶるっ！,/vhVukPmVYhEs2R3TomA709poaJl.jpg,/mirI0pXbkyZkZhRc70koVCnqemP.jpg,19.195,ja,TV,12,1,https://guraburu.granbluefantasy.jp/,"Kenichi Suzumura, Aya Hisakawa, Hiroki Yasumoto",,
16830,Hellsing,Ended,2001-10-11,23,"Vampires exist. It is the duty of Hellsing, an organization sponsored by the British government, to hide that frightening fact and protect the blissfully unaware populace. Along with its own personal army, Hellsing also has a few secret weapons. Alucard, an incredibly powerful vampire, has been controlled by Hellsing for years. Although he dislikes being a servant to the Hellsing family, he certainly enjoys his job as Hellsing’s vampire exterminator. Seras is a fledgling vampire and a former pol...",7.895,543,"Action & Adventure, Animation, Mystery, Sci-Fi & Fantasy","christianity, london, england, shapeshifting, anti hero, vampire, secret organization, police, supernatural, vampire hunter (slayer), gore, religion, gunfight, zombie, based on manga, dark fantasy, seinen, anime, alternate ending, horror",ヘルシング,/xA3wsLJzj6XnvuryerPBPwoQodH.jpg,/6HerLaK4Mjjtssma4fF3qQUixX5.jpg,21.0115,ja,TV,13,1,https://www.gonzo.co.jp/works/hellsing/index.html,"Jouji Nakata, Fumiko Orikasa, Yoshiko Sakakibara",Umanosuke Iida,Opening | COOL ✞ ~A World Without Logos~ - Yasushi Ishii
75475,Higurashi No Naku Koro Ni,Ended,2016-05-20,0,"Early summer, Maebara Keiichi had just moved to a remote mountain village. As he becomes close friends with a group of girls, he was enjoying his life in the village. However, when he starts to become suspicious that Ryūgū Rena, Sonozaki Mion and the others that Keiichi trusted may be deeply involved in successive murders that occur every summer, the situation around Keiichi gradually starts to turn. As if the girls' characters had completely changed, a sewing needle is found in his food, he is ...",6.0,2,"Mystery, Comedy, Drama",shrine,ひぐらしのなく頃に,/wNP2yZ3jaNj0qqojVbyn1jw1JMU.jpg,,2.5479,ja,TV,10,2,https://www.bs-sptv.com/higurashi/,,Tarô Miyaoka,
233408,Houkago Shounen Hanako-kun,Ended,2023-10-13,10,"The spirit Hanako-kun and his human assistant, first-year student Nene Yashiro, keep the peace between supernatural forces and the students of Kamome Academy. When they’re not fighting to maintain balance between the living and spirit worlds, how do they spend their time? Join Hanako-kun and Nene on their adventures after school!",8.12,25,"Animation, Comedy, Sci-Fi & Fantasy","supernatural, school, based on manga, spirit, haunted school, anime, short film",放課後少年花子くん,/6qtqmilWKwgbcz7l31aTvj7Edmu.jpg,/otPRxPpTVNVwAWK1bB3vQ1H1usO.jpg,17.3928,ja,TV,8,1,https://www.tbs.co.jp/anime/hanakokun,"Megumi Ogata, Akari Kito, Shoya Chiba",,Official Trailer [Subtitled]
238892,I Parry Ever,Returning Series,2024-07-05,24,"Noor's dead set on becoming an adventurer, even if the only skills he possesses are useless ones. Sure, he can [Parry] thousands of swords in the span of a single breath, but you need more than that if you want to be an adventurer! Right?",8.0,42,"Action & Adventure, Animation","magic, adventurer, anime, based on light novel",俺は全てを【パリイ】する〜逆勘違いの世界最強は冒険者になりたい〜,/arYDvPe3MS4lgt6K4gYRlXCJhXS.jpg,/t324alfKvsj3OnLULib7jud9k8m.jpg,17.8022,ja,TV,12,1,https://parry-anime.com,"Daiki Hamano, Ryoko Maekawa, Nanako Mori",,Dub Trailer
105556,Ijiranaide Nagatoro-san,Ended,2021-04-11,24,"""A girl in a lower grade just made me cry!"" One day, Senpai visits the library after school and becomes the target of a super sadistic junior! The name of the girl who teases, torments, and tantalizes Senpai is ""Nagatoro!"" She's annoying yet adorable. It's painful, but you still want to be by her side. This is a story about an extremely sadistic and temperamental girl and you'll feel something awaken inside of you.",8.3,774,"Animation, Comedy, Drama","romcom, slice of life, school, based on manga, ecchi, shounen, anime, gyaru",イジらないで、長瀞さん,/ogXmggjfiDHBOBwA3JyuEzCr814.jpg,/8dNNxQMx4hOLwihNoAyDkreboiP.jpg,28.9384,ja,TV,24,2,https://nagatorosan.jp,"Sumire Uesaka, Daiki Yamashita",,"DON'T TOY WITH ME, MISS NAGATORO | OFFICIAL TRAILER"
274069,Kowloon Generic Romance,Ended,2025-04-05,24,"Real estate agents Reiko Kujirai and Hajime Kudo work in the nostalgic Kowloon Walled City. As they spend more time together, Reiko’s feelings for Hajime grow. But when she finds a photo of him and his former fiancée, she’s shocked to see the woman looks exactly like her. Reiko then realizes a chilling truth: she has no memory of her past.",6.944,9,"Animation, Drama, Sci-Fi & Fantasy","workplace, romance, slice of life, based on manga, seinen, anime, kowloon",九龍ジェネリックロマンス,/j13aUJ1WfCtYCldCC6weTUcBvNc.jpg,/wCWHR9uBUZtoIvQAN32r4BwN7Su.jpg,27.5216,ja,TV,13,1,https://kowloongr.jp/anime/index.html,"Haruka Shiraishi, Tomokazu Sugita, Ryotaro Okiayu",,Official Trailer [Subtitled]
27660,Legend Of The Galactic Heroes,Ended,1988-12-01,25,"For decades, the Galactic Empire has been locked in an interstellar war with the Free Planets Alliance, a conflict that involves thousands of spaceships and millions of soldiers on both sides. Two new commanders enter the conflict with great hopes: Imperial Admiral Reinhard von Lohengramm and the FPA's Yang Wen-Li. As they deal with superiors and subordinates, maneuver through complicated political arrangements, plot strategies, and win battles, each will be tested, and ultimately, changed, by t...",8.7,82,"Sci-Fi & Fantasy, Animation, Drama, War & Politics","based on novel or book, bromance, military, anime, original video animation (ova)",銀河英雄伝説,/j6amUPH88lc7cJf54MKZCf4a9NA.jpg,/fWZu2vaHJg7M6iwqeFPO3rMHTi7.jpg,5.6741,ja,TV,110,4,http://www.ginei.jp/,"Kei Tomiyama, Ryo Horikawa, Kazuhiko Inoue",,Legend of the Galactic Heroes Official Trailer
51476,Leviathan,Ended,2013-04-06,20,"The fantasy world of Aquafall is abound with water and greenery, and populated by dragons and fairies. Meteorites of evil creatures threaten all living things on the planet. The fairy Syrup assembles the Aquafall Defense Force, with three girls of the dragon clans as recruits. The story follows Syrup and the dragon girls Leviathan, Bahamut, and Jörmungandr as they work together to battle enemies and grow up.",8.0,45,"Animation, Sci-Fi & Fantasy, Comedy","based on video game, anime",絶対防衛レヴィアタン,/1kNKmSR9BJUpjrGMcgG3coIGwkp.jpg,/ppakb03zOIqblmyz979yjkKfYfK.jpg,12.4309,ja,TV,13,1,http://leviathan-anime.net/index.html,"Saori Hayami, Eri Kitamura, Ayana Taketatsu","Go Zappa, Kenichi Yatani, Yasunori Ide",
63191,Liar Liar,Ended,2015-01-28,45,"Set in 1930s Shanghai, Jiang Xin, an heir to a wealthy family, loses her memory in an accident. Du Xiaohan assumes her identity, while the real Jiang Xin is captured by powerful businessman Bai Zhangjie.",8.0,1,Drama,"period drama, 1930s",千金女贼,/pLl6lLC1ejCN7hwgmjeK8bA1Q4o.jpg,/g0GUylSibrwRUSMx4AlK09jTPZx.jpg,12.0484,zh,TV,46,1,,"Tang Yan, Hawick Lau Hau-Wai, Yang Rong",,
60654,Magi The Labyrinth Of Magic,Ended,2012-10-07,24,"This story is about the flow of fate and the battle to keep the world on the right path. Aladdin is a boy who has set out to explore the world after being trapped in a room for most of his life. His best friend is a flute with a djinn in it named Ugo. Soon enough, Aladdin discovers he is a Magi, a magician who chooses kings, and he was born to choose kings who will follow the righteous path, battling against those who want to destroy fate. Follow his adventures as he meets others from 1001 Arabi...",8.5,189,"Animation, Action & Adventure, Sci-Fi & Fantasy","middle east, magic, friendship, djinn, based on manga, dungeon, arabian nights, shounen, anime, fantasy, adventure",マギ,/cDIDw98GGkVvyDa2ko0KGmE5g2A.jpg,/AcKnrZgsf8ea8NJWdGWlqSYTQBG.jpg,24.1623,ja,TV,50,2,http://www.project-magi.com/,"Kaori Ishihara, Yuki Kaji, Ryohei Kimura",,Opening 1 | V.I.P. - SID [Creditless]
67075,Mob Psycho 100,Ended,2016-07-12,24,"Shigeo Kageyama, a.k.a. ""Mob,"" is a boy who has trouble expressing himself, but who happens to be a powerful esper. Mob is determined to live a normal life and keeps his ESP suppressed, but when his emotions surge to a level of 100%, something terrible happens to him! As he's surrounded by false espers, evil spirits, and mysterious organizations, what will Mob think? What choices will he make?",8.5,1182,"Animation, Action & Adventure, Comedy, Sci-Fi & Fantasy","supernatural, based on comic, psychic power, slice of life, coming of age, sibling rivalry, based on manga, super power, occult, extrasensory perception, high school rivalry, shounen, anime, japanese high school, based on webcomic or webtoon, witty, amused",モブサイコ100,/vR7hwaGQ0ySRoq1WobiNRaPs4WO.jpg,/kP5duNJEbTfXpBs6CITsaZ88pQi.jpg,62.4771,ja,TV,37,3,http://mobpsycho100.com,"Setsuo Ito, Takahiro Sakurai, Miyu Irino",,Season One
278704,Mobile Suit Gundam Gquuuuuux,Ended,2025-04-09,25,"High-school student Amate Yuzuriha lives peacefully in a space colony floating in outer space. But when she meets a war refugee named Nyaan, Amate is drawn into the illegal mobile suit dueling sport known as Clan Battle.",8.13,23,"Animation, Action & Adventure, Sci-Fi & Fantasy, Drama","space colony, psychic power, mecha, female protagonist, alternate history, underground fighting, anime, real robot, teenage protagonist, near future, gundam",機動戦士Gundam GQuuuuuuX（ジークアクス）,/jb5d4vqHmKSQh9rB2T394e3z5To.jpg,/kOcTSsKjC1h9Ez8l7yzKPZ4XF9t.jpg,35.3225,ja,TV,12,1,https://www.gundam.info/feature/gquuuuuux,"Tomoyo Kurosawa, Yui Ishikawa, Shimba Tsuchiya",,Special Announcement Trailer (EN Dub)
196944,My Happy Marriage,Ended,2023-07-05,24,"Miyo's abusive family deems her worthless – but together with her powerful husband-to-be, her true self and hidden powers slowly begin to shine.",8.363,186,"Animation, Drama, Sci-Fi & Fantasy","arranged marriage, supernatural, bullying, romance, coming of age, female protagonist, historical, tragic past, family conflict, marriage engagement, japanese family, shoujo, anime, depressed woman, meiji period, lonely woman, taisho, special ability, based on light novel",わたしの幸せな結婚,/5RZIBqSYHhpQF6s8Dgw2aXlA4ZS.jpg,/7uyRCBMQIWwJSWIR2aCrvPjbPzi.jpg,51.0448,ja,TV,25,1,https://watakon-anime.com,"Reina Ueda, Kaito Ishikawa, Hiro Shimono",,Interview with Evan Call [Subtitled]
56568,Nana,Ended,2006-04-05,23,Nana Osaki is a guarded and ambitious young woman with a strong will and a rough past. She is the vocalist for a punk band called Black Stones and she desires fame and recognition more than anything else. Nana Komatsu is an outgoing and flighty young woman with a weak will and a stable past. Her life revolves around her desire to find love and marriage. The two meet for the first time while traveling to Tokyo - in pursuit of their respective dreams - and they later decide to be roommates. Althou...,8.42,212,"Animation, Comedy, Drama, Family","musician, punk rock, female friendship, friendship, slice of life, tragedy, coming of age, female protagonist, tokyo, japan, train, based on manga, relationship, rock band, angst, shoujo, anime, flatmates, josei, love polygon, understated, compassionate, complicated, melodramatic",NANA,/aqdwwMbM3dczEPHrbPnkIY1bGLI.jpg,/dGrMl3wDFKBNSCuR0K9d8sgJO2g.jpg,39.3359,ja,TV,47,1,https://www.ntv.co.jp/nana/index.html,"Romi Park, KAORI, Akira Ishida",,Official Trailer
46260,Naruto,Ended,2002-10-03,24,"Naruto Uzumaki, a mischievous adolescent ninja, struggles as he searches for recognition and dreams of becoming the Hokage, the village's leader and strongest ninja.",8.4,5734,"Animation, Action & Adventure, Sci-Fi & Fantasy","martial arts, hero, rivalry, ninja, orphan, based on manga, super power, tragic past, dead parents, angst, warrior, japanese mythology, ninja warrior, shounen, anime, inspirational, fantasy, adventure, hopeful",ナルト,/xppeysfvDKVx775MFuH8Z9BlpMk.jpg,/xuJ0F9RfKvVSJNDg2usurQ9WvY5.jpg,93.9398,ja,TV,220,4,http://www.tv-tokyo.co.jp/anime/naruto2002/,"Junko Takeuchi, Noriaki Sugiyama, Chie Nakamura",,ROAD OF NARUTO | NARUTO 20th Anniversary Trailer | VIZ
31910,Naruto Shippuden,Ended,2007-02-15,25,"After 2 and a half years Naruto finally returns to his village of Konoha, and sets about putting his ambitions to work. It will not be easy though as he has amassed a few more dangerous enemies, in the likes of the shinobi organization; Akatsuki.",8.534,8383,"Animation, Action & Adventure, Sci-Fi & Fantasy","hero, fight, villain, sequel, ninja, based on manga, martial arts master, martial artist, teenage boy, teenage hero, ninjitsu, ninja warrior, shounen, anime, thoughtful, philosophical, fantasy, sentimental, adventure, amused",ナルト 疾風伝,/71mASgFgSiPl9QUexVH8BubU0lD.jpg,/nAeS7F2B22XQOLh5HVNXn8G3ZRk.jpg,40.5039,ja,TV,500,20,http://www.tv-tokyo.co.jp/anime/naruto/,"Junko Takeuchi, Noriaki Sugiyama, Chie Nakamura",,"Official Trailer | Naruto Shippuden, Set 1| VIZ"
37854,One Piece Log Fish Man Island Saga,Returning Series,1999-10-20,24,"Years ago, the fearsome Pirate King, Gol D. Roger was executed leaving a huge pile of treasure and the famous ""One Piece"" behind. Whoever claims the ""One Piece"" will be named the new King of the Pirates.Monkey D. Luffy, a boy who consumed a ""Devil Fruit,"" decides to follow in the footsteps of his idol, the pirate Shanks, and find the One Piece. It helps, of course, that his body has the properties of rubber and that he's surrounded by a bevy of skilled fighters and thieves to help him along th...",8.7,4946,"Action & Adventure, Comedy, Animation","ocean, sea, boat, treasure, fight, liberation, ship, friendship, friends, pirate, based on manga, straw hat, adventurer, shounen, anime, fantasy, adventure, melodramatic",ワンピース,/cMD9Ygz11zjJzAovURpO75Qg7rT.jpg,/2rmK7mnchw9Xr3XdiTFSxTTLXqv.jpg,96.6658,ja,TV,1139,22,http://www.toei-anim.co.jp/tv/onep,"Mayumi Tanaka, Kazuya Nakai, Akemi Okamura",,We're Just Getting Started Trailer
42421,Panty And Stocking With Garterbelt,Ended,2010-10-02,12,"Panty and Stocking are nasty angels who were banished from the pearly gates for being foul-mouthed bad girls! Now they spend their days hunting ghosts in the lecherous abyss between Heaven and Earth. Panty likes sex, Stocking likes sweets, and their afro-sporting main man Garterbelt has a fetish we can't mention.",7.606,71,"Animation, Comedy, Action & Adventure, Sci-Fi & Fantasy","parody, crude humor, sexual promiscuity, fallen angel, adult animation, ecchi, anime",パンティ＆ストッキングwithガーターベルト,/RPiVM7JIoAsOZEX0rW8tKQFvCR.jpg,/zX12leCOrQLCIyNKYXKcVPvAJiY.jpg,44.9729,ja,TV,28,1,,"Arisa Ogasawara, Mariya Ise, Koji Ishii",,Panty & Stocking (Outtakes)
57706,Ranma,Ended,1989-04-15,25,"Ranma Saotome, a teenage martial artist, and his father Genma travel to the 'cursed training ground' of Jusenkyo in China. There, despite the warnings of the Chinese guard, they fall into the cursed springs. From now on, whenever Ranma is doused in cold water, he turns into a girl and a cute, well-built redhead at that. Hot water changes him back into a man again, but only until the next time. To make matters worse, his father engages him to Akane Tendo, a girl who hates boys.",8.611,1449,"Comedy, Action & Adventure, Animation, Sci-Fi & Fantasy","harem, romcom, romance, mixed martial arts (mma), curse, based on manga, turns into animal, shounen, anime, absurdist, gender swap, love polygon, cheerful, joyful",らんま1/2,/qb1R5iLZcjIgdDIfXFQXmJadQPI.jpg,/9rdlZYoFcoSG7pVSxJ7XbzWxcDo.jpg,142.0049,ja,TV,161,1,http://www.furinkan.com/ranma,"Kappei Yamaguchi, Megumi Hayashibara",,Opening 1 | Don't Make Me Wild Like You - Etsuko Nishio [Subtitled]
42713,Record Of Lodoss War,Ended,1990-06-30,25,"Born in battle, baptized in fire, it's kingdoms have been ravaged by war for thousands of years.  Now, an evil stirs, an ancient goddess of destruction awakened by an evil wizard.  A party of six is forged to defeat this threat, or die in the attempt.  Join Parn, the young fighter, as he leads his warriors into the heart of a land where dragons rule and evil holds sway over the earth.  Six swords are now drawn against this darkness.  The war for Lodoss has begun!",7.5,61,"Action & Adventure, Animation, Drama","elves, based on novel or book, magic, supernatural, shounen, anime, original video animation (ova), war, fantasy",ロ-ドス島戰記,/4DmzoxYfS4A1eFA35QIEJCvZE4D.jpg,/lOVKwI5TtcZMiB94Gkn9Tj1uu7k.jpg,16.474,ja,TV,13,1,,"Yumi Touma, Kappei Yamaguchi, Yoshisada Sakaguchi",,Record of Lodoss War - Opening | Kiseki no Umi
69346,Saga Of Tanya The Evil,Returning Series,2017-01-06,24,"On the front lines of the war, Tanya Degurechaff, blond hair, blue eyes, and porcelain white skin, commands her squad with lisping voice. Actually, she is one of Japan's most elite salary men, reborn as a little girl into a world of magical warfare after angering a mysterious being who calls himself God.",8.284,385,"Animation, Drama, Sci-Fi & Fantasy, War & Politics","based on novel or book, magic, reincarnation, politics, god, alternate history, parallel world, military, child soldier, anime, isekai, war, based on light novel",幼女戦記,/5nwiHomKZBBF9DLrolfZapi3fDm.jpg,/gI3rLwLZ9fHuqcEXYiCBvVpUHb0.jpg,36.8942,ja,TV,12,1,http://youjo-senki.jp/tv,"Aoi Yuuki, Saori Hayami, Shin-ichiro Miki",,Saga of Tanya the Evil Complete Series DVD / Blu-Ray Trailer
37305,Soul Eater,Ended,2008-04-07,25,"Set in the Shinigami technical school for weapon meisters, the series revolves around 3 groups of each a weapon meister and a human weapon. Trying to make the latter a ""Death Scythe"" which is the highest title for a weapon and thus fit for use by the Shinigami, they must collect the souls of 99 evil humans and 1 witch. Maka & Soul Eater, Black Star & Tsubaki, and Death the Kid with Patty and Liz Thompson are the characters Soul Eater revolves around. Besides taking the time to gather souls, thes...",7.767,301,"Action & Adventure, Animation, Comedy, Sci-Fi & Fantasy","witch, supernatural, school, grim reaper, based on manga, demon, shounen, anime, cat girl, alternate ending, fantasy",ソウルイーター,/hI5AhxFTSFabTG7Fvhczyb5ZIh8.jpg,/yOkNYWCOWLh3HFtUlo3QT1g5pHG.jpg,47.9272,ja,TV,51,1,http://mediafactory.co.jp/anime/souleater/,"Chiaki Omigawa, Koki Uchiyama, Yumiko Kobayashi",,Opening 2 | Papermoon - Tommy heavenly6
78204,Sword Art Online Alternative Gun Gale Online,Ended,2018-04-08,24,"A shy university student in Tokyo, Karen Kohiruimaki stands in stark contrast to her in-game avatar—in fact, she happens to stand above everyone else too, much to her dismay. Towering above all the people around her, Karen's insecurities over her height reach the point where she turns to the virtual world for an escape. Starting game after game in hopes of manifesting as a cute, short character, she finally obtains her ideal self in the world of Gun Gale Online. Overjoyed by her new persona, she...",7.79,271,"Animation, Action & Adventure, Sci-Fi & Fantasy","based on novel or book, gun, fight, trauma, friendship, singer, tournament, spin off, game, death, military, gun fight, anime, based on light novel, vrmmo",ソードアート・オンライン オルタナティブ ガンゲイル・オンライン,/1EBk96E3cVVOEVlx2z744oEuFQk.jpg,/rJ3WMubG6K6I3j8xjatGgefBWsc.jpg,32.5299,ja,TV,24,2,http://www.gungale-online.net,"Tomori Kusunoki, Yoko Hikasa, Kazuyuki Okitsu",,Trailer 2 [Subtitled]
258229,Tasokare Hotel,Ended,2025-01-08,24,"Who is the real you? The ""Tasokare Hotel"" exists in a state of twilight limbo, allowing souls caught between the afterlife and the world of the living to rest. Neko Tsukahara arrives with no memory of who she is or how she came to be there, and is shown to a room filled with items relating to her past. As she searches for a way to remember who she was, a certain incident confronts her.",7.7,7,"Animation, Mystery, Drama","amnesia, supernatural, afterlife, based on video game, anime",誰ソ彼ホテル,/nyVDj8ZZShrrTdPTiPsl9jMDNgK.jpg,/fuI0RtDLLxjDAfhf0eUcIF54F5Z.jpg,18.8534,ja,TV,12,1,https://anime-tasokarehotel.com,"Rika Momokawa, Koudai Sakai, Yusuke Shirai",,
118541,Tensura That Time I Got Reincarnated As A Slime,Ended,2021-04-06,24,"“Dear diary… I got reincarnated as a slime.”Even in another world, lives aren’t always on the line. There’s plenty of work to be done, from feeding the community and forging the items the community needs; as well as plenty of play …and hijinks throughout! Join Rimuru and friends as they kick back and enjoy their daily lives.",8.003,177,"Animation, Comedy, Sci-Fi & Fantasy","monster, magic, affectation, slime, reincarnation, slice of life, based on manga, spin off, anime, other world, isekai, admiring",転生したらスライムだった件 転スラ日記,/xONBusecKNd5BAaYue0pFKXANU6.jpg,/boeZP8zaXTDBkKPpdAojS6uYKdt.jpg,20.0337,ja,TV,12,1,https://www.ten-sura.com/anime/tensura-nikki,"Miho Okasaki, Makoto Furukawa, Sayaka Senbongi",,The Slime Diaries - Opening | Brand new diary
256109,Teogonia,Ended,2025-04-12,24,"Humans fight to protect their land from invading demi-human tribes in relentless battles. As his world is engulfed by intense warfare, Kai, a village boy from Lag, joins the fight to defend all he knows. After Kai’s comrades fall one by one and he’s injured, he suddenly recalls memories from another life. A fantasy tale unfolds as a village boy explores a world of magic, mystery, and heroism.",6.6,7,"Action & Adventure, Sci-Fi & Fantasy, Drama, Animation","village, survivalist, guardian, ogre, past life, anime, deity, memories restored, isekai, macaque, based on light novel, demihuman",神統記,/zGHrnnFc0p5Pf25qUaAv95JpnJC.jpg,/4gcAg5Y47J4BPgrTHRTpoEolQmd.jpg,27.8412,ja,TV,12,1,https://teogonia-anime.com,"Mutsumi Tamura, Kana Hanazawa, Yoshitsugu Matsuoka",,Official Trailer [Subtitled]
229073,The Guardian Legend,Ended,2023-05-26,25,,7.0,1,"Animation, Drama, Sci-Fi & Fantasy","based on manhua, donghua",戍天伏魔录,/gji1NE7piGwjqgtyNWnySxut7uK.jpg,/fvloKrOweCTie1GR3BL67fwX8ei.jpg,5.5887,zh,TV,16,1,https://www.iq.com/album/%E6%88%8D%E5%A4%A9%E4%BC%8F%E9%AD%94%E9%8C%84-2023-22hp3xy69dl,"Zhang Youwu, ZhanKun Zhang, Lin Baiqing",,
218843,The Seven Deadly Sins Four Knights Of The Apocalypse,Returning Series,2023-10-08,24,"As a prophecy of doom unfolds on the peaceful land of Britannia, a purehearted boy sets out on a journey of discovery — and revenge.",8.255,186,"Animation, Action & Adventure, Sci-Fi & Fantasy","based on manga, shounen, anime",七つの大罪 黙示録の四騎士,/6SWVJvCIC9B16u6wASZ8FEaNssz.jpg,/dd1tEbUU9NLLo3drq39NknpHQ6v.jpg,50.2663,ja,TV,36,1,https://7sins-4knights.net,"Shou Komura, Kikunosuke Toya, Aino Shimada",,Official Trailer [Subtitled]
278196,The Summer Hikaru Died,Returning Series,2025-07-06,24,"Six months ago, Hikaru vanished for a week. Now, as his best friend Yoshiki senses something amiss and confronts him, the harrowing truth emerges.",8.571,14,"Animation, Mystery","supernatural, slice of life, summer, based on manga, high school student, seinen, anime, japanese high school, psychological, boys' love (bl), horror, thriller",光が死んだ夏,/x0wiTO87UMiVCUe24nKaHlp7AIc.jpg,/jclmJcyV8twDtTtSNJiMVAg6Xyv.jpg,56.7194,ja,TV,12,1,https://hikanatsu-anime.com,"Chiaki Kobayashi, Shuichiro Umeda, Chikahiro Kobayashi",,Official Trailer 2 [Subtitled]
198182,Throne Of Seal,Returning Series,2022-04-28,23,"Six thousand years ago, the Demon God appeared and creatures were turned into demons. The mankind created six Temples to fight the demons. Long Haochen joins the Knights Temple. As he grows, an adventure unfolds. He wins the recognition of others and fights with the Six Temples against the demons for the sake of human beings. He sacrifices himself to protect the people. Could Long win the Throne of Seal and be granted the highest honor in the Knights' Temple? All remained to be revealed.",8.8,20,"Animation, Action & Adventure, Drama, Sci-Fi & Fantasy",,神印王座,/ehRRWs1EfeYiX4ysLLapWeKG4Pq.jpg,/lCyVptIB3CgO0ls9o0PvT50xshn.jpg,36.6015,zh,TV,200,1,https://wetv.vip/zh-cn/album/nxxyh0x1vp4nydt,"Chang Rongshan, Shen Nianru, Liu Mingyue",,
232814,Thrud,Returning Series,2023-08-17,0,"Magical girl Faria and an amnesiac boy named Dos embark on a journey to uncover the secrets of their enemies, the ""Variant Creatures,"" and discover a mysterious force attempting to manipulate the life of the magical girl ""Thrud"". They resolve to resist and cleanse the land.",0.0,0,"Animation, Action & Adventure, Sci-Fi & Fantasy","based on video game, donghua",异空战歌,/zgdRrMuNHjniLNFiQBy0sHUlSux.jpg,,6.7552,zh,TV,15,1,https://www.bilibili.com/bangumi/media/md28235397,,,
253811,Tougen Anki Dark Demon Of Paradise,Returning Series,2025-07-11,0,"After a Momotaro assassin suddenly kills his adoptive father, Shiki vows to avenge him. But first, he must learn to control his newly awakened Oni blood.",9.429,7,"Animation, Mystery, Action & Adventure","shapeshifting, mythology, supernatural, school, based on manga, demon, dark hero, dark fantasy, youkai, shounen, anime, revenge tragedy, guns, human drama",桃源暗鬼,/vnasRNhwT5M3OvTAMzYn4i5fQcT.jpg,/sQhr9GDYiA56zZoaw25qjcGsFuE.jpg,46.1696,ja,TV,6,1,https://tougenanki-anime.com,"Kazuki Ura, Hiroshi Kamiya, Koutaro Nishiyama",,Official Trailer #3 [Subtitled]
26453,Trigun,Ended,1998-04-02,24,"Trigun takes place in the distant future on a desert planet. Vash the Stampede is a gunfighter with a legend so ruthless he has a $$60,000,000,000 bounty on his head. Entire towns evacuate at the rumor of his arrival. But the real Vash the Stampede, the enigmatic and conflicted lead character, is more heroic, even though he usually acts like a complete idiot.",8.082,467,"Sci-Fi & Fantasy, Action & Adventure, Animation","bounty hunter, post-apocalyptic future, dystopia, steampunk, bromance, based on manga, gunman, gun violence, dessert, anime, adventure",TRIGUN,/lwLFZFB3S2PeOLtWksaWerF6B4D.jpg,/gs7n2Ppl9e5PwpHcIubjF5ZgQSk.jpg,27.6826,ja,TV,26,1,http://www.b-ch.com/ttl/index.php?ttl_c=396,"Masaya Onosaka, Hiromi Tsuru, Satsuki Yukino",,Trigun trailer
257603,Tsumasho,Ended,2024-10-06,24,"Keisuke Niijima has lived in grief since his wife, Takae, passed away 10 years ago. But when a young girl visits, claiming to be Takae reincarnated, Keisuke and his daughter, Mai, are drawn into a miraculous reunion. As the girl reveals intimate details only they could know, the Niijima family slowly begins to heal, rediscovering love and warmth in the most unexpected way.",7.154,13,"Animation, Comedy, Drama","trauma, reincarnation, supernatural, elementary school, slice of life, based on manga, seinen, anime, family life, inspirational, fantasy, comforting, compassionate, dignified, familiar",妻、小学生になる。,/aWXFAo8ua0T5fSVQNNU31g7cx2c.jpg,/6K2lRARVa4N9DwU6tAud9PcTQt2.jpg,15.7789,ja,TV,12,1,https://www.tsumasho-anime.com/,"Daisuke Hirakawa, Aoi Yuuki, Maiko Nomura",,Official Trailer [Subtitled]
247367,Ubel Blatt,Returning Series,2025-01-11,24,"Fourteen warriors set out to prevent an invasion, but only seven return. Three died along the way, and four were slain for betraying the empire. In truth, it is the Seven Heroes who turned on their allies so they could take all the glory. Ascheriit was their victim, but now, 20 years later, he is back to get revenge.",6.7,21,"Animation, Action & Adventure, Drama, Sci-Fi & Fantasy","elves, based on comic, betrayal, swordsman, dark fantasy, seinen, ecchi, anime, high fantasy",Übel Blatt～ユーベルブラット～,/2LuObyUIr1YlqbcwmypJT4tO6Bv.jpg,/rtFYv6dXv3tiM3I0P2BBPML3Ch.jpg,24.7407,ja,TV,12,1,https://ubel-blatt-anime.com,"Yuya Hirose, Hina Tachibana, Toshiki Masuda",,2nd Trailer [ENG SUB]
121964,Vanitas No Carte,Ended,2021-07-03,24,"In 19th-century Paris, young vampire Noé finds the Book of Vanitas in human hands. Calling himself Vanitas, this doctor wields its power and tempts Noé with a plan to “cure” all vampires. Allying with him may be dangerous, but does he have a choice?",8.3,222,"Animation, Mystery, Action & Adventure","vampire, supernatural, steampunk, bromance, based on manga, historical, 19th century, anime, gay subtext",ヴァニタスの手記,/hk9joSlfsrVTmcoYzQ7rFg028Fq.jpg,/u8QlDE78tI6ValBADKa4NEOWihQ.jpg,50.1632,ja,TV,24,1,https://vanitas-anime.com,"Natsuki Hanae, Kaito Ishikawa, Inori Minase",,Main PV (English Subtitles)
261868,Witch Watch,Returning Series,2025-04-06,24,"A diligent teen winds up living with his spunky childhood friend, a trainee witch, to protect her from a dire prophecy. But can they survive high school?",8.6,11,"Animation, Comedy, Sci-Fi & Fantasy","witch, magic, romcom, romance, slice of life, based on manga, shounen, anime",ウィッチウォッチ,/48KKO5QHkowaCVsEpKLdvrzir3a.jpg,/yTfaG7igCJa324DU0QaxCTzYBXF.jpg,52.6646,ja,TV,26,1,https://witchwatch-anime.com,"Rina Kawaguchi, Ryota Suzuki, Kohei Amasaki",,Official Trailer (English Dub)
61628,World Trigger,Ended,2014-10-05,23,"A gate to another world opens in Mikado City, and monsters called Neighbors emerge. Border Defense agent Osamu Mikumo fights them with his 'Trigger.'",7.3,42,"Animation, Action & Adventure, Sci-Fi & Fantasy","alien, school, based on manga, military, shounen, anime, isekai, battle royale",ワールドトリガー,/lchqxvVvOeSfkpuvVAIxaDm8Mth.jpg,/6eriPLiAXhW8BOrwosYaKrYSvTW.jpg,60.8042,ja,TV,99,3,http://www.toei-anim.co.jp/tv/wt/,"Nao Tamura, Yuichi Nakamura, Tomo Muranaka",,
103409,Worlds End Harem,Ended,2022-01-07,24,"The Man-Killer Virus: a lethal disease that has eradicated 99.9% of the world's male population. Mizuhara Reito has been in cryogenic sleep for the past five years, leaving behind Tachibana Erisa, the girl of his dreams. When Reito awakens from the deep freeze, he emerges into a sex-crazed new world where he himself is the planet's most precious resource. Reito and four other male studs are given lives of luxury and one simple mission: repopulate the world by impregnating as many women as possib...",7.549,243,"Animation, Drama, Sci-Fi & Fantasy, Mystery","future, post-apocalyptic future, harem, romance, conspiracy, terrorism, based on manga, disease, mature, virus, pandemic, ecchi, shounen, anime, big tits",終末のハーレム,/h3OE30FudEPEhNMpbmcHt0ELD6s.jpg,/k3IS8oN9WzN1JQqB5dyZMmtb90n.jpg,27.9264,ja,TV,11,1,https://end-harem-anime.com,"Keiko Watanabe, Taichi Ichikawa, Haruka Shiraishi",,Official Trailer
254017,Yaiba Samurai Legend,Returning Series,2025-04-05,24,"Yaiba's journey to becoming a true samurai takes him from his home in the forest to a bustling city full of rivals, friends and ancient powers.",7.6,11,"Action & Adventure, Animation, Sci-Fi & Fantasy, Comedy","samurai, remake, based on graphic novel, shounen, anime",真・侍伝 YAIBA,/cxD3FQP4hDU5hSABwdQCvGrrnz6.jpg,/hQ8IbU6dganMZwxDja5irVs46xl.jpg,32.993,ja,TV,24,1,https://www.yaiba-pr.com,"Minami Takayama, Manaka Iwami",,Official Trailer [Subtitled]
259787,Yakuza Fiance Raise Wa Tanin Ga Ii,Ended,2024-10-07,24,"Yoshino’s engagement is far from a dream come true. Her grandfather, head of the largest yakuza group in Kansai, has arranged her marriage to Kirishima, grandson of the Miyama Clan leader, as part of a truce. To Yoshino’s surprise, Kirishima seems kind and charming for a yakuza member. But his warm facade only serves to mask a dark and dangerous truth.",7.817,30,"Animation, Crime, Comedy, Drama","yakuza, romance, organized crime, based on manga, seinen, married life, anime",来世は他人がいい,/cgOxtjZEkGHnmjjbj5d7s7Mp8x9.jpg,/aPTv9g4rI31AjcSKoj1CxxfE57b.jpg,15.7014,ja,TV,12,1,https://raisewataningaii.com/,"Hitomi Ueda, Akira Ishida, Koji Yusa",,Official Trailer [Subtitled]
242143,You Are Ms Servant,Ended,2024-10-06,23,"Hitoyoshi, a high school kid who lives alone, hears a knock on his door. He opens it to find a strange girl offering to be his maid. She has beautiful black hair, graceful manners, and…a dark past as an assassin. But despite her deadly background and lack of household skills, Hitoyoshi takes her in. As she adjusts to her new life, she begins to experience emotions she’s never felt before.",7.593,27,"Animation, Comedy","assassin, high school, romcom, romance, slice of life, maid, based on manga, school life, shounen, anime, japanese high school, shota, shotacon",君は冥土様。,/eyFOI6GkIN9JI1qaGLpEkrRlXdc.jpg,/2a1rAVKMJUXuAIv8cga0kTAXjzM.jpg,13.1049,ja,TV,12,1,https://kimihameidosama-anime.com,"Toshiki Kumagai, Reina Ueda, Eriko Matsui",,Official Trailer [Subtitled]
67460,Yu Gi Oh,Ended,2014-04-06,25,"Yuya Sakaki's dream is to follow in his father's footsteps and become the greatest ""duel-tainer"" in history - and he just might pull it off when he suddenly discovers Pendulum Summoning, a never-before-seen technique that lets him summon many monsters at once!",7.1,36,"Action & Adventure, Animation, Sci-Fi & Fantasy","monster, card game, pendulum, card playing, multiple dimensions, shounen, anime, arc, mid",遊☆戯☆王ARC-V,/nVST01k1PpOZGbGEmCZhevRWhEL.jpg,/pRejrAALzDQsrCm2nh7xa5cK4HA.jpg,100.6061,ja,TV,148,1,http://www.tv-tokyo.co.jp/anime/yugioh-arcv/,"Kensho Ono, Yuuna Inamura, Shinpei Takagi",,Opening 3 V2 | Unleash - Gekidan Niagara [Creditless]
271576,Summer Pockets,Returning Series,2025-04-07,24,"Hairi Takahara never expected summer to feel like a dream. Sent to Torishirojima to sort through his late grandmother's belongings, he's met with endless sea, quiet nostalgia, and mysterious girls, each chasing something just out of reach. As he settles into island life, lost memories begin to surface and he finds what he never knew he'd lost.",7.3,7,"Animation, Drama","supernatural, romance, slice of life, tragedy, summer, anime, based on visual novel",Summer Pockets,/8WALipI4LbRa3POKJOfGPLrVemK.jpg,/yj0AlgpXjqFeORzpXCHF8g3aN1N.jpg,9.7041,ja,TV,26,1,https://summerpockets-anime.jp,"Shoya Chiba, Konomi Kohara, Natsumi Takamori",,Official Trailer [Subtitled]
276288,Hotel Inhumans,Returning Series,2025-07-06,24,"The best hotels must meet certain standards, including the finest cuisine, ways to relax, and entertainment. Of course, they also need the best selection of weapons, reliable ways to falsify one's identity, and ways to dispose of evidence. In this hotel at the border of death stand two concierges, Ikuro Hoshi and Sara Haizaki. What kinds of requests will the assassins have for them next?",10.0,1,"Animation, Drama, Action & Adventure","assassin, based on manga, anime",ホテル・インヒューマンズ,/dMHgFwX2cRPcuMSZ0rsBNap01o6.jpg,/1Ik6i72QjVRNQ3N475uxiFxRrv9.jpg,4.5475,ja,TV,8,1,https://hotel-inhumans.com,"Yusuke Kobayashi, Hinano Shirahama",,Official Trailer [Subtitled]
272118,City the Animation,Returning Series,2025-07-07,0,"This town, is not just a normal town. There's laughter, love and emotional moments. An unpredictable ordinary life presented by the residents! Exciting stuffs come one after another. Welcome to CITY.",9.3,6,"Animation, Comedy","slice of life, based on manga, aftercreditsstinger, school life, seinen, anime, absurdist",CITY THE ANIMATION,/nmW8UEvhbSR5ANmfnC0hSG7lS88.jpg,/1rxLKPOIHdJ9aFUwmzQ9gagZkUc.jpg,13.6128,ja,TV,13,1,https://city-the-animation.com,"Mikako Komatsu, Aki Toyosaki, Yui Ishikawa",,Official Trailer [ENG SUB]
286434,Busamen Gachi Fighter,Returning Series,2025-07-06,24,"After a false accusation, Shigeru Yoshioka becomes an unemployed recluse. By choosing to remain ugly in another world, Shigeru gains higher status. He begins his second life as an absolute god with cheat-level stats. At first, Shigeru tags along with Seika, Seiji, and Leeds, but due to a weakness caused by direct contact with a girl, he considers breaking away from the party. However…",8.8,5,"Animation, Comedy, Action & Adventure, Sci-Fi & Fantasy","magic, super strength, fantasy world, seinen, anime, isekai, based on light novel",ブサメンガチファイター,/6lYZ29Y4lBpod50gBz1OndQFqx0.jpg,/dI6rFwB0Fm3mCSD7jCpumvmeB3G.jpg,7.459,ja,TV,12,1,https://busamen-gachi-fighter.com,"Junichi Suwabe, Konomi Inagaki, Kento Shiraishi",,
279220,Game Center Shoujo to Ibunka Kouryuu,Returning Series,2025-07-06,24,"Kusakabe Renji, a young man working at a game centre, sees an English girl named Lily Baker playing a crane game on Valentine's Day. Seeing her fail repeatedly to win a prize, Renji can't help but take action. The day after Lily finally gets her plushie, Renji receives an unexpected message from her that reads, ""Be my valentine!"" What started as a misunderstanding leads to cultural exchange!",9.3,3,"Animation, Comedy","video game, romance, slice of life, based on manga, anime, otaku",ゲーセン少女と異文化交流,/qXJN0P8X4Sggb3GNnkYGC4l2RbL.jpg,/rKczG8rAEhKamhByGn8OJiKVY1H.jpg,3.7726,ja,TV,12,1,https://gacen-girl-anime.com,"Sally Amaki, Shoya Chiba, Reo Osanai",,Official Trailer [Subtitled]
247045,Nyaight of the Living Cat,Returning Series,2025-07-08,25,"A virus turns humanity into feral cats, leaving a few survivors to fight back. Kunagi, a man with no past but vast cat knowledge, struggles to survive. However, the virus spreads through cuddles—can he resist the adorable menace?",9.2,6,"Animation, Action & Adventure, Sci-Fi & Fantasy, Comedy","cat, transformation, parody, survival, based on manga, struggle for survival, virus, pandemic, shounen, anime",ニャイト・オブ・ザ・リビングキャット,/8RK3ejKdkw5KrUNzcURiwGpi9xO.jpg,/gdBQEXiG6X9SOgFLhGOnPJJ23BN.jpg,6.4385,ja,TV,12,1,https://nyailivi.com,"Masaaki Mizunaka, Reina Ueda, Hiroki Yasumoto",,Official Trailer 3 [Subtitled]
280038,Apocalypse Bringer Mynoghra: World Conquest Starts with the Civilization of Ruin,Returning Series,2025-07-06,0,"In Eternal Nations, a fantasy strategy game where players manage an empire, Takuto Ira is a legendary player who sits atop the leaderboard. Takuto goes unconscious during a hospitalization and awakens on the continent of Idoragya, which looks just like the game. Takuto meets Sludge Atou, his favorite unit in the game, and decides to build Mynoghra, an evil empire.",7.3,3,"Animation, Action & Adventure, Sci-Fi & Fantasy, Drama","video game, elves, magic, reincarnation, cthulhu, dark fantasy, anime, sword and sorcery, isekai, person in a strange world",異世界黙示録マイノグーラ ～破滅の文明で始める世界征服～,/cPVLebbkrh3H0yXba4NW5fdrPUp.jpg,/drINdRuh71M8MpoPWcxwpP9yDEU.jpg,15.6699,ja,TV,12,1,https://mynoghra-anime.com,"Toshiki Kumagai, Tomori Kusunoki, Kikuko Inoue",,Official Trailer [Subtitled]
271649,Ruri Rocks,Returning Series,2025-07-06,24,"High schooler Ruri Tanigawa loves shiny things. She loves them so much that she heads into the mountains to search for crystals herself—where she unexpectedly meets Nagi Arato, a graduate student studying mineralogy. As the pair start collecting minerals together, Ruri begins developing a genuine appreciation for science and the beauty of the natural world.",7.7,7,"Animation, Comedy","exploration, slice of life, based on manga, educational, high school student, prospector, geology, seinen, graduate student, anime",瑠璃の宝石,/gHI3fkZMR05PeiB1SN0JADZKfdj.jpg,/iXgmcbk3f17xNFDGmdku1iKp6Ug.jpg,5.5015,ja,TV,13,1,https://rurinohouseki.com,"Miyari Nemoto, Asami Seto",,Official Trailer [Subtitled]
277581,Dekin no Mogura,Returning Series,2025-07-07,0,"A shady self-proclaimed hermit named Momoyuki Mogura, AKA: Mogura, is banned from the afterlife due to an incident. Now he collects spirit possessed will-o'-wisps in his lantern, hoping to make a comeback.",10.0,1,"Animation, Mystery, Drama","supernatural, based on comic, seinen, anime",出禁のモグラ,/xnEForFiNATvYS4MUwYyFuPyiok.jpg,/4FaEZoLnxTsSV4829sy17SMiBvB.jpg,6.3326,ja,TV,12,1,https://dekinnomogura.com,"Yuichi Nakamura, Genki Okawa, Yukiyo Fujii",,Official Trailer [Subtitled]
241811,Puniru is a Kawaii Slime,Returning Series,2024-10-06,24,The slime created by the boy Kotarou can transform into a super beautiful girl! Kotarou is constantly getting pushed around by Puniru's freewheeling antics. It's a joyful and exciting life every day!,8.6,14,"Animation, Comedy, Sci-Fi & Fantasy","shapeshifting, slime, romance, school, anthropomorphism, middle school, based on manga, shounen, kids, anime",ぷにるはかわいいスライム,/zaUlTqv4OWyTmi0Z80g9XQ5LFbE.jpg,/a1qDztwWW0L3c2G1RzmYpGV2UKq.jpg,4.578,ja,TV,24,1,https://puniru-anime.com,"Yu Sasahara, Shuichiro Umeda",,
262254,Ame to Kimi to,Returning Series,2025-07-06,0,"On a rainy day, Fuji meets a cute critter posing as a dog and offering an umbrella and a cue card that says, “Please take me home,” and she can’t resist. With this dog-poster’s quirky charm and mysterious ways, life together becomes a heartwarming adventure of friendship and shared seasons.",7.3,3,"Animation, Comedy, Sci-Fi & Fantasy","pet, slice of life, based on manga, novelist, tanuki, seinen, anime, animal human friendship",雨と君と,/phmWVK7rfTVI2IaPyMDAF4L5EPu.jpg,/ldLp94vNVvs2N5IixzT1VkWbTI.jpg,4.8772,ja,TV,12,1,https://amekimi-anime.com,"Saori Hayami, Anna Mugiho",,Official Trailer [Subtitled]
284771,Yuusha Party o Tsuihou Sareta Shiro Madoushi,Returning Series,2025-07-11,24,"Lloyd is a white mage who was unexpectedly banished from the hero's party. As he was lost and uncertain, he happened to cross paths with an S-rank adventurer party in need of a white mage, so he joined them on their quest. Little did anyone know at the time that the hero's party would fall apart and Lloyd would rise to fame.",8.4,7,"Animation, Action & Adventure, Sci-Fi & Fantasy","magic, based on manga, fantasy world, anime, admiring",勇者パーティーを追放された白魔導師、Sランク冒険者に拾われる ～この白魔導師が規格外すぎる～,/6eHbGa0m8kSVWF8ImDJ7U53CNzY.jpg,/oPiZmkOlew1IGJWJ5HBKmqekuvR.jpg,15.1576,ja,TV,12,1,https://tsuiho-shiromadoshi.com,"Gakuto Kajiwara, Rina Hidaka, Haruka Shiraishi",,
35130,Bad Girl,Ended,2002-05-08,0,,0.0,0,,,나쁜 여자들,,,1.0746,en,TV,15,1,,"Park Sol-mi, Sung Yu-ri, Lee Jong-soo",,
283705,Kizetsu Yusha to Ansatsu Hime,Returning Series,2025-07-12,24,"The hero Toto has talent, but his shyness has prevented him from forming a party. As he languishes in the town of origins, three beautiful women—Ciel, Anemone, and Goa—invite Toto to join their party out of the blue. Toto gears up to begin the journey, but unbeknownst to him, all three women are plotting to kill him for their own reasons!",8.0,1,"Animation, Comedy, Action & Adventure, Sci-Fi & Fantasy","magic, harem, based on manga, shounen, anime",気絶勇者と暗殺姫,/xgfSkXh8UOCPhVBN7nGtaoe89YJ.jpg,/jTF9GUoGHW1mpNSCz1kgLJUYsoo.jpg,8.4652,ja,TV,12,1,https://kizetsuyusha-anime.com,"Shunsuke Takeuchi, Iori Saeki, Hitomi Ueda",,Official Trailer [Subtitled]
279989,Zutaboro Reijou wa Ane no Moto Konyakusha ni Dekiai Sareru,Returning Series,2025-07-05,0,"Marie, the second daughter of a poor baron’s household, is treated like a servant by her parents. Even at Marie’s birthday party, her beautiful elder sister, Anastasia, is the star. Outside, Marie bumps into Count Kyuros Granado, who falls for her at first sight. Yet, due to a misunderstanding, the Count proposes to Anastasia. After a tragic accident, Marie must marry the count instead!",10.0,4,"Animation, Comedy, Drama, Sci-Fi & Fantasy","romance, anime, josei, based on light novel",ずたぼろ令嬢は姉の元婚約者に溺愛される,/o7oX9Ap3Rvgt3225mvuIBvk7vlW.jpg,/hyODXbjqZeGS2WMCw0nkcMiGTdO.jpg,12.8817,ja,TV,12,1,https://zutaboro-anime.com,"Rena Motomura, Daiki Hamano, Minami Tanaka",,Official Trailer [Subtitled]
281058,Silent Witch-Chinmoku no Majo no Kakushigoto,Returning Series,2025-07-05,0,"Humans couldn’t handle magic without chanting until Monica Everett, the Silent Witch and one of the Seven Sages, made unspoken magecraft possible. Painfully shy, she enjoys seclusion. One day, Louis Miller, the Barrier Mage, delivers the king’s order: Go undercover at a prestigious school for nobles to guard the second prince. Get ready for her silent mission to begin!",9.091,11,"Animation, Comedy, Action & Adventure, Sci-Fi & Fantasy","witch, magic, shoujo, anime, sword and sorcery, magic school, based on light novel",サイレント・ウィッチ 沈黙の魔女の隠しごと,/oIpQQS53kzAMftZMmzHuVU8f98l.jpg,/6yC53NuAwy8KhbzsrZ7NDFsSg2p.jpg,21.9041,ja,TV,13,1,https://silentwitch.net,"Saya Aizawa, Hitomi Nabatame",,Official Trailer [Subtitled]
285356,Watari-kun no xx ga Houkai Sunzen,Returning Series,2025-07-05,24,"Naoto Watari lives solely for his little sister, Suzushiro, until his chaotic childhood friend, Satsuki, storms back into his life. Without uttering a single word, her very presence ignites buried memories and unravels his rigid routine. As tensions rise and secrets surface, Naoto’s devotion to Suzushiro clashes with unresolved pain, threatening to collapse his fragile world.",9.2,4,"Animation, Comedy, Drama","love triangle, romcom, romance, slice of life, school, based on manga, childhood friends, seinen, anime",渡くんの××が崩壊寸前,/lbg43t7mslXskfuWpLeMz1NEQGR.jpg,/wlDhjgzU1NnlZT3jd40OgnC2wL9.jpg,6.1051,ja,TV,12,1,https://watarikunxx-anime.com,"Shuichiro Umeda, Yumika Yano, Yurie Igoma",,Official Trailer [Subtitled]
281615,Mizuzokusei no Mahoutsukai,Returning Series,2025-07-04,24,"Reincarnation had Ryo dreaming of peace, but instead he lands into a monster-infested wilderness. With water magic and eternal youth, he survives countless wicked concoctions for 20 years, becoming one of the most powerful magicians ever. Ryo’s fate shifts when he meets Abel, a genius knight, thrusting him into magical society’s spotlight. Thus, the Water Magician’s wild adventure begins!",8.6,7,"Animation, Action & Adventure, Sci-Fi & Fantasy","magic, reincarnation, slice of life, medieval, wizard, anime, sword and sorcery, magician, isekai, water",水属性の魔法使い,/9GWz3D9aBgtn6pMiu3DTZL3h5ua.jpg,/s7LgF8NmL0Qi9fWAeZvOBx9s2jy.jpg,19.4275,ja,TV,12,1,https://mizuzokusei-anime.com,"Ayumu Murase, Kazuki Ura, Kaede Hondo",,Official Trailer [Subtitled]
261392,Kamitsubaki-shi Kensetsuchuu,Returning Series,2025-07-10,24,"Seven years after humanity was devastated by a major disaster, a beacon of science and prosperity rises in Kamitsubaki City. But lurking in its shadows are Tesseractor monsters born from human darkness. Only the Witchling, five girls with Song of Purification, stand against them. With every note, they fight, not just to protect the peace of the city, but to heal a broken world.",7.0,3,"Animation, Sci-Fi & Fantasy, Mystery","virtual reality, anime, vtuber, 3d animation",神椿市建設中。,/A6jjtjVaStC9whPdrRxXY5KfEJk.jpg,/rm8LhCEhiaNvWcAcpjoaWiamp8Y.jpg,5.187,ja,TV,12,1,https://kamitsubaki-anime.jp,"KAF, RIM, Harusaruhi",,Official Trailer [Subtitled]
280758,Futari Solo Camp,Ended,2025-01-09,25,"Gen Kinokura, a dedicated solo camper, enjoys peaceful mountain trips. His quiet life is disrupted when beginner camper Shizuku Kusano unexpectedly joins him, forcing them to navigate the challenges of camping together.",8.0,2,"Drama, Comedy","camping, cooking, romance, food, camp, based on manga, seinen, outdoors",ふたりソロキャンプ,/AaJm4EAvW9Zczsx6gADgJV6Ao0x.jpg,/o01vpbvjUfntARtcFdZ4ztM0NKO.jpg,1.7874,ja,TV,8,1,https://s.mxtv.jp/drama/2solocamp-drama,"Win Morisaki, Miyu Honda",,
286723,Tsuihosha Shokudo e Yokoso!,Returning Series,2025-07-03,0,"When superstar adventurer Dennis gets booted from the world’s strongest party, he teams up with runaway Atelier to serve up his true passion—delicious cuisine. But this not-so-average eatery has not-so-average patrons. Dennis will battle his quirky customers’ troubles with his trusty butcher knife and wok. Visit Adventurer’s Restaurant and fill up your heart and stomach!",7.6,7,"Animation, Comedy, Sci-Fi & Fantasy","cooking, restaurant, slice of life, shounen, gourmet, anime, based on light novel",追放者食堂へようこそ！,/caWU2F1DSrrJgoJCSclpSoCWnge.jpg,/npitfwFysLOv93fypQrgWC7Y2tz.jpg,7.1271,ja,TV,12,1,https://tsuihosha-shokudo.com,"Shunsuke Takeuchi, Marika Tachibana",,Official Trailer [Subtitled]
259544,Hell Teacher: Jigoku Sensei Nube,Returning Series,2025-07-02,0,"A number of inexplicable phenomena have been plaguing the town of Domori. In order to protect the town's children, a new homeroom teacher known as “Nube” arrives. Normally gentle and a bit outgoing, Nube has a secret side: he is, in fact, the only psychic teacher in Japan. Rumor also has it his left hand is possessed by a demon! Hell's messenger of justice is here to take on the school's seven mysteries, ghosts, and evil spirits attacking his students.",8.5,2,"Animation, Comedy, Sci-Fi & Fantasy","elementary school, remake, based on comic, romcom, urban legend, teacher, school, paranormal phenomena, based on manga, super power",地獄先生ぬ～べ～,/rsytua5oKGyqzX2sdCZcq5Cck2l.jpg,/vdMoQCiHQNtrbjp7SmFGG2i76g0.jpg,5.9184,ja,TV,10,1,https://nube-anime.com,"Ryotaro Okiayu, Ryoko Shiraishi, Aya Suzaki",,
96316,Kanojo Okarishimasu,Returning Series,2020-07-11,25,"Kinoshita Kazuya is a 20-year-old failure of a college student. He managed to kiss his girlfriend once, but was dumped after a month. Completely spiteful, Kazuya uses a certain method to date a girl. He goes to their meeting place and a beautiful girl brushing her long, black hair behind her ear was there, smiling at him. Her name was Mizuhara Chizuru. Something real is born after just a single rental! A reckless rom-com filled with love and excitement is about to begin!",8.38,918,"Animation, Comedy","harem, based on comic, romcom, romance, slice of life, based on manga, school life, shounen, anime",彼女、お借りします,/6ZpDPUNtVw6UdJoStvVlRZ62yAi.jpg,/ullfy98STkno11rDGi44SK6llwx.jpg,21.0489,ja,TV,48,1,https://kanokari-official.com,"Shun Horie, Sora Amamiya, Aoi Yuuki",,Official Trailer [Subtitled]
212766,Tsuyokute New Saga,Returning Series,2025-07-03,24,"After a brutal war, magic swordsman Kyle defeats the Demon King but is left dying. A crimson crystal sends him four years into the past to his once-destroyed hometown where he finds his lost loved ones alive. Armed with future knowledge, Kyle vows to prevent the coming tragedy and rewrite fate.",8.7,3,"Animation, Action & Adventure, Sci-Fi & Fantasy","magic, time travel, anime, isekai, fatal injury, demon lord, based on light novel",強くてニューサーガ,/dmZ74VyWi3I8ZqJ1m3Fmcc1etgp.jpg,/u9p6IIYllP8gwZB2URx08jIYdvZ.jpg,11.2708,ja,TV,12,1,https://tsuyosaga-pr.com,"Yuma Uchida, Hiro Shimono, Fairouz Ai",,Official Trailer [Subtitled]
285828,Onmyou Kaiten Re:Birth,Returning Series,2025-07-03,23,"Narihira Takeru is a delinquent who often thinks about Tsukimiya, the girl who appears in his dreams. After an unexpected accident, Takeru finds himself in a parallel universe, and the world that Tsukimiya lives in. When Takeru and Tsukimiya are slain by a monster, he awakens again and realizes he has leapt through time. Now, Takeru must train with Abe Seimei to fight for Tsukimiya’s life!",8.0,2,"Animation, Action & Adventure, Sci-Fi & Fantasy","time travel, romance, kyoto, japan, anime, other world, isekai, heian period, oni, onmyōji",陰陽廻天 Re:バース,/mEStkWZB2cvPn9haL9JZrZIwlkD.jpg,/fGrAejjSIi8VNEEvtuepyHjz83o.jpg,5.1217,ja,TV,10,1,https://onmyo-kaiten.com,"Taihi Kimura, Maaya Uchida, Ryohei Kimura",,Official Trailer [Subtitled]
272556,"Mikadono Sanshimai wa Angai, Choroi",Returning Series,2025-07-10,24,"Yu Ayase, son of a late legendary actress, is overwhelmingly mediocre. When he’s invited to stay with his mother’s friend, Yu is shocked to find out that he’ll be living with three prodigy sisters who possess both beauty and talent…and who rule his new school as the Three Emperors. Can Yu manage to melt the sisters’ cold hearts and fulfill his mother’s last wish for him to build a happy family?",7.6,8,"Animation, Comedy","high school, romance, school, based on manga, high school student, shounen, anime, japanese high school, high school girl, three sisters",帝乃三姉妹は案外、チョロい。,/7JMW8B6JqARUxc01h6mctKp1TFv.jpg,/yxCKl8PUUDmy0CTbWqBxfhHYRG6.jpg,12.8742,ja,TV,12,1,https://mikadono.family,"Minami Hinata, Yurina Amami, Aoi Koga",,Official Trailer [Subtitled]
213830,Dainanaoji,Returning Series,2024-04-02,24,"Prince Lloyd wasn't always a prince...in fact, his previous life is one he remembers perfectly: he was a sorcerer, of sorts. So when he was forced to reincarnate, he decided to continue his studies, prince of the realm or no! But his new life has its own sets of challenges...including being a 10-year-old! What's the 7th prince/sorcerer to do?!",7.63,69,"Animation, Sci-Fi & Fantasy","magic, reincarnation, based on comic, anime, isekai, based on light novel, adventure",転生したら第七王子だったので、気ままに魔術を極めます,/kMDJ2hdBTLZn33O53xCtE14fFD1.jpg,/ed9Mgo1gBO9Za0zAyNIpTvtjTDU.jpg,16.4056,ja,TV,24,1,https://dainanaoji.com/,"Makoto Koichi, Fairouz Ai, Lynn",,Official Trailer [Subtitled]
278367,Uchuujin MuuMuu,Returning Series,2025-04-10,24,"A cat-like alien from a distant galaxy, MuMu, arrives on Earth. His goal is to learn about home appliance technology on Earth to recover the technology his species has lost. The protagonist, Sakurako, has a typical university life, but everything changes with MuMu's arrival! What begins as an unexpected cohabitation quickly turns into a whirlwind of chaotic events. The chemistry between Sakurako and MuMu leads to a super-spectacular, appliance-filled, and cat comedy adventure.",7.0,1,"Animation, Comedy, Sci-Fi & Fantasy","alien, based on manga, college student, anime, household appliances, science fiction",宇宙人ムームー,/q9kSafD8Yhevm3K0hzOWPTfZIaB.jpg,/lDd6p25scbIlJwuf8oN8pVxbRDe.jpg,2.5295,ja,TV,24,1,https://ucyujin-mumu.com,"Momo Harumi, Etsuko Kozakura, Yasuyuki Kase",,
207564,Jidou Hanbaiki ni Umarekawatta Ore wa Meikyuu wo Samayou,Returning Series,2023-07-05,24,"A middle-aged man with only one passion in his life meets a fitting end in a traffic accident. That's where most stories would end, but instead, this is when his story begins when he's reborn as what he admired the most in life--a vending machine! But his new lease on life happens in the worst place possible--what can a vending machine do in a monster-infested dungeon when he can't speak or even move on his own?",6.8,45,"Animation, Comedy, Action & Adventure, Sci-Fi & Fantasy","reincarnation, fantasy world, vending machine, anime, isekai, based on light novel",自動販売機に生まれ変わった俺は迷宮を彷徨う,/bY6oLDoxDyP7JNLVGjeO3udND4g.jpg,/rJKANgQCrIPJV4a9BXwdw7d3BZr.jpg,5.623,ja,TV,25,2,https://jihanki-anime.com/,"Jun Fukuyama, Kaede Hondo",,Official Trailer [Subtitled]
217247,Turkey,Returning Series,2025-07-09,23,"Mai Otonashi is a second-year student and the captain of the Ikkokukan High School Bowling Club, and recently, she's struggled to win. Whenever she scores a Turkey, three consecutive strikes, she follows it up with an unbeatable split—the Snake Eyes. This is the story of Mai, Rina, Sayuri, Nozomi, and Nanase as they fight, fall, and rise again in pursuit of victory in the final days of summer.",7.5,2,"Animation, Drama, Sci-Fi & Fantasy","bowling, time travel, sports, summer, sengoku period, anime",Turkey!,/sM34otxT9zSBcCHpJuRHulDQqLQ.jpg,/15zWeNo3BZ9VF4MIrfyJQO0d8DM.jpg,4.7179,ja,TV,9,1,https://turkey-project.com,"Hana Hishikawa, Kana Ichinose, Haruki Iwata",,Official Trailer [Subtitled]
71785,Osomatsu-san,Returning Series,2015-10-05,25,"Sequel/spin-off of the gag manga classic Osomatsu-kun, entailing the lives of the now 20-something NEET virgin Matsuno sextuplets and the bizarre adventures they find themselves into in the modern day.",6.9,24,"Animation, Comedy","parody, based on manga, eccentric family, anime, neet, brothers, gag comedy",おそ松さん,/vEsmh6m9fUhJzGfLxUpliT3vqdh.jpg,/kdTRIa25We8UDRNuBC9fhXRlHGY.jpg,6.8672,ja,TV,79,4,https://osomatsusan.com,"Takahiro Sakurai, Jun Fukuyama, Aya Endo",,Mr. Osomatsu - Official Trailer
279993,Necronomico no Cosmic Horror Show,Returning Series,2025-07-01,24,"Miko Kurono, also known as Necronomico, graduates from middle school and decides to pursue her dreams of becoming a streamer. One day, as she’s with her childhood friend, Mayu Mayusaka, and her rival, Kanna Kagurasaka, she accepts an offer to play a new VR game. The game gives Miko the opportunity to take on mysterious challenges with other unique streamers she meets within the VR world.",0.0,0,"Animation, Comedy, Sci-Fi & Fantasy","virtual reality, fictional game show, cthulhu, anime, science fiction, lovecraftian, gameshow, live streamer",ネクロノミ子のコズミックホラーショウ,/HhGacjmh5SPPYPRR3OvieGFaD3.jpg,/6GDJWn06wc7tESs7zwrJoXAaYdb.jpg,3.5126,ja,TV,12,1,https://anime-necronomico.help,"Riho Sugiyama, Nana Hasumi, Manaka Iwami",,
262377,Mattaku Saikin no Tantei to Kitara,Returning Series,2025-07-01,24,"Once a legendary detective, Nagumo Keiichiro now stumbles through middle age baffled by smartphones and modern life. His quiet decline gets disrupted when Mashiro, a bold high school girl, bursts into his office demanding to become his apprentice. Though he’s rusty and set in his ways, her relentless enthusiasm drags him back into detective work. Now the gap-bridging detective duo is on the case!",8.6,5,"Animation, Comedy, Mystery","based on manga, detective agency, seinen, anime, comedy, young detective",まったく最近の探偵ときたら,/mKP4VWY38xTi7eRIbOAZoyYXYj4.jpg,/38H5MJX53fSi8W03YiMStLBmj6D.jpg,4.0995,ja,TV,12,1,https://mattan-anime.com,"Junichi Suwabe, Kana Hanazawa, Kengo Kawanishi",,Official Trailer [Subtitled]
122587,Kakkou no Iinazuke,Returning Series,2022-04-24,23,"16-year-old super-studier Nagi Umino, second-year student at the Megurogawa Academy high school, was switched at birth. On his way to a dinner to meet his birth parents, he accidentally meets the brash, outspoken, Erika Amano, who is determined to make Nagi her fake boyfriend as she never wants to actually marry. But once Nagi makes it to dinner, he finds his parents have decided to resolve the hospital switch by conveniently having him marry the daughter his birth parents raised...who turns out...",7.0,60,"Animation, Comedy","love triangle, based on comic, romcom, slice of life, school, anime",カッコウの許嫁,/tWDX9uDAzOJhsvunl6PabHdhFx0.jpg,/tC51lHaYqyMKUE1W4rcr2vhi9QG.jpg,12.412,ja,TV,36,2,https://cuckoos-anime.com,"Kaito Ishikawa, Akari Kito, Nao Toyama",,A Couple of Cuckoos | OFFICIAL TRAILER 4
111110,One Piece,Returning Series,2023-08-31,0,"With his straw hat and ragtag crew, young pirate Monkey D. Luffy goes on an epic voyage for treasure.",8.15,1379,"Action & Adventure, Sci-Fi & Fantasy","ocean, sea, ship, friendship, based on comic, pirate, fighting, super power, straw hat",ONE PIECE,/lXl3ZbY5TksOdt6eYgdyg6vsnFW.jpg,/d0dRxEmbrYbkeJql4j2DDDYEyN.jpg,14.1837,en,TV,9,2,https://www.netflix.com/title/80217863,"Iñaki Godoy, Emily Rudd, Mackenyu",,Final Trailer
280366,"Fudo Koto de, Mata Ashita",Ended,2025-07-07,24,"Meet Wada, who gives off an unapproachable vibe, and Yamamoto, who strikes fear into those around her because of her looks. Though the two girls attend separate high schools, they meet up at a shopping center's food court almost every day. Take a little peek at the laid-back afternoons Wada and Yamamoto share as they reflect on the ups and downs of high school life together.",9.3,3,"Animation, Comedy","friendship, slice of life, based on manga, anime, food court, japanese high school, high school girl",フードコートで、また明日。,/pZa3jPQzcOHCivH0il30BqwK46F.jpg,/wK62NMBMk4l70U8UWDb96Ezkqd9.jpg,2.7471,ja,TV,6,1,https://www.foodcourtjk-anime.com,"Hiyori Miyazaki, Yoshino Aoyama",,Official Trailer [Subtitled]
249545,Beheneko: The Elf-Girls Cat is Secretly an S-Ranked Monster,Ended,2025-01-04,0,"After dying in a fight against the forces of evil, a knight found himself reincarnated as one of the most powerful monsters in the world: a behemoth! Problem is, he has to grow up before he can really strut his stuff, and a baby behemoth looks an awful lot like…a housecat?! And when an elf adventurer decides to take him in, she may need his help as much as he needs hers!",6.458,24,"Animation, Action & Adventure, Comedy, Sci-Fi & Fantasy","elves, magic, reincarnation, harem, dungeon, seinen, ecchi, anime, cats, monster girl",Sランクモンスターの《ベヒーモス》だけど、猫と間違われてエルフ娘の騎士（ペット）として暮らしてます,/6EUZcmKU8JsRfsLQEDVBbiCuQ9G.jpg,/kwczoZpGHJm9Gzk52FWsGWHRhFQ.jpg,3.8086,ja,TV,12,1,https://behemoth-anime.com,"Hinaki Yano, Tasuku Hatanaka, Hitomi Ueda",,Dub Trailer
250994,Ameku Takao no Suiri Karte,Ended,2025-01-02,24,"Ten’ikai General Hospital’s Supervisory Department of Diagnostic Pathology handles cases other physicians deem too difficult to treat. It’s also where bizarre mysteries surface, from unexplained illnesses to strange murders even the police can’t solve. At the center of it all is Takao Ameku, a brilliant doctor determined to reveal the shocking truth behind these anomalies.",7.5,21,"Animation, Mystery","detective, based on novel or book, medicine, slice of life, hospital, doctor, medic, asperger's syndrome, seinen, mysterious",天久鷹央の推理カルテ,/ukyIdEgqRKfovtFm9NzUfrIdm8y.jpg,/oBYKvW0VS1L3Gfr81VoJgeK7jzo.jpg,2.8139,ja,TV,12,1,https://atdk-a.com,"Ayane Sakura, Kensho Ono, Manaka Iwami",,Official Trailer [Subtitled]
280906,Grisaia Phantom Trigger,Ended,2025-01-02,24,"What was once ""Mihama Academy,"" a sanctuary for young girls, has now been transformed into a SORD (Special Organization for Research & Development) training school dedicated to fostering talent for national defense. Rena and Maki specialize in firearms, Tohka and Gumi excel at sniping, Chris handles explosives and data processing, and Murasaki is a skilled ninja for intelligence operations. Together, they take on cases too complex for the police or Self-Defense Forces, repeatedly facing dangerou...",7.5,5,"Animation, Action & Adventure","gun, sequel, military, anime, based on visual novel",グリザイア：ファントムトリガー,/z1AC8hMSPKK7OjeOldasielDWZE.jpg,/dGyFvrxsFRYjiAaztx0Vcuz7OKt.jpg,2.1135,ja,TV,13,1,https://grisaia-pt.com/gptanime/,"Maaya Uchida, Ayane Sakura, Kaori Nazuka",,Official Trailer [Subtitled]
273051,Babanba Banban Vampire,Ended,2025-01-11,23,"When 15-year-old Rihito falls in love, an ancient vampire who craves 18-year-old virgin blood must protect the teen's virginity at all costs.",8.0,20,"Animation, Comedy","vampire, loss of virginity, bathhouse, anime, age-gap relationship, boys' love (bl), sentō",ババンババンバンバンパイア,/78lgjWEb89leZX5FHmlLCblkDKM.jpg,/hsc1ty2zhCRGowoDNu0zCrxwdIc.jpg,1.4825,ja,TV,12,1,https://bababa-anime.com,"Daisuke Namikawa, Yusuke Kobayashi, Mayuko Kazama",Itsuro Kawasaki,
270487,A-Rank Party wo Ridatsu shita Ore wa,Ended,2025-01-12,24,"Not every party treats you like a hero—especially when you’re a lowly red mage like Yuke. So, after years of constant ridicule by his A-rank party members, he ditches them. Searching for a new party, he reunites with former students Marina, Silk, and Rain, and joins their group. But on a quest to conquer the world’s greatest dungeon, they become entangled in chaos that threatens the world.",7.316,19,"Animation, Action & Adventure, Sci-Fi & Fantasy","adventurer, anime, student, fantasy, based on light novel, former students, rank",Aランクパーティを離脱した俺は、元教え子たちと迷宮深部を目指す。,/XAKKKNkKjVPgV2LTCLLXNvMdWI.jpg,/mjCLM0KHXErVCvz4UMuUV1l2Th.jpg,3.7531,ja,TV,24,1,https://arank-party-ridatsu-official.com,"Hiromu Mineta, Hana Inami, Natsumi Kawaida",,
274741,Kanpekisugite,Ended,2025-04-10,24,"Philia Adenauer hails from a family renowned for producing Saints for generations in the Kingdom of Girtonia. Saints fight to protect humankind from monsters, and Philia underwent rigorous education and training to earn her title. After her fiancé, Julius, breaks off their engagement, Philia is sold to the kingdom of Parnacorta for resources. Will her homeland survive without her?!?",7.3,14,"Animation, Sci-Fi & Fantasy","magic, romance, shoujo, anime, based on light novel",完璧すぎて可愛げがないと婚約破棄された聖女は隣国に売られる,/dBvBEN0uC7nnNtPjpmxVQcjO97y.jpg,/2hefpQz2FYVzQHuAx9SilJV73fU.jpg,2.5621,ja,TV,12,1,https://kanpekiseijo-anime.com,"Yui Ishikawa, Kaede Hondo, Takuya Sato",,
215401,Bullet/Bullet,Returning Series,2025-07-16,25,"In the near future, civilization has collapsed. Gear works in a junk shop, retrieving stolen goods alongside Qu-0213 and White Bear. After accepting a mysterious request to steal an important item, they soon find themselves hunted by deadly assassins.",7.8,5,"Animation, Action & Adventure, Sci-Fi & Fantasy","anime, near future, cars, original net animation (ona)",BULLET/BULLET,/pCeMlilk1GKcbX8BWvCbRF0vd1U.jpg,/kjJdQ3yeUWvGSf6U0rKGJAhsGzr.jpg,2.9469,ja,TV,12,1,https://bullet-bullet.com,"Marina Inoue, Kazuhiro Yamaji, Rie Kugimiya",,
217407,Danjo no Yuujou wa Seiritsu suru?,Ended,2025-04-04,23,"Childhood BFFs Himari and Yu’s vow of friendship hits turbulence when Yu reunites with his first crush in high school. Himari, who’s never known the fuzzy warmth of a crush, now must confront her feelings. Their shared dreams and peaceful days as a twosome gardening club are tested in this tale of love, flowers, and growing pains!",6.8,11,"Animation, Comedy","adolescence, promise, friendship, friends, romcom, romance, slice of life, school, teen comedy, school life",男女の友情は成立する？（いや、しないっ!!）,/nAooVCW6PIfISHegaIwtQOZLBOC.jpg,/taa2aoX0ZBZiydrmc4p3IBtmJz0.jpg,3.6741,ja,TV,12,1,https://danjoru.com,"Kikunosuke Toya, Sayumi Suzushiro, Yuka Nukui",,Official Trailer [Subtitled]
262929,Apocalypse Hotel,Ended,2025-04-09,23,"Following the collapse of civilization, one storied hotel stands among the ruins of Tokyo’s Ginza district. Overrun by nature, this lone hotel continues to defy humanity’s collapse. Current guests: zero. Check-ins scheduled today: zero. Yesterday’s website traffic: zero. Enter with caution in this story of survival and mystery in a world where the memory of humanity begins to fade.",9.0,11,"Animation, Sci-Fi & Fantasy, Comedy, Drama","hotel, melancholy, post-apocalyptic future, anime, aliens, ginza, tokyo",アポカリプスホテル,/nyoCfoSrHRsrgholvTOqZug0zSN.jpg,/cSTqAOPhuApXcAzn2SoBo2Ffral.jpg,2.8401,ja,TV,12,1,https://apocalypse-hotel.jp,"Saho Shirasu, Sumire Morohoshi, Hiroki Touchi",,Official Trailer [Subtitled]
228429,Soul Land 2: The Peerless Tang Clan | Douluo Dalu II: Jueshi Tangmen,Returning Series,2023-06-24,20,"The Tang Sect in a turbulent world. There is nothing but martial spirit here. Ten thousand years after the founding of the Tang Sect, it is in relative decline. An extremely talented man was born. Can the new Shrek Seven Monsters revive the Tang Sect and bring it back to glory? A soul beast of over one million years old; Electrolux who can pick stars; The new soul utensil system that led to the decline of the Tang Sect... A lot of secrets are to be revealed. Can the secret weapons of the Tang Se...",7.8,10,"Animation, Sci-Fi & Fantasy, Action & Adventure, Drama","martial arts, based on novel or book, school, sect, school life, academy, cultivation, martial spirits, donghua, based on web novel",斗罗大陆Ⅱ绝世唐门,/pzemNbETZKXRzjvBwc1hydqbEeK.jpg,/joTHGlHCzKi0ll7o9NTt0lAujIn.jpg,11.1857,zh,TV,156,1,https://v.qq.com/x/cover/mzc00200xf3rir6.html,"Wei Zhai, Dian Tao, Liang Dawei",Hongning Tang,Soul Land 2 角色PV 斗罗大陆2 (Douluo Dalu 2) 马小桃 2023.6.24
258228,Momentary Lily,Ended,2025-01-02,24,"Robotic invaders wiped out all life, but Renge fights to survive using her powers. With no memories, she roams the city until she meets five other young women, each with unique abilities. Together, they make the most of their lives, cooking delicious meals between battles with mechanical monstrosities. As they uncover the secrets of their powers and pasts, they find strength in their friendship.",6.167,6,"Animation, Action & Adventure, Sci-Fi & Fantasy","amnesia, civilization, friendship, slice of life, robot, super power, anime",もめんたりー・リリィ,/cH83QODjpx3nwHBHkNYnXigMHb1.jpg,/4hrpiVt6m5ZGVzVjqESfoDHwFoJ.jpg,1.2386,ja,TV,13,1,https://sh-anime.shochiku.co.jp/momentary-lily/,"Natsuko Abe, Tsugumi Sakuragi, Shion Wakayama",,Official Trailer [Subtitled]
276253,The Brilliant Healer’s New Life in the Shadows,Ended,2025-04-03,24,"Banished as ""useless,"" Zenos, a self-taught healer from the slums, turns despair into defiance and opens a secret clinic in the city's shadows. With unlicensed, unmatched magic, he cures, comforts, and rights wrongs, quietly becoming a legend. But as his power grows, even the royal palace takes notice. Can he buck the odds and heal a world that cast him aside?",7.8,45,"Action & Adventure, Animation, Comedy, Sci-Fi & Fantasy","elves, anti hero, magic, harem, doctor, dark hero, criminal underworld, healing, fantasy world, medical drama",一瞬で治療していたのに役立たずと追放された天才治癒師、闇ヒーラーとして楽しく生きる,/gSgYTi6DxmmZTIHklS8h8alDluo.jpg,/sIiQObaCB7CrS1uum8R1HTPSlKR.jpg,10.4406,ja,TV,12,1,https://sh-anime.shochiku.co.jp/yamihealer/,"Shogo Sakata, Miharu Hanai, Yoko Hikasa",,Official Trailer [Subtitled]
260523,Rock wa Lady no Tashinami deshite,Ended,2025-04-03,24,"Forced to give up playing guitar when her mother remarried a rich real estate tycoon, Lilisa Suzunomiya's passion for music reawakens when she meets Otoha Kurogane, her seemingly perfect classmate who is secretly a heavy metal drummer!",7.5,7,"Animation, Comedy, Drama","high school, school, based on manga, rock band, schoolgirl, girl band, seinen, anime, high school girl, girls' school",ロックは淑女の嗜みでして,/q7C7JLiqGTQEx0U7FjpngrPgxeK.jpg,/i9E2lwBBJGuVEIwl1LZckC4isKz.jpg,1.4088,ja,TV,13,1,https://rocklady.rocks,"Akira Sekine, Miyuri Shimabukuro, Ayaka Fukuhara",,Trailer [Subtitled]
278050,Ninja to Koroshiya no Futarigurashi,Ended,2025-04-10,24,"On the way home from school one day, Konoha Koga rescues Satoko Kusagakure, a ninja who escaped her village. Soon, pursuers from the village show up in search of Satoko only to be deftly dealt with by Konoha. As it turns out, the unassuming high schooler is actually an assassin. Thus, the potentially cutthroat cohabitation of a ninja and an assassin begins!",7.1,12,"Animation, Comedy","assassin, ninja, based on manga, kunoichi, anime, teenage assassin, teenage ninja",忍者と殺し屋のふたりぐらし,/9D0Wnq426kYQpizGU3McFqxOXPe.jpg,/gjCIUh71506MRyEhpt7TvbiEdk3.jpg,2.12,ja,TV,12,1,https://ninkoro.jp,"Haruna Mikawa, Kana Hanazawa, Yu Serizawa",,Official Trailer [Subtitled]
279731,Your Forma,Ended,2025-04-02,24,"In 1992, a viral encephalitis pandemic led to the creation of ""Your Forma,"" an invasive brain-implanted device that records all sensory data. Special detectives called ""Cyber Investigators"" dive into this data to solve crimes. Prodigy Echika Hieda, isolated by her talent, is paired with Harold, a humanoid ""Amicus."" Together, they uncover the world's deepest secrets.",6.0,9,"Animation, Mystery, Sci-Fi & Fantasy","artificial intelligence (a.i.), detective, alternate history, anime, science fiction, suspense, thriller, based on light novel, crime, 2020s",ユア・フォルマ,/g0NFMpqPuon5iJRaNtalYBcyMJo.jpg,/iYXJ0FklzUDt58WnURoGU3hTYiq.jpg,2.8338,ja,TV,13,1,https://www.yourforma-anime.com,"Kana Hanazawa, Kensho Ono, Nao Toyama",,
261091,Shiunji-ke no Kodomotachi,Ended,2025-04-08,24,"The Shiunji family with their seven children reside in a mansion within Tokyo’s Setagaya ward. The eldest son, Arata, is tired of being pushed around by his five sisters and daydreams of a life without them. That is, until Arata’s father reveals a shocking truth—Arata isn’t biologically related to his sisters! The siblings’ relationships will be tested as they navigate life in this new light.",7.091,22,"Animation, Comedy","based on comic, romcom, romance, tokyo, japan, based on manga, adopted, seinen, stepsiblings, anime, wealthy family",紫雲寺家の子供たち,/tvhXMejlXyOUo24we09pXSgKw5j.jpg,/kVZcEY6PCeweU4GFWBOnlKAM28L.jpg,4.2149,ja,TV,12,1,https://shiunjifamily.com,"Yuuichirou Umehara, Chika Anzai, Marika Kouno",,Official Trailer [Subtitled]
277222,Ballpark de Tsukamaete,Ended,2025-04-02,24,"To escape his tiring job, weary Murata finds escape at a nearby baseball stadium. While the games are thrilling, it’s Ruriko, the gyaru as cold as the beer she serves but secretly a sweetheart, who keeps him coming back. As her first regular, Murata discovers the warmth behind her frosty demeanor, and their hilarious, heartwarming encounters light up the ballpark and maybe even their hearts.",8.5,4,"Animation, Comedy","workplace, slice of life, based on manga, baseball stadium, working women, anime, workplace comedy, ensemble cast, stadium vendor",ボールパークでつかまえて！,/7yjUOGangKSn6Nj7fQ3kTCGOHpQ.jpg,/zymNlQT3NMJpoKehvJVUU7dyxvI.jpg,2.3257,ja,TV,12,1,https://anime-ballpark.com/,"Fairouz Ai, Satoshi Inomata",,Official Trailer [Subtitled]
258055,Aru Majo ga Shinu Made,Ended,2025-04-01,24,"Meg Raspberry is just an apprentice witch celebrating her 17th birthday. That is, until Faust, her magic teacher and Perennial Witch of the Seven Sages, suddenly reveals she is going to die. To stop the Death Sentence curse, Meg must create the Seed of Life using tears of joy from 1,000 people. Join Meg on her travels as she collects the happy tears from everyone she meets to gain eternal life!",7.375,8,"Animation, Drama, Sci-Fi & Fantasy","witch, anime, based on web novel, based on light novel",ある魔女が死ぬまで,/5Gr2mDFSGHhiEYrNfP6vbYtuNrT.jpg,/vtVEwuQ93jfUMB4ooEbdzv2Ktt5.jpg,2.7236,ja,TV,12,1,https://arumajo-anime.com,"Yoshino Aoyama, Yoshiko Sakakibara, Miharu Hanai",,Official Trailer [Subtitled]
130237,Aharen-san wa Hakarenai,Ended,2022-04-02,24,"Socially awkward Aharen-san has personal boundary issues, either getting too close or too far from her classmates. When fellow student Raido picks up an eraser she drops, Aharen-san decides they’re now best friends. Whether studying, playing the arcade, or just eating lunch—she’s along for the ride. What follows is an impromptu bonding that shows affection can blossom in the unlikeliest of places!",7.3,67,"Animation, Comedy","romance, slice of life, school, based on manga, anime, japanese high school",阿波連さんははかれない,/nt758dS28jXoUNJ49fB1uPjXO2L.jpg,/umSMlEN5RIYzlLvSFI2nfme1W02.jpg,9.8501,ja,TV,24,2,https://aharen-pr.com/,"Inori Minase, Takuma Terashima",,Official Trailer [Subtitled]
254853,Zatsu Tabi -That’s Journey,Ended,2025-04-07,24,"When aspiring manga artist Chika’s storyboards get rejected, she ditches her desk for an adventure! Armed with a quirky social media poll, she sets off on a spontaneous journey of random crowdsourced destinations. From hilarious mishaps to heartwarming encounters, Chika discovers inspiration, friendship, and herself, one unpredictable stop at a time.",8.2,9,"Animation, Drama, Comedy","japan, slice of life, based on manga, journey, seinen, anime, traveling, mangaka, iyashikei, manga artist",ざつ旅 -That's Journey-,/gemDYCOLFZE8RGMxJi433bikPcD.jpg,/oKWd4haFy7P9XzLTW399U3g3d9Y.jpg,1.8167,ja,TV,12,1,https://zatsutabi.com,"Hika Tsukishiro, Sayumi Suzushiro, Sae Hiratsuka",,Official Trailer [Subtitled]
215615,Compass 2.0: Sentou Setsuri Kaiseki System,Ended,2025-04-08,24,"In the combat providence analysis system, ""COMPASS2.0,"" heroes gather alongside human partners in a dreamlike space. The heroes have to keep fighting to produce enough energy to keep the system running. One hero named 13 is a troublemaker who refuses to find a partner. When 13 is nearly kicked out, a new player named Jin agrees to join him. Can they bring peace to the world of #COMPASS2.0?",7.0,1,"Animation, Action & Adventure","based on video game, anime",#コンパス2.0 戦闘摂理解析システム,/fjZLJVG2rWoelRJyhcNWhGjiQ6Y.jpg,/13vMEtm84GTIr1ZvZhDCia6IQFu.jpg,2.2218,ja,TV,12,1,https://www.compass-anime.com,"Daisuke Ono, Sora Amamiya, Soma Saito",,Official Trailer [Subtitled]
262700,Uma Musume: Cinderella Gray,Returning Series,2025-04-06,24,"Unbeknownst to those around her, the staggering potential of this ashen-haired “Beast” will soon catapult her to the national stage—and down the path of a legend. Follow her journey as the gates open on this hot-blooded Cinderella story!",6.7,7,"Animation, Drama","anthropomorphism, based on manga, horse racing, seinen, anime",ウマ娘 シンデレラグレイ,/ncq5uKIcifVITPIYT2G1KpUPMoW.jpg,/kCqOvdTazSJYorYTZMJUrbzcdxW.jpg,8.3468,ja,TV,14,1,https://anime-cinderellagray.com/,"Tomoyo Takayanagi, Momoko Seto, Katsuyuki Konishi",,
270602,Maebashi Witches,Ended,2025-04-06,24,"Welcome to Maebashi City, Gunma Prefecture. For first-year high school student Yuina Akagi, her middling life takes a wild turn the moment a mysterious frog named Keroppe shows up and asks her, “Why don’t you become a witch?” Alongside Azu Niisato, Kyoka Kitahara, Choco Mitsumata, and Mai Kamiizumi, Yuina and her friends are excited to make people’s dreams come true as the Maebashi Witches.",8.333,3,"Animation, Sci-Fi & Fantasy, Drama","anime, magical girl, gunma, japan",前橋ウィッチーズ,/vbWCrKNdmA4QYfijmeKPlyUD3K7.jpg,/ebkXJPFx8LC6rl765QWc3bUftkc.jpg,1.5557,ja,TV,12,1,https://maebashi-witches.com,"Sakura Kasuga, Hinano Sakikawa, Rena Motomura",,Official Trailer [Subtitled]
274737,Ore wa Seikan Kokka no Akutoku Ryoushu,Ended,2025-04-06,24,"After a life of honesty left him betrayed, Liam is reborn into a vast interstellar empire with one goal: be the galaxy’s worst evil lord. But no matter how hard he tries to be a tyrant, his “wicked” plans keep backfiring into peace, prosperity, and adoring fans. Galactic chaos, magic, and mecha await in this hilariously misconstructed tale of a villain who can’t help but to impress.",7.5,10,"Animation, Comedy, Action & Adventure, Sci-Fi & Fantasy","reincarnation, harem, space, mecha, betrayal, space adventure, anime, intergalactic travel, isekai, revenge thriller",俺は星間国家の悪徳領主！,/lSXLjmpTKRqKfjzCz0YXdvm7o4z.jpg,/ztUSVExmR0NlyIwTVdh9qKK0HEY.jpg,3.0466,ja,TV,12,1,https://seikankokka-anime.com,"Natsuki Hanae, Reina Ueda, Takehito Koyasu",,
249854,Mono,Ended,2025-04-13,0,"Satsuki Amamiya was feeling down due to the graduation of the high school Photography Club’s president. However, her best friend and fellow member An Kiriyama encourages Satsuki to dedicate herself to the newly merged Cinephoto Club. Join Satsuki and An as they set out to track down a missing camera, meet new faces, and capture stunning photos and videos along the way.",8.6,10,"Animation, Comedy","japan, photography, slice of life, food, based on manga, schoolgirl, journey, seinen, anime, school club",mono,/lXsY3KHZptNv7MhMrUYXWjamh7m.jpg,/xDd7eha6XFOO6IQnJ2N4pwt5sYK.jpg,3.2101,ja,TV,12,1,https://mono-weekend.photo,"Haruna Mikawa, Aoi Koga, Hikaru Tono",,Official English Dub Trailer
281042,Hibi wa Sugiredo Meshi Umashi,Ended,2025-04-13,0,"Follow the daily lives of five new undergrad college girls as the eat, laugh, and deepen their friendships. They love delicious, want to have lots of fun together, study hard, and enjoy their college life to the fullest!",8.1,10,"Animation, Comedy","cooking, college, friendship, slice of life, food, university, college student, calm, anime, social anxiety",日々は過ぎれど飯うまし,/3jI8ZHkteqxYEi4xTET3HMQb4zD.jpg,/jjRmHHPjd5lithIzG7gWkIQr5lD.jpg,2.6912,ja,TV,12,1,https://hibimeshi.com/,"Hana Shimano, Ai Kakuma, Yoshino Aoyama",,Official Trailer [Subtitled]
283360,Classic Stars,Ended,2025-04-06,24,"At Gloria Private Academy, where stars are born, Beethoven was a fighter, until music chose him. In the prestigious music department, students who match the talent of legendary musicians inherit their gifts and names. Trading his gloves for melodies, he steps into a world where notes hit harder than fists, determined to win the ultimate competition.",6.0,2,Animation,"anime, music",クラシック★スターズ,/W8rcZSdXpG36BA2jKrYDyBRFVM.jpg,/mLjn1cTTgEBGXXwUAf0vJpi3Kzz.jpg,1.1899,ja,TV,13,1,https://classicstars-anime.com,"Yuma Uchida, Shun Abe, Shoya Ishige",,「クラシック★スターズ」メインPV
41407,Nazotoki wa Dinner no Ato de,Ended,2011-10-18,54,"""The After-Dinner Mysteries"" is a daring mystery with unique characters, play on words and witty conversations.Reiko Hosho is the only daughter to the CEO of a major enterprise, ""Hosho Group,"" known worldwide. Hiding her true identity behind her day time job as a rookie police officer, Reiko comes home to Kageyama, her butler whenever she is faced with a complex case. Being a perfectionist, Kageyama is flawless when it comes to serving meals full course from hors d'oeuvre to dessert. He sharpl...",6.4,9,"Mystery, Comedy",,謎解きはディナーのあとで,/7XbSsNrVNkHJiUWBCn9Rp2PlkB9.jpg,/dzxRIUMvaERSRhfMpSH4rxLG0Fx.jpg,1.2796,ja,TV,10,1,http://www.fujicreative.co.jp/for_buyers/more_info/tabid/106/pdid/357/Default.aspx,"Keiko Kitagawa, Sho Sakurai, Kippei Shiina",,
282666,Guilty Gear Strive: Dual Rulers,Ended,2025-04-05,0,"Sin Kiske, the forbidden child of a human and a magically crafted biological weapon called a Gear, lives in a world where magic has replaced science, and scars from the Gear rebellion remain. Attending his parents’ taboo-breaking wedding, he encounters a mysterious girl with deep hatred for Gears, and their fateful meeting threatens to upend the world once again.",6.5,2,"Animation, Sci-Fi & Fantasy, Action & Adventure","magic, distant future, wedding, based on video game, anime",GUILTY GEAR STRIVE: DUAL RULERS,/tpRogsdGkXhog9q80I0XrOuEA4K.jpg,/7EDiFma8CrnbT9F05xNd50CZZrr.jpg,1.5139,ja,TV,8,1,https://www.guiltygear.com/ggstdr/jp,"Issei Miyazaki, Jouji Nakata, Yui Ishikawa",,Official Trailer [Subtitled]
154494,Lycoris Recoil: Friends Are Thieves of Time.,Ended,2022-07-02,24,"A spirited secret agent and her aloof colleague work in an unassuming, charming cafe while happily helping their customers' out in any way they can.",8.2,188,"Animation, Action & Adventure, Comedy","police state, secret agent, female friendship, secret government organization, slice of life, conspiracy, teenage girl, bromance, cafe, anime",リコリス・リコイル,/hcPLwLGEU4alv9sOWvzSY4IorxV.jpg,/xIBS2ZIvQZbf6xBMzCi3ml2FSyp.jpg,5.5724,ja,TV,13,1,https://lycorisrecoil.com/,"Chika Anzai, Shion Wakayama, Ami Koshimizu",,Official Trailer [Subtitled]
281623,Shirobuta Kizoku desu ga Zense no Kioku ga Haeta node Hiyoko na Otouto Sodatemasu,Ended,2025-04-20,25,"Ageha Kikunoi was a spoiled 5-year-old before he suddenly recalled memories from a past life. Then, he loved to cook, sew, and sing above all else. In this world, Ageha and his younger brother, Regulus, try to navigate the Kikunoi house as corruption among the aristocracy deepens. They’ll need skills from Ageha’s past life, blessings of gods and elves, and magic spells to help them on their way!",8.7,3,"Animation, Action & Adventure, Sci-Fi & Fantasy, Comedy","magic, reincarnation, nobility, management, shoujo, anime, isekai, person in a strange world, kingdom building, based on light novel",白豚貴族ですが前世の記憶が生えたのでひよこな弟育てます,/cPfb1zRevjNa8cA17D7KszobE2s.jpg,/nYBTmeGJQDJhkFBlKhSfnmK5WF4.jpg,2.5304,ja,TV,12,1,https://shirohiyo.com,"Mariya Ise, Misaki Kuno, Shunichi Toki",,Official Trailer [Subtitled]
129804,Given,Ended,2021-07-27,45,"Xiang Yu Qiu is an orphan. A decade ago, his girlfriend, Luo Ting, died and donated her cornea to a sick 10-year-old girl named Xiang Lian Xin. Now ten years later, Lian Xin has returned to China after finishing a degree overseas. She meets her donor’s younger brother, Luo Rui, who falls in love with her at first sight. However, Lian Xin secretly adores Xiang Yu Qiu, the ex-lover of her cornea donor. Xiang Yu Qiu can’t face Lian Xin – Every time he looks at her, he sees Luo Ting’s eyes. So, he h...",8.0,1,Drama,"transplantation, love",你的名字我的姓氏,/7aRlqDoeIzSIbxr9NPw6exPxPgo.jpg,/j1yu63meBQWwbXyBSONii7atVxN.jpg,1.7216,zh,TV,40,1,https://www.iqiyi.com/v_1rg4i45wgfk.html,"Sophie Zhang, Mi Lu, Zhang Chao","Dawei Li, Ting Yang Kuo","Upcoming Chinese Drama! 你的名字我的姓氏（Ni De Ming Zi Wo De Xing Shi）aka Once Given, Never Forgotten"
261311,Kisaki Kyoiku kara Nigetai Watashi,Ended,2025-01-05,24,"Leticia Dorman, daughter of a duke, is less than thrilled to be engaged to a crown prince. Betrothed since childhood and trained to be queen, she always hoped Prince Clarke would fall for someone else one day. So when he shows up at a ball with another woman, Lettie excitedly retreats to the countryside to start her new life—only for Clarke to appear, determined to win her heart.",7.4,10,"Animation, Comedy, Sci-Fi & Fantasy","princess, villainess, historical, nobleman, shoujo, anime, based on light novel",妃教育から逃げたい私,/9i9V4kmO2jN6vRnnqQB4LpDHltD.jpg,/zsrH7UpXF78wg3LMawl9hO7EV5S.jpg,1.5708,ja,TV,12,1,https://kisakikyouiku.com,"Haruka Shiraishi, Jun Fukuyama, Yuka Saitou",,Official Trailer [Subtitled]
260822,Akuyaku Reijou Tensei Ojisan,Ended,2025-01-10,0,"After being struck by a car, 52-year-old civil servant Kenzaburou Tondabayashi finds himself reincarnated as the villainess of his daughter’s favorite video game! Committed to his role as the haughty and arrogant Grace Auvergne, Kenzaburou plays out Grace’s part in the game’s story… Except his kind nature and elegant Japanese manners accidentally turn the unlikeable Grace into the most admired girl in school instead.",7.8,22,"Animation, Comedy, Sci-Fi & Fantasy","magic, reincarnation, daughter, based on comic, parody, based on manga, anime, isekai, otaku, civil servant",悪役令嬢転生おじさん,/gkWFukI6zs2brCGvEy5ZNlfjgJp.jpg,/tq6Ouby6VmXxiQfJpUdh3zzPIF5.jpg,2.0547,ja,TV,12,1,https://tensei-ojisan.com,"Kazuhiko Inoue, Mao Ichimichi, Akira Sekine",,Dub Trailer
245561,Okinawa de Suki ni Natta Ko ga Hougen Sugite Tsura Sugiru,Ended,2025-01-05,24,"When Teruaki Nakamura transfers to laid-back Okinawa, he falls for the lively Kyan-san—but her dialect is a complete mystery to him. With Higa-san translating, Teru's misunderstanding-filled island life takes off... and subtle hints suggest Higa-san might want his heart too. On this serene island, love flows as freely as the ocean breeze!",7.7,7,"Animation, Comedy","love triangle, high school, okinawa, romcom, romance, slice of life, based on manga, school life, seinen, transfer student",沖縄で好きになった子が方言すぎてツラすぎる,/VICqDMbB1K3MWZjtqxVEvl7ror.jpg,/qkbCAbBf37exX9uM13ozSN2pQmd.jpg,1.5574,ja,TV,12,1,https://okitsura.com,"Takeo Otsuka, Akari Kito, Fairouz Ai",,Official Trailer [Subtitled]
115312,Mahouka Koukou no Yuutousei,Ended,2021-07-03,24,"A century has passed since magic - true magic, the stuff of legends - has returned to the world. It is spring, the season of new beginnings, and a new class of students is about to begin their studies at the First National Magic University Affiliated High School, nickname: First High.It follows the events of the original series as seen through the eyes of Shiba Miyuki, Tatsuya's sister. The life of an honor student comes with a lot of expectations...and unexpected hidden feelings?!",6.6,23,"Animation, Action & Adventure, Sci-Fi & Fantasy","magic, supernatural, high school, romance, based on manga, spin off, schoolgirl, school life, anime, high school girl",魔法科高校の優等生,/p5KpzUYxwbqpJMzJBrgLEdSvrA7.jpg,/hqalGitZD9f2bOlmRUBd5MoIQqH.jpg,2.1574,ja,TV,13,1,https://mahouka-yuutousei.jp,"Saori Hayami, Sora Amamiya, Yuiko Tatsumi",,The Honor at Magic High School Trailer 1
261148,Sentai Red Isekai de Boukensha ni Naru,Ended,2025-01-12,24,"Togo Asagaki was the Red Ranger in a heroic Ranger squad. During their final battle against an evil organization, he gave his life to guarantee their triumph. But fate had other plans, and he found himself reborn in an entirely different world. Embracing his new role as an adventurer, he transforms into Kizuna Red and continues his pursuit of justice, helping those in need.",7.9,22,"Animation, Comedy, Action & Adventure, Sci-Fi & Fantasy","magic, transformation, reincarnation, superhero, parody, mecha, giant robot, based on manga, demon, adventurer",戦隊レッド 異世界で冒険者になる,/ZkvF2ASZD3gLDnn2ZJ7L7RGSBc.jpg,/wWv4YVdsK17NbMTicoubbwOmi7i.jpg,2.1154,ja,TV,12,1,http://isekai-red-anime.com,"Tomoya Ito, Konomi Inagaki, Minami Tanaka",,
249964,Girumasu,Ended,2025-01-11,24,"Alina thought she had found the perfect job as a guild receptionist. It’s stable, safe, and has a super cute uniform. But this dream gig turns into an overtime nightmare whenever adventurers get stuck clearing a dungeon. Tired of the long nights, Alina starts taking down the bosses herself! She even earns the name Executioner for her impressive skills. Can she keep her identity a secret?",7.559,34,"Animation, Comedy, Action & Adventure, Sci-Fi & Fantasy","monster, magic, super power, dungeon, anime, reluctant hero, based on light novel",ギルドの受付嬢ですが、残業は嫌なのでボスをソロ討伐しようと思います,/n9WZ97NUkT0Gc7ro6kVw1qe4ItR.jpg,/kDxIaVUaeMpobnnZ918z5uSoP8V.jpg,2.1492,ja,TV,12,1,https://girumasu.com,"Rie Takahashi, Kentaro Kumagai, Aoi Koga",,Official Trailer [Subtitled]
258680,Douse Koishite Shimaunda,Returning Series,2025-01-10,24,"It’s the year 2020, and Mizuho is having the worst 17th birthday ever. Her parents forgot it’s her birthday, she still can’t seem to get close to the senior she likes, and all her school trips and tournaments are canceled thanks to a new disease going around. She’s convinced she’ll never have the kind of youth she’s always dreamt of…until her childhood friend, Kizuki, suddenly asks her out.",7.4,8,"Animation, Drama","adolescence, high school, harem, romance, flashback, slice of life, coming of age, school, based on manga, childhood friends",どうせ、恋してしまうんだ。,/1l2M78uA4oCqJImxnvrsSyjXzF6.jpg,/5BrmxVuD3fAK8KefswDD7WdnL2R.jpg,1.7953,ja,TV,12,2,https://koishima-pr.com,"Sakura Shinfuku, Kazuki Ura, Sion Yoshitaka",,Official Trailer [Subtitled]
256744,Hana wa Saku Shura no Gotoku,Ended,2025-01-08,23,"The story is set in Tonakishima, a small island with a population of 600. Hana, a high school girl who lives on the island, loves recitals, and holds regular reading sessions for the island's children. Mizuki, the president of the Broadcasting Club, senses Hana's power to attract people through her reading and invites her to join the club. Hana joins the Broadcasting Club and experiences many firsts with the other members.",6.6,8,"Animation, Drama","high school, slice of life, coming of age, based on manga, storytelling, poetry reading, teen drama, seinen, anime, performing arts",花は咲く、修羅の如く,/8r6Fv7tNRVOH5uKf1rkj6sK8KWF.jpg,/5gdqwB0uYyh2oIGNGZg2a1032Ni.jpg,1.7587,ja,TV,12,1,https://hanashura-anime.com,"Minori Fujidera, Miyuri Shimabukuro",,Trailer [Subtitled]
257790,Kurasu no Daikirai na Joshi to Kekkon Suru Koto ni Natta,Ended,2025-01-03,24,"High school student Saito Hojo is set to inherit his grandfather’s major corporation. First, he must marry Akane Sakuramori, the girl he despises the most, and who hates him just as much. The two are determined to keep their unexpected marriage a secret from their classmates. But as they begin their newlywed life, the distance between them starts to close.",7.3,14,"Animation, Comedy","adolescence, arranged marriage, romcom, slice of life, anime, classmates, japanese high school, cohabitation, based on light novel",クラスの大嫌いな女子と結婚することになった。,/k0Yb8KjspVjNlmvHNgqRRbhZ6LA.jpg,/rn9aAeJQSXRK0FG14bFmQrktQtY.jpg,3.7535,ja,TV,12,1,https://kura-kon.com/,"Shogo Sakata, Hinaki Yano, Sayumi Suzushiro",,Official Trailer [Subtitled]
216272,Unnamed Memory,Ended,2024-04-09,24,"Climbing a deadly tower, Oscar seeks the power of its master, the Witch of the Azure Moon. He hopes her incredible magic can break a curse that will kill any woman he takes for a wife. However, when the prince sees how beautiful Tinasha is, he has a better idea—since she's surely strong enough to survive his curse, she should just marry him instead! Tinasha isn't keen on the idea but agrees to live with Oscar in the royal castle for a year while researching the spell placed on the prince. The wi...",7.314,43,"Animation, Action & Adventure, Drama, Sci-Fi & Fantasy","witch, monster, magic, romance, nobleman, shounen, anime, sword and sorcery, fantasy, based on light novel",Unnamed Memory,/tvrc6PfamASdvp334FYUrViR3Hp.jpg,/nknCA4Emt58gjHvsILTe2X5GCS8.jpg,3.7464,ja,TV,24,1,https://unnamedmemory.com,"Yoshiki Nakajima, Atsumi Tanezaki",,Official Trailer [Subtitled]
247859,Honey Lemon Soda,Ended,2025-01-09,23,"After middle school, with its bullying and nicknames, Uka Ishimori is excited for a fresh start at Hachimitsu High School. Kai Miura, a cool and uninhibited boy, sits next to her in class. Uka remembers she met Kai in middle school and with a single word, he had convinced her to attend Hachimitsu. Though he’s popular, Kai supports Uka in her efforts to fit in with her new classmates.",8.4,22,"Animation, Drama, Comedy","high school, bullying, romance, slice of life, coming of age, school, based on manga, shoujo, anime, japanese high school",ハニーレモンソーダ,/vORim2Ymnr8ULKPiVWSh9PAeZ4b.jpg,/5Ltkep2dzaupq62nmmejl9Nk6vT.jpg,3.4511,ja,TV,12,1,https://honeylemon-anime.com,"Kana Ichinose, Shogo Yano, Rie Takahashi",,Official Trailer 2 [Subtitled]
270474,Fugukan,Ended,2025-01-09,24,"In a world where heroes are born, not made, Ein’s god-given gift is the weakest: the power to appraise things. Treated cruelly by his peers, Ein spends his days in self-abasement—until he meets Yuri, the spirit of the World Tree. Yuri and her protector, Ursula, bless Ein with the Spirit Eye, unlocking new strength. As his abilities grow, Ein embarks on a journey to uncover his true purpose.",7.032,31,"Animation, Action & Adventure, Sci-Fi & Fantasy, Drama","elves, magic, harem, romance, anime, other world, based on light novel",不遇職【鑑定士】が実は最強だった～奈落で鍛えた最強の【神眼】で無双する～,/lUAGrruGGj2PB6CYkw6tGLQD41G.jpg,/aTk5XhDb4vdqVXBiatmpbdDJIVK.jpg,5.4153,ja,TV,12,1,https://fugukan.com,"Kikunosuke Toya, Hikaru Tono, Sayumi Suzushiro",,Official Trailer [Subtitled]
22311,Zenshuu,Ended,1986-04-25,30,"A brilliant collection of beautifully animated episodes based on selected masterpieces of Japanese modern literature.The aim of this series is to appeal to the viewer at large and to give him or her some idea of the variety and individuality which Japanese literature has developed over the last hundred years.The authors range from Higuchi Ichiyou (Takekurabe), Mori Ougai (The Dancing Girl) and Natsume Souseki (Botchan) to Kawabata Yasunari (The Izu Dancer), Nobel laureate of 1968, and Mishim...",7.0,1,"Animation, Drama","based on novel or book, anthology, romance",青春アニメ全集,/doNut6BNeK2EMu6zSrHX6jtHjGW.jpg,/odOyWcDSzf28kFRZs48HMzzanWu.jpg,1.0789,ja,TV,32,1,https://www.nippon-animation.co.jp/work/1499/,,Eiji Okabe,
240992,Medalist,Returning Series,2023-12-29,0,"The trail of clues that thickens the plot...Diana is a promising national athlete. After dropping out of the High-Performance Center (CAR) a year ago, she is now back to the place where she’ll reconnect with her brother Sérgio a high-ranking Judo player. Diana dreams of following her brother’s footsteps, whom she sees as an idol, and win a spot at the Olympics, but an accident puts Sérgio in a coma. Aside from trying to reach her Olympic goals, Diana is now driven to find out what made her bro...",7.2,2,Drama,,Os Eleitos,/E9jb3Pdw4NSYrhpM05CGfLc8Nl.jpg,/iZ74Jk6tzLeT36q0l15zkCB38FF.jpg,1.6142,pt,TV,104,4,https://opto.sic.pt/series/os-eleitos/ddccc467-9a2d-4281-bf86-026eedb73b38,"Joana Cravo, Paula Magalhães, João Bettencourt","João Gomes, Ricardo Inácio, Tiago Alvarez Marques",
249031,Nihon e Youkoso Elf-san,Ended,2025-01-10,24,"Kazuhiro Kitase’s only hobby? Sleeping, of course. Since childhood, his dreams have been a portal to exhilarating adventures with an elf girl. During one of their explorations through ancient ruins, they both get scorched by a dragon, and Kazuhiro wakes up like usual. Except this time, he finds a familiar figure in bed beside him—the elf girl from his dreams.",7.5,17,"Animation, Comedy, Sci-Fi & Fantasy","elves, magic, supernatural, romance, slice of life, shounen, anime, reverse isekai, based on light novel, romantic",日本へようこそエルフさん。,/1BifdNaVpUZUkbHYVPVDBYBlqJj.jpg,/nmlyumUP75OATOl4TiRzbEVc7or.jpg,2.6943,ja,TV,12,1,https://welcome-elfsan.com,"Yusuke Kobayashi, Kaede Hondo, Yumi Uchiyama",,Official Trailer [Subtitled]
259559,Salaryman ga Isekai ni Ittara Shitennou ni Natta Hanashi,Ended,2025-01-06,276,"In an alternate fantasy world, the Demon King reigns with a formidable army led by his Four Heavenly Kings. One happens to be Uchimura Denosuke, a normal salaryman unexpectedly plucked from his mundane life by the Demon King himself. But even in this new realm, Uchimura is bestowed no particular powers. Can he survive treacherous missions with only the knowledge of an office worker?",6.4,16,"Animation, Sci-Fi & Fantasy, Action & Adventure, Comedy","elves, magic, work, politics, supernatural, based on manga, economics, shounen, anime, isekai",サラリーマンが異世界に行ったら四天王になった話,/jn74fTmDPlQLyHyhhErM82WqTlD.jpg,/kEhka30yogwEZcQCq0atXHzgVLe.jpg,1.8787,ja,TV,12,1,https://salaryman-big4.com,"Yuki Ono, Konomi Kohara, Akio Otsuka",,Official Trailer [Subtitled]
234910,Amagami-san Chi no Enmusubi,Ended,2024-10-02,24,"Uryu Kamihate is a high school student hoping to enroll in Kyoto University’s medical school. After being taken in by the chief priest at Amagami Shrine, he is told he must marry one of three maiden sisters—Yae, Yuna, or Asahi—to live at, and one day inherit, the Amagami Shrine. Kamihate will need to sweep one of the maidens off her feet in this story of romance, friendship, and fun.",7.462,13,"Animation, Comedy","marriage, harem, romcom, romance, slice of life, based on manga, shrine, ecchi, married life, shounen",甘神さんちの縁結び,/15xFmoqTEryUWL7kUjY1QSby8XY.jpg,/9NIyeGexonYn4ETKp9PkziPnkry.jpg,3.4302,ja,TV,24,1,https://amagami-anime.com/,"Ryota Suzuki, Sumire Uesaka, Kaede Hondo",,Official Trailer 2 [Subtitled]
273048,NEET Kunoichi to Nazeka Dousei Hajimemashita,Returning Series,2025-01-05,15,"In order to protect an ordinary businessman, Tsukasa Atsumi, from demons, a genius kunoichi, Shizuri Ideura, signs a master-servant contract with him on the condition that she stays with him. Despite her cool appearance of defeating demons, Shizuri is an otaku NEET who spends all her time playing video games. While Shizuri is spoiled by Tsukasa and leads a lazy cohabitation life, the quirky Kunoichi gather together.",7.2,6,"Animation, Comedy, Sci-Fi & Fantasy, Action & Adventure","supernatural, romcom, romance, ninja, based on manga, kunoichi, anime, neet, otaku",ニートくノ一となぜか同棲はじめました,/jzgixTaVH9SfeOv6bMtNbETyaCZ.jpg,/532ZdugTqAT9XH38oA318Eh0gzG.jpg,1.9033,ja,TV,24,1,https://neet-kunoichi.com,"Hinaki Yano, Shoya Ishige, Shigeru Chiba",,Dub Trailer
258578,Mahoutsukai no Yakusoku,Ended,2025-01-06,23,"On a moonlit night, Akira Masaki finds herself in a magical world where wizards and humans coexist. Every year, they must face an enormous, deadly moon that attacks the planet. Their only hope lies with the Wizards of the Sage, appointed to fight the supernatural threat. But Akira soon discovers she wasn't summoned by chance—she was chosen to lead them in battle.",6.8,4,"Animation, Sci-Fi & Fantasy","magic, based on video game, anime, josei, isekai, daily life",魔法使いの約束,/fXJwmUem4yKekiUmt7VJEmxCGML.jpg,/quHLmheViYmmvSp6QnCLn9Q4L0.jpg,1.902,ja,TV,12,1,https://sh-anime.shochiku.co.jp/mahoyaku-anime,"Yumiri Hanamori, Atsushi Tamaru, Takashi Kondo",,Official Trailer [Subtitled]
258994,Kuroiwa Medaka ni Watashi no Kawaii ga Tsuujinai,Returning Series,2025-01-07,23,"For Mona Kawai, winning hearts and turning heads comes naturally. Everything changes when Medaka Kuroiwa, a new transfer student, arrives. He won’t even give Mona a second look, and it turns her life upside down! Mona tries everything she can to win Medaka over, even going to the extreme at times. Tune in to a new rom-com about a queen bee and an unfazed boy among the school’s halls.",7.2,15,"Animation, Comedy","monk, high school, romcom, slice of life, school, based on manga, ecchi, shounen, anime",黒岩メダカに私の可愛いが通じない,/8cjNjEYJVqj0nTeuZlMv8IUvI65.jpg,/s4QEjHrJ1BXIjv6OQ1Jh67uVRYP.jpg,2.7251,ja,TV,12,2,https://monaxmedaka.com,"Ryota Iwasaki, Yu Serizawa, Sora Amamiya",,Official Trailer [Subtitled]
258912,Magic Maker -Isekai Mahou no Tsukurikata,Ended,2025-01-09,0,"On the night of his 30th birthday, one man’s dreams of wielding magic come true after he unexpectedly passes away. He wakes as Sion, a young child in another world. He and his elder sister, Marie, are the children of a lower-class noble family who govern their region. After receiving conflicting messages from their father, Sion and Marie set out on an adventure to uncover the magic.",7.833,30,"Animation, Comedy, Action & Adventure, Sci-Fi & Fantasy","magic, romance, slice of life, anime, other world, isekai, based on light novel",マジック・メイカー ～異世界魔法の作り方～,/wKe1FmUAcSukpfEn5s6747pBwLD.jpg,/ts50p9h0HseLrZ0tvhDrMrLGoIc.jpg,1.4347,ja,TV,12,1,https://magicmaker-anime.com,"Megumi Han, Ai Kakuma, Sora Amamiya",,Official Trailer [Subtitled]
70590,DanMachi,Ended,2017-04-15,24,"After having descended upon this world, the gods have created guilds where adventurers can test their mettle. These guilds, known as ""familia,"" grant adventurers the chance to explore, gather, hunt, or simply enjoy themselves.The Sword Princess, Ais Wallenstein, and the novice mage, Lefiya Viridis, are members of the Loki Familia, who are experts at monster hunting. With the rest of their group, they journey to the tower of Babel in hopes of exploring the dungeon underneath. Home to powerful m...",7.0,93,"Animation, Action & Adventure","mythology, magic, friendship, spin off, dungeon, adventurer, anime, deity, based on light novel, adventure",ソード・オラトリア ダンジョンに出会いを求めるのは間違っているだろうか外伝,/mLRmZ83ab7EPDY0mdUVuDCk3USU.jpg,/ard57H2UJfk9Ls50rib5lKHBiK.jpg,3.2632,ja,TV,12,1,https://danmachi.com/sword_oratoria,"Saori Onishi, Juri Kimura, Rie Murakawa",,Sword Oratoria: Is It Wrong to Try to Pick Up Girls in a Dungeon? On the Side Official Trailer
261301,"Botsuraku Yotei no Kizoku dakedo, Hima Datta kara Mahou wo Kiwametemita",Ended,2025-01-07,24,"While innocently enjoying himself after work, one man’s life changes forever. He wakes in the body of Liam Hamilton, the youngest son of a noble house on the brink of collapse. Amid the chaos, Liam realizes he finally has time to learn and practice magic. Once he begins, it takes his life for an even bigger turn. Can Liam master magic and save his noble family? The aristocratic fantasy begins!",7.0,15,"Animation, Sci-Fi & Fantasy, Action & Adventure","magic, reincarnation, harem, anime, isekai, based on light novel",没落予定の貴族だけど、暇だったから魔法を極めてみた,/7yYvOotNSvM8Q9le7uDfzX2h9fb.jpg,/1zX2n6SH9hJk3TDdziMpkrEESAc.jpg,1.7518,ja,TV,12,1,https://botsurakukizoku-anime.com,"Ayumu Murase, Tomokazu Sugita, Haruka Tomatsu",Tatsuya Takahashi,Official Trailer [Subtitled]
76572,Soul Land | Douluo Dalu,Ended,2018-01-13,20,"Tang San spent his life in the Tang Outer Sect, dedicated to the creation and mastery of hidden weapons. Once he stole the secret lore of the Inner Sect to reach the pinnacle of his art, his only way out was death. But after throwing himself off the deadly Hell's Peak he was reborn in a different world, the world of Douluo Dalu, a world where every person has a spirit of their own, and those with powerful spirits can practice their spirit power to rise and become Spirit Masters.The spirit that...",8.3,50,"Animation, Drama, Sci-Fi & Fantasy, Action & Adventure","martial arts, based on novel or book, reincarnation, chinese, sect, wuxia, xianxia, isekai, cultivation, donghua",斗罗大陆,/o80kcyeLqMHggWtcskg2E9hLQGB.jpg,/rcfUUrQj6Zhk4mG4xtCl8Smupko.jpg,12.5036,zh,TV,264,1,https://wetv.vip/en/play/wzx7pbebgpxlqqr,"Shen Lei, Zhang Qi, Wei Zhai","Hongning Tang, Robin Shen",Soul Land Trailer
69286,Hand Shakers,Ended,2017-01-11,23,"Tazuna is a high school student, living in Osaka, who loves to fiddle around with machines. One day, he receives a repair request from an university laboratory. He accepts the request and ends up meeting a girl named Koyori, who has been bedridden for a very long time. Suddenly, Tazuna and Koyori get pulled into a whole different world called “Ziggurat”. In this world, there are Hand Shakers, two people who touch hands and create the Nimrod. Their goal is to defeat other Hand Shakers in order to...",5.5,17,"Action & Adventure, Animation, Sci-Fi & Fantasy",anime,ハンドシェイカー,/5JJFZ4xXpkA40Vvnp0frYBgqf7b.jpg,/qiVQj2IoD2ANzz0alkbesUEAgIE.jpg,1.7918,ja,TV,12,1,http://www.project-hs.net/,"Soma Saito, Sumire Morohoshi",,
102086,Kami-tachi ni Hirowareta Otoko,Ended,2020-10-04,24,"Only 39 years into a life full of bad luck, Ryoma Takebayashi passes away in his sleep! Taking pity on him, three divine beings show compassion by reincarnating him as a young boy to a magical, new world. Now he spends his time researching and caring for slimes in the forest. But after healing an injured traveler, Ryoma decides to set out with his new friends on a journey to use his power to help others. A whole new world awaits him, where his skills as a magic user and slime tamer continue to e...",8.1,127,"Animation, Action & Adventure, Sci-Fi & Fantasy","slime, reincarnation, god, slice of life, giant monster, fantasy world, living alone, anime, isekai, pet monster",神達に拾われた男,/bfYje9AgtWzYCeCQbMU3nHdE4k1.jpg,/kGvB0H7AiQt6dx0snVtUq39UvEh.jpg,4.333,ja,TV,24,2,https://kamihiro-anime.com,"Azusa Tadokoro, Hiroki Yasumoto, Makoto Koichi",,Official Trailer 2 [Subtitled]
65930,Boku no Hero Academia,Returning Series,2016-04-03,24,"For his entire life, Izuku has dreamed of being a hero—an ambitious goal for anyone, but an especially challenging one for a boy without superpowers. That’s right: in a world where 80% of the population has some sort of special gift, Izuku was unlucky enough to be born completely normal. But that won’t stop him from enrolling in one of the most prestigious hero academies in the world to learn what it truly means to be a hero.",8.6,5068,"Action & Adventure, Animation, Sci-Fi & Fantasy","saving the world, competition, hero, abusive father, training, bullying, superhero, revenge, school, heroism",僕のヒーローアカデミア,/phuYuzqWW9ru8EA3HVjE9W2Rr3M.jpg,/cH39aJg9VlEaYo6yY37Iah8RAaz.jpg,9.8531,ja,TV,160,8,http://www.heroaca.com/,Daiki Yamashita,,My Hero Academia - Season One - English Trailer [HD]
243743,Elf-san wa Yaserarenai,Ended,2024-07-07,12,"Naoe, a massage therapist, is about to head home for the day when he’s saddled with a rather strange patient. This lovely lady has emerald eyes, pointy ears, and grew up in the forest–everything about her screams “elf,” except for one thing: her bodacious body. It turns out she left her world but loves junk food in this one, and now her obsession has caught up with her. Can Naoe help this lovable elf girl lose the weight–and keep it off?",7.25,12,"Animation, Comedy","elves, junk food, based on comic, based on manga, chubby woman, losing weight, ecchi, massage therapist, anime, chubby",エルフさんは痩せられない。,/uAsfnNQmo8apz4tDDgnjXAirudB.jpg,/36ayECqAXwPnAT9O38Zj9wk4YMD.jpg,2.8907,ja,TV,12,1,https://elyase-anime.com/,"Ayasa Ito, Takahide Ishii",,Dub Trailer
244592,Haigakura,Returning Series,2024-10-07,24,"The story is set in a secluded realm where deities and mortals both dwell. A youth named Ichiyō sets out to capture the gods who have fled and scattered all over the realm. Together with the subordinate god Tenkō, Ichiyō seeks the four evil gods who hold the key to the realm's collapse.",8.2,4,"Animation, Sci-Fi & Fantasy","based on manga, anime, josei",ハイガクラ,/rk3IlmXhoSBwbTsYWWjnqtljnr3.jpg,/mRuS1eV8L8qWRHbaeFOpu7FeUNW.jpg,5.1107,ja,TV,13,1,https://haigakura.jp/,"Takeo Otsuka, Kaito Ishikawa, Lynn",,
216074,2.5 jigen no Ririsa,Ended,2024-07-05,24,"When cosplayer Ririsa joins Okumura's manga club, the line between 2D and 3D blurs when she asks him to be her photographer.",8.491,54,"Animation, Comedy","harem, based on comic, based on manga, cosplay, ecchi, shounen, anime, otaku",2.5次元の誘惑,/clrEz6ad3cFEae5q08iWsbnhhCW.jpg,/bG48yR8UzifLLeYdmNj8kdF9T5B.jpg,24.839,ja,TV,24,2,https://ririsa-official.com,"Junya Enoki, Kaori Maeda, Akari Kito",,Dub Trailer
258580,Wajutsushi,Ended,2024-09-30,0,"Noel is the grandson of legendary Seeker Overdeath and dreams of surpassing his strength. But it turns out that Noel is nothing but a Talker, the weakest class of them all. Undeterred, he uses his silver tongue to gather allies, develop cunning strategies, and form the greatest clan around. Now, as the most notorious Talker, Noel will do whatever it takes to claim supremacy.",7.793,29,"Animation, Action & Adventure, Sci-Fi & Fantasy","anime, based on light novel",最凶の支援職【話術士】である俺は世界最強クランを従える,/vntXNezLAhIlh7CbXhrjirkSG3z.jpg,/fy229btO53qlYFo1gzrH2cM6jwX.jpg,2.7137,ja,TV,12,1,https://wajutsushi-anime.com/,"Daiki Yamashita, Yu Serizawa, Yousuke Omomo",,Official Trailer [Subtitled]
99088,Mahoutsukai ni Narenakatta Onnanoko no Hanashi,Ended,2024-10-05,24,"At Letran Magic Academy, two unlikely friends share one dream: to become magicians. Kurumi is an average girl who’s a bit naive, while Yuzu is the distinguished daughter of a noble magician family. They need to get into a special magician training class, but they fail the entrance exam! All hope seems lost until mysterious homeroom teacher Minami Suzuki arrives, and their luck takes a sudden turn.",6.25,8,"Animation, Sci-Fi & Fantasy, Drama","based on novel or book, magic, slice of life, wizard, school life, shoujo, anime",魔法使いになれなかった女の子の話,/2cJUYKXocRLtpcqK2hzbluXuwqy.jpg,/ij6Zu7RGrWsU66SGay3ieKlZgJZ.jpg,1.3541,ja,TV,12,1,https://mahonare.asmik-ace.co.jp/,"Hana Hishikawa, Misuzu Yamada, Yui Horie",,
230189,Kekkon suru tte Hontou desu ka,Ended,2024-10-03,24,"Takuya and Rika work at the same travel agency in Tokyo and are both happily introverted and single. But their company is opening a new branch in Alaska next year, and employees without a spouse will be recruited to work there. Desperate to avoid the move, and though they’ve hardly spoken before, they decide to fake an engagement. Can these quiet coworkers become a convincing couple?",7.667,18,"Animation, Comedy","work, romance, based on manga, anime, fake marriage, office worker, romantic",結婚するって、本当ですか,/lMVkOrMaWEkHZLdPksKGcdi6hJg.jpg,/2drriQmhbkGgJbIX2Zmr8sEsbik.jpg,1.644,ja,TV,12,1,https://365-wedding-anime.com/,"Kentaro Kumagai, Saori Hayami, Ami Koshimizu",,Official Trailer [Subtitled]
240576,Kabushikigaisha Magilumiere,Returning Series,2024-10-04,24,"Magical girls: strong, cool, the ultimate dream job. College student Kana Sakuragi is job hunting - without much luck! One day, she is caught up in an attack by a ""Kaii."" Fiesty magical girl Hitomi Koshigaya flies to the rescue, and Kana uses her excellent memory to help her take it down. Hired as a magical girl by Magilumiere Magical Girls Inc., Kana takes her first step into the working world!",6.8,5,"Animation, Action & Adventure, Sci-Fi & Fantasy, Comedy","workplace, satire, based on comic, based on manga, shounen, anime, magical girl, fantasy",株式会社マジルミエ,/rmQjrOxAc3kRMG78NuvN3UVVqds.jpg,/6aicKBDCaK0KRpgd2eqN6aQ7Mak.jpg,1.8015,ja,TV,12,2,https://magilumiere-pr.com/,"Fairouz Ai, Yumiri Hanamori, Rikiya Koyama",,Official Trailer [ENG SUB]
210355,Mecha-ude,Ended,2024-10-04,24,"Hikaru’s ordinary middle school life takes a thrilling turn when he encounters Alma, an alien entity resembling a mechanized limb called Mecha-Ude. Alma, a member of a rare species, is fleeing from a sinister group hunting their kind down in search of one possessing unparalleled power. Tasked by the resistance group ARMS, this unlikely duo will embark on a perilous journey to save the Mecha-Ude.",7.182,11,"Animation, Sci-Fi & Fantasy, Action & Adventure","mecha, anime",メカウデ,/uryb30IYNtFCovDWKMvr8reFJu2.jpg,/m1Qs7udIu26oQOPjEBQ9GmCpZRd.jpg,2.0654,ja,TV,12,1,https://mecha-ude.com/,"Toshiyuki Toyonaga, Tomokazu Sugita, Yu Shimamura",,First PV [ENG SUB]
260689,NegaPosi Angler,Ended,2024-10-03,24,"Tsunehiro’s life isn’t easy. After a doctor gives him two years to live and debt collectors come knocking, he falls from a bridge. In the knick of time, Hana and her crew spot Tsunehiro and pull him to safety. Before returning, they anchor offshore to fish and Tsunehiro catches a huge sea bass in a bout of beginner’s luck. As his apartment building crumbles, Tsunehiro’s new life begins to unfold!",8.1,17,"Animation, Comedy, Drama","fishing, anime, iyashikei",ネガポジアングラー,/hTa90snCvIgN4pFRB6op5MLLLCv.jpg,/btKpvwN93fjT75nvUKVX6ihL40W.jpg,1.7479,ja,TV,12,1,https://np-angler.com,"Mutsuki Iwanaka, Fairouz Ai, Kaito Ishikawa",,
259786,Sayounara Ryuusei Konnichiwa Jinsei,Ended,2024-10-11,0,"Long ago, the most ancient of divine dragons was slain by a human. The mighty dragon accepted its death when suddenly, it was reborn as Dolan, a man who lives in a quiet village. While spending another peaceful day toiling in the fields, he meets Celina, a half-human, half-snake creature looking for a partner. The unlikely duo become friends, but challenges lie ahead that threaten their new bond.",7.6,17,"Animation, Sci-Fi & Fantasy, Action & Adventure","reincarnation, dragon, rural, monster girl, based on light novel",さようなら竜生、こんにちは人生,/n15iwXmYASiAEWUvkfoVKEIoqWq.jpg,/yK6dJ0Z28R9PloEAtxltealhNa2.jpg,2.7083,ja,TV,12,1,https://dragonlife-anime.com,"Shunsuke Takeuchi, Hitomi Sekine, Ayaka Ohashi",,
240641,Hoshifuru Oukoku no Nina,Ended,2024-10-07,24,"Nina never imagined she would be at the center of a royal deception. She’s had a rough start in life as an orphan in the castle town of Fortna. But when Prince Azure notices that her deep blue eyes look the same as the late Princess Alisha’s, he ordains that she takes her place and marry the Prince of Galgada. Despite this uncertain fate, she finds joy in knowing someone finally needs her.",8.628,47,"Animation, Drama, Sci-Fi & Fantasy","romance, based on manga, anime, josei, fantasy",星降る王国のニナ,/goE7QiiaRkzVLnwaODRNKarWljv.jpg,/jwwqnq0h8aTDKiHRKzI1OoGE8xD.jpg,2.0724,ja,TV,12,1,https://hoshi-nina-anime.com,"Minami Tanaka, Yuuichirou Umehara, Koki Uchiyama",Yuka Yamada,Official Trailer 2 [Subtitled]
248817,Rekishi ni Nokoru Akujo ni Naru zo,Ended,2024-10-02,0,"This young girl hates all those goodie-two-shoes heroines. So when she’s reincarnated as Alicia, the villain in her favorite fantasy dating sim, it’s like a dream come true! There’s just one problem: the more she tries to be evil, the more the prince seems to fall for her. Alicia will have to work much harder if she ever wants to become the world’s greatest villainess.",7.789,38,"Animation, Comedy","villain, romance, school life, shoujo, anime, isekai, magic school, based on light novel",歴史に残る悪女になるぞ,/lTDWs3IjKwiBz00c8bzVmrgLa3A.jpg,/v97JJxh6ts4v6xkLLFm7Sr76Mva.jpg,1.9403,ja,TV,13,1,https://rekiaku-anime.com/,"Kanna Nakamura, Kaito Ishikawa, Manaka Iwami",,
244652,Tasuuketsu,Ended,2024-07-03,23,"The game began suddenly. It was ""Tasuketsu,"" a brutal survival game in which the majority is eliminated. In order to fight back against the immensely powerful emperor masterminding the game, young men and women create their own futures using the mysterious special ability known as ""Special Right.""",4.0,5,"Animation, Action & Adventure, Drama, Mystery","based on manga, super power, anime, psychological, thriller",多数欠,/jCnQloYIWCbSdP6oFyJR5VeHak0.jpg,/iiM6BlgPiDA1KE8jRM6thXydCOw.jpg,2.4074,ja,TV,24,1,https://www.vap.co.jp/tasuketsu_anime,"Yuto Uemura, Anna Nagase, Daisuke Ono",,
244624,Yarinaoshi Reijou wa Ryuutei Heika o Kouryakuchuu,Ended,2024-10-09,0,"Jill Savelle—fiancée of the crown prince Gerald de Kleitos and known as the ""Lady Goddess of War""—is being hunted down by the same country she swore to protect. Betrayed by her betrothed, she is framed as a traitor and imprisoned. In her last moments, Jill is filled with regret, but just as death approaches, she awakens six years in the past. This time, she will not be a mere pawn. Now as a 10-year-old girl, Jill resolves to escape her imminent engagement to the prince. To this end, she jokingly...",8.405,42,"Animation, Sci-Fi & Fantasy","romance, female protagonist, shoujo, anime, based on light novel, romantic",やり直し令嬢は竜帝陛下を攻略中,/vvpBGiUxOI7QwILqYisu0D4TmLI.jpg,/orTfV410xi7BtGr8OCRiPLzKh2f.jpg,2.3616,ja,TV,12,1,https://yarinaoshi-reijyou.com/,"Shu Uchida, Kikunosuke Toya, Shiori Izawa",Kentarou Suzuki,
234995,Sengoku Youko,Ended,2024-01-11,24,"Humans and katawara are at war, but there are those on each side who join forces. Tama is a fox spirit who loves humans, while her sendou brother, Jinka, despises them. Together, they use the power of spirit transformation to defeat the monstrous katawara and put an end to the evils of this chaotic age. What destiny awaits the duo at the end of their journey?",7.143,21,"Animation, Action & Adventure, Sci-Fi & Fantasy, Drama","swordsman, based on manga, sengoku period, shounen, anime, warring states period, monsters",戦国妖狐,/rLeQZRlvJmXnIIV65lNOO3RGrqP.jpg,/b7gnYXCCKSOpsKhuotDx0892yhl.jpg,3.1144,ja,TV,35,2,https://sengoku-youko.com,"Soma Saito, Yuuki Takada, Ryohei Kimura",,Official Trailer [Subtitled]
234538,Maou 2099,Ended,2024-10-13,0,"Five centuries ago, Demon Lord Veltol reigned over an immortal nation. Now, the time has come for him to awaken once again. The year is 2099, and civilization has reached peak evolution, leading to a high-tech landscape with towering skyscrapers—nothing like he’s conquered before. Veltol may be a relic of the past, but make no mistake, this new world will be his for the taking!",7.914,29,"Animation, Sci-Fi & Fantasy, Action & Adventure","metropolis, cyberpunk, futuristic society, anime, based on light novel",魔王2099,/jL4D4phOdEf6Ay0kdW25RiQTWBc.jpg,/rS6CNUPU62dsSmsPieLGm6NceZa.jpg,2.9218,ja,TV,12,1,https://2099.world,"Satoshi Hino, Miku Ito, Hana Hishikawa",,Official Trailer 2 [Subtitled]
216523,Kamonohashi Ron no Kindan Suiri,Ended,2023-10-02,24,"Ron Kamonohashi was once regarded as a genius at the top detective training academy. But after a fatal mistake, he was expelled and forbidden to become a detective. Years later, police officer Totomaru Isshiki knocks on Ron’s door seeking help on a serial murder case. He finds Ron, now a messy-haired recluse, who agrees. Together, this mismatched detective team begins solving their first mystery!",6.449,39,"Animation, Mystery, Crime, Action & Adventure","detective, based on comic, bromance, based on manga, blunt, shounen, anime, gay subtext",鴨乃橋ロンの禁断推理,/28soQPRQYUgi1cthtSqGkQFVwep.jpg,/9EVQLSslxwSPiOqBufrzr7guJQ5.jpg,4.7373,ja,TV,26,1,https://kamonohashiron.com,"Yohei Azakami, Junya Enoki, Yoko Hikasa",,
229743,VTuber Nandaga Haishin Kiri Wasuretara Densetsu ni Natteta,Ended,2024-07-08,24,"Yuki Tanaka is a VTuber at Live-On, one of Japan’s largest VTuber companies, as the polite and ladylike Awayuki Kokorone. One day, she forgets to end the stream, and viewers see her real personality—irreverent, improper, and prone to imbibing after a long day. Yuki is surprised to find that her accident caused her rankings to multiply, so she doubles down and gets to work. She’ll be a star yet!",5.875,8,"Animation, Comedy","satire, slapstick comedy, slice of life, female protagonist, anime, live stream, otaku, vtuber, girls love, based on light novel",VTuberなんだが配信切り忘れたら伝説になってた,/c6eB42kmJWGZgKecme6jhDeNMQr.jpg,/1ufrmUqhlB1SdyGN7EbYgUEA4VJ.jpg,1.9544,ja,TV,12,1,https://vden.jp/,"Ayane Sakura, Yu Kobayashi, Saku Mizuno",,Official Trailer [Subtitled]
1333100,Shingeki no Kyojin | Attack on Titan,Released,2024-11-08,145,"A colossal-sized omnibus film bringing together the last two episodes of Attack on Titan in the franchise's first-ever theatrical experience. After venturing beyond the walls and separated from his comrades, Eren finds himself inspired by this new truth and plots the ""Rumbling,"" a terrifying plan to eradicate every living thing in the world. With the fate of the world hanging in the balance, a motley crew of Eren's former comrades and enemies scramble to halt his deadly mission. The only questio...",8.71,112,"Animation, Action, Adventure, Drama","dystopia, giant monster, compilation, based on manga, aftercreditsstinger, edited from tv series, shounen, anime, suspenseful, complicated",劇場版「進撃の巨人」完結編 THE LAST ATTACK,/wgwldDDlTDDMrluOMkpSA8lyKjv.jpg,/nB6IR9XfdRpVRKCz85uT97EjgwB.jpg,6.7976,ja,MOVIE,0,0,,"Yuki Kaji, Yui Ishikawa, Marina Inoue",Yuichiro Hayashi,Official Trailer
34697,Mugen no Juunin: Immortal,Ended,2008-07-14,24,"Manji is a crass, violent samurai with a special ability: he cannot die. Cursed with immortality by the nun Yobikuni as punishment for his ruthless deeds, he has grown weary of his ageless life. The only way to lift the curse is to slay 1,000 evil men. So Manji wanders Japan, shedding the blood of the wicked on his quest to finally die.",6.471,17,"Animation, Action & Adventure","supernatural, based on manga, historical, seinen, anime",無限の住人,/ufo6y5FUdhUOXc97zZhpvmcQLRP.jpg,/AaqGsucjufRBH6W7ZgP9OF77rCy.jpg,1.7279,ja,TV,13,1,,"Rina Sato, Tomokazu Seki, Daisuke Namikawa",,
241628,Ramen Akaneko,Returning Series,2024-07-04,23,"Tamako, a human, arrives at Ramen Akaneko, run solely by cats, for a part-time job interview. Her honesty about being a dog person gets her hired, and she becomes the caretaker of the cats at the restaurant. A story of both cat and human relationships, told through the interactions with both feline staff and customers. Enjoy your extra-large serving of heartwarming and endearing moments at Ramen Akaneko.",5.0,3,"Animation, Comedy","cat, restaurant, tiger, workplace, slice of life, food, anthropomorphism, based on manga, talking cat, shounen",ラーメン赤猫,/qx5WYJ7u4I21D00a0f8pEmHmvLj.jpg,/fnsH3q7ciHITgHJaGioIZaIqK0n.jpg,3.1098,ja,TV,12,2,https://ramenakaneko.com,"Kenjiro Tsuda, Kurumi Orihara, Noriaki Sugiyama",,PV [English subtitled]
239764,Katsute Mahou Shoujo to Aku wa Tekitai shiteita,Ended,2024-07-09,12,"An evil organization invades and destroys everything in its path. The brains of the brutal operation is the king’s right-hand man, an evil lieutenant named Mira. Everything changes when a magical girl named Byakuya Mimori tries to stop the evil group in their tracks. When Mira confronts her, he knows it’s love at first sight. What will become of Mira and Byakuya, stuck between orders and love?",7.16,25,"Animation, Comedy, Sci-Fi & Fantasy","shapeshifting, magic, romance, based on manga, shounen, anime, magical girl",かつて魔法少女と悪は敵対していた。,/r5mp5XoWP9q8fTvx4rLZbC8qtgj.jpg,/rRu0Ogex93Fd3kFzxcLozhHqtZl.jpg,1.4713,ja,TV,12,1,https://mahoaku-anime.com,"Mai Nakahara, Yuki Ono, Mariya Ise",,
239158,Na Nare Hana Nare,Ended,2024-07-07,24,"Misora Kanata is a first-year student on the Takanosaki High School cheerleading team. She won a national championship in middle school, but can’t jump after a mistake in a competition. She befriends Suzuha, Shion, Anna, Onka, and Megumi to form the PoMPoMs. Their new team goes beyond cheerleading to reach the hearts of the people they cheer on. They might just change the world!",6.429,7,"Animation, Comedy, Drama","cheerleader, high school, parkour, cheerleading, anime, school club, high school girl, bukatsu, gunma, japan",菜なれ花なれ,/b0kHEAx7Na9Bv1Mu0pP5Ql5PVwU.jpg,/lOvJbND12WBqRgKqYNT7wDwwUtJ.jpg,2.3603,ja,TV,12,1,https://narenare-anime.com,"Rika Nakagawa, Yuki Nakashima, Larissa Tago Takeda",,Official Trailer [Subtitled]
240633,Isekai Yururi Kikou,Ended,2024-07-08,24,"After a god accidentally slays him, Takumi’s reborn with new skills in a monster-filled forest where he stumbles upon twins. They’re sweet, adorable, and super strong! Won over instantly, he names them Alan and Elena, becomes their guardian, and joins an adventurers’ guild to provide for his new family. And so starts his chill life of adventure, watching over Alan and Elena’s growth!",7.31,29,"Animation, Sci-Fi & Fantasy, Action & Adventure","cooking, magic, reincarnation, god, slice of life, food, parenthood, twins, adventurer, anime",異世界ゆるり紀行  ～子育てしながら冒険者します～,/xvFV6ADOmUZfK28aLrPAXmxrEZO.jpg,/1MoXMLA1pEQNh9l61f9NsxndVM7.jpg,2.6495,ja,TV,12,1,https://isekai-yururi-anime.jp,"Aina Suzuki, Miharu Hanai, Yusuke Shirai",,Official Trailer [Subtitled]
244620,Mob kara Hajimaru Tansaku Eiyuutan,Ended,2024-07-06,24,"Meet Kaito Takagi, your typical high schooler with a low profile. He spends his days exploring dungeons in Japan, hunting slimes for some extra cash. On the side, he quietly admires his childhood friend, the popular girl in class. One day, a rare golden slime shows up, and after Kaito defeats it, he finds a super valuable item—a card that can summon mythical beings! He decides to use it and summons a stunning warrior maiden. Now, Kaito has a chance to rise above his ordinary explorer life. Get r...",7.705,22,"Animation, Action & Adventure, Sci-Fi & Fantasy","magic, dungeon, adventurer, anime, based on light novel",モブから始まる探索英雄譚,/x64bUD0D2K5h5z5IKGHaMJlrZ0e.jpg,/xBwizA3fc3eXRa2SVVsXNcRUgGa.jpg,3.8158,ja,TV,12,1,https://mobkara.com/,"Kana Hanazawa, Yuya Hozumi, Azumi Waki",Tomoki Kobayashi,Mob kara Hajimaru Tansaku Eiyuutan | Official Trailer
255492,Tensui no Sakuna-hime,Ended,2024-07-06,24,"Two realms exist in the ancient land of Yanato: the Lofty Realm, where gods reside, and the Lowly Realm, where humans reside. Princess Sakuna was the daughter of the god of war and goddess of harvest, but she led a lazy life. One day, she is banished to Hinoe Island, the Isle of Demons. Stranded in a barren land, Sakuna sets out to slay demons and farm rice. Her new adventure begins!",7.5,12,"Animation, Action & Adventure, Sci-Fi & Fantasy","mythology, magic, agriculture, demo, god, coming of age, historical, based on video game, rice paddy, anime",天穂のサクナヒメ,/acj334nPMriYBPEiS2CuhCQDUXr.jpg,/xu2nKEcu3NpvLAvhoBbxQDv3icG.jpg,1.5748,ja,TV,13,1,https://sakuna-anime.com,"Naomi Ohzora, Takashi Narumi, Rika Kinugawa",,
232022,Grendizer U,Ended,2024-07-06,24,"Following a devastating attack by Vega's forces on planet Fleed, Duke Fleed, and Grendizer escaped to Earth. When he got there, Dr. Amon, the head of the Space Research Center, adopted him and gave him the name Daisuke. While they were working side by side in the center on a quest to find out what strange objects appeared in the city's sky! They were surprised by an attack that jolted Daisuke's memory.",6.4,5,"Animation, Action & Adventure, Sci-Fi & Fantasy","mecha, based on manga, reboot, anime, super robot",グレンダイザーU,/3zOp5TuOi4XKSpS7rjAYHf17mRD.jpg,/3gl7e3XhnGM39SpX7W5iRIq02TR.jpg,3.1484,ja,TV,13,1,https://grendizer-official.net,"Miyu Irino, Hiro Shimono, Sumire Uesaka",,Official Ending Theme - 3rd PV
209707,Megami no Café Terrace,Ended,2023-04-08,24,"After inheriting his late grandmother’s failing café, Hayato sees it as a bother and plans to sell it for a quick buck. Until he discovers five beautiful girls staying there! When they beg him to keep the café open, Hayato reluctantly gives in. Can he manage the seaside shop while learning to live with these unruly women?",7.1,43,"Animation, Comedy","harem, god, romance, slice of life, maid, based on manga, ecchi, anime, gastronomy",女神のカフェテラス,/oWN39kWHYfclI2ljtkpg905fV4s.jpg,/2EHQwcx2tfoherw54h0lhx2K7b.jpg,5.6337,ja,TV,24,2,https://goddess-cafe.com,"Masaaki Mizunaka, Azumi Waki, Aya Yamane",,Official Trailer [Subtitled]
71024,Castlevania,Ended,2017-07-07,0,A vampire hunter fights to save a besieged city from an army of otherworldly beasts controlled by Dracula himself.,8.264,1433,"Animation, Sci-Fi & Fantasy, Drama","magic, vampire, cartoon, vampire hunter (slayer), demon, based on video game, medieval, dark fantasy, plague, corrupt church",Castlevania,/ubDtIBwdS9b29sBofAkqWz3PqkT.jpg,/jLE5bsPA9xOKzBWOaOmKbp1DWQS.jpg,5.9599,en,TV,32,4,https://www.netflix.com/title/80095241,"Richard Armitage, James Callis, Alejandra Reynoso",,Season 1 Official Trailer
117061,"Tantei wa Mou, Shindeiru.",Returning Series,2021-07-04,24,"Kimizuka Kimihiko is a crisis-magnet. So it is no surprise when his rather mundane flight suddenly enters a state of emergency with a dire need of a detective onboard. Unfortunately, his attempt at avoiding trouble is foiled by a beautiful girl with silver hair who goes by the codename Siesta. Declaring herself a detective, she unceremoniously drags Kimizuka into the case as her assistant. That incident spelled the beginning of an adventure around the globe that went beyond his wildest imaginati...",5.663,52,"Animation, Mystery, Drama","detective, gun, fight, secret organization, investigation, death, anime, based on light novel",探偵はもう、死んでいる。,/8gCOlj0bXa2cQnXSl4wRX5tVIA0.jpg,/aqETSDXdeYqcD1PPd2WBfeWtoct.jpg,2.5846,ja,TV,13,2,https://tanmoshi-anime.jp,"Arata Nagai, Saki Miyashita, Ayana Taketatsu",,The Detective Is Already Dead | Official Anime PV
114396,Koroshi Ai,Ended,2022-01-13,24,"Two assassins face off at a certain ""workplace."" The cool bounty hunter Chateau and the mysterious and powerful Ryang-Ha. Chateau and Ryang-Ha become enemies after this fight—at least, they should have, but for some reason Ryang-Ha takes a liking to Chateau and begins following her around. Little by little, Chateau develops a cooperative partnership with Ryang-Ha, which gets her caught up in the struggle against the organizations hunting him down. Furthermore, that battle is related to her past ...",7.492,60,"Animation, Action & Adventure","assassin, bounty hunter, investigation, romance, based on manga, anime, killers, psychological",殺し愛,/7ObHLrX4fb9Rpk5FBcDng8In0cy.jpg,/6Tt9D66i9QTQQ66F27PIgu2SPsq.jpg,3.1485,ja,TV,12,1,https://love-of-kill.com,"Saori Onishi, Hiro Shimono, Kenyu Horiuchi",,Official Trailer 2
61421,Zankyou No Terror,Ended,2014-07-11,23,"In an alternate version of the present, Tokyo has been decimated by a shocking terrorist attack, and the only hint to the identity of the culprit is a bizarre video uploaded to the internet. The police, baffled by this cryptic clue, are powerless to stop the paranoia spreading across the population. While the world searches for a criminal mastermind to blame for this tragedy, two mysterious children - children who shouldn't even exist - masterfully carry out their heinous plan. Cursed to walk th...",7.793,415,"Animation, Drama, Mystery","detective, police, high school, conspiracy, tragedy, terrorism, anime, psychological, suspense",残響のテロル,/y8zPuRD9jRkSCBhmZOJFV1X87nA.jpg,/lt5rC0GcXVmHEjXzRruNIdbca8B.jpg,3.0217,ja,TV,11,1,http://terror-in-tokyo.com,"Soma Saito, Atsumi Tanezaki, Kaito Ishikawa",,Terror In Resonance - Official Trailer
61223,Akame ga Kill,Ended,2014-07-07,24,"Young Tatsumi travels to the capital of the Empire in order to earn money for his starving people and encounters a world of unimaginable depravity, dominated by the ruthless Prime Minister who controls the child Emperor. Tatsumi is recruited by Night Raid, a group of assassins dedicated to eliminating corruption by mercilessly killing officials and privileged nobles.",8.28,1136,"Animation, Drama, Action & Adventure","corruption, assassin, swordplay, revolution, dystopia, politics, murder, gore, tragedy, rebellion",アカメが斬る！,/rMpvMbSlPbm5QYfFem9fx2Jnttq.jpg,/3XAGgklKkJhv5M9m5NkfhBYb7l8.jpg,8.87,ja,TV,24,1,http://akame.tv,"Soma Saito, Sora Amamiya, Yukari Tamura",,
65844,Kono Subarashii Sekai ni Shukufuku wo | Konosuba,Ended,2016-01-14,24,"After a traffic accident, Kazuma Sato’s  disappointingly brief life was supposed to be over, but he wakes up to  see a beautiful girl before him. She claims to be a goddess, Aqua, and  asks if he would like to go to another world and bring only one thing  with him. Kazuma decides to bring the goddess herself, and they are  transported to a fantasy world filled with adventure, ruled by a demon  king. Now Kazuma only wants to live in peace, but Aqua wants to solve  many of this world’s problems, a...",8.6,1362,"Action & Adventure, Animation, Comedy, Sci-Fi & Fantasy","magic, slapstick comedy, parody, goddess, parallel world, alternative reality, anime, deity, isekai, fantasy",この素晴らしい世界に祝福を！,/oRaOeQlwktbGSd2T31FYAcgHZlh.jpg,/rvZJxD36tKoglL8fXoMMWKGQfM.jpg,11.9793,ja,TV,31,3,http://konosuba.com/,"Jun Fukushima, Sora Amamiya, Rie Takahashi",,KonoSuba Season 1 - Coming to Blu-ray
90546,Toaru Kagaku no Accelerator,Ended,2019-07-12,24,"After rescuing Last Order and subsequently taking a bullet to the head, Academy City’s top-ranked esper rests in the hospital. But Accelerator’s recovery is cut short when a mysterious girl carrying a photo of his little clone companion asks for help. Now they’re taking on Disciplinary Action—an anti-evil coalition whose sinister plans threaten Last Order, Academy City, and even the entire world!",7.434,99,"Animation, Sci-Fi & Fantasy","dystopia, supernatural, based on manga, spin off, super power, anime, toaru",とある科学の一方通行[アクセラレータ],/10KGPY9ihuI5v9an0VF1eU5cxOs.jpg,/zbBfn2qoKjC70sDSNByrTOdsVMw.jpg,1.4751,ja,TV,12,1,http://toaru-project.com/accelerator/,"Nobuhiko Okamoto, Rina Hidaka, Yurika Kubo",,A Certain Scientific Accelerator | OFFICIAL PREVIEW
94904,Otome Game no Hametsu Flag,Ended,2020-04-05,24,"Wealthy heiress Catarina Claes is hit in the head with a rock and recovers the memories of her past life. It turns out the world she lives in is the world of the game Fortune Lover, an otome game she was obsessed with in her past life... but she's been cast as the villain character who tries to foil the protagonist's romances!",7.483,87,"Animation, Comedy, Drama, Sci-Fi & Fantasy","reincarnation, romance, school, anime, past lives, isekai, reverse harem, memories, magic school, based on light novel",乙女ゲームの破滅フラグしかない悪役令嬢に転生してしまった…,/wGlRnnqmUmbmLc4gRiWlIsv9L3L.jpg,/cErFnClnNFtxjljACfo3knIvOeG.jpg,6.1712,ja,TV,24,2,https://hamehura-anime.com,"Maaya Uchida, Shouta Aoi, Tetsuya Kakihara",,Official Trailer
82822,Zombieland Saga,Ended,2018-10-04,24,"A typical morning. The usual music. Their normal lives. The peace these seven girls experience will suddenly be destroyed. By the living dead... zombies. A reality that they never wanted a part of, an amazing and terrifying zombie world. They all share one wish: ""We want to live."" These girls will struggle through this saga, in order to achieve a miracle.",8.1,179,"Animation, Comedy","competition, dance performance, training, concert, parody, undead, zombie, art, anime, drastic change of life",ゾンビランドサガ,/lrY6TlF4xPVvK1K59BilkWrcPS9.jpg,/zd3BxI5qC8U2Feg83H4tLkwLcfg.jpg,4.3611,ja,TV,24,2,https://www.zombielandsaga.com/,"Mamoru Miyano, Kaede Hondo, Asami Tano",,ZOMBIE LAND SAGA | OFFICIAL PREVIEW
52891,Yuru Yuri,Ended,2011-07-05,24,"On her first day attending the all-girls Nanamori Middle School in Takaoka, Toyama Akaza Akari oversleeps, to be awakened by her one-year-senior childhood friends: the level-headed Funami Yui and the often self-centered Toshinou Kyouko. Planning on exciting club activities at school, Akari joins the club her older friends have set up. But as it turns out Kyouko and Yui simply took over the former room of the now defunct tea ceremony club for their own Amusement Club. In regard to what the club d...",7.786,126,"Animation, Comedy","slice of life, school, based on manga, junior high school, shoujo-ai, anime, girls love, japanese junior high schooler, bukatsu",ゆるゆり,/syLTfsI9B1JzvKz27btK0xK97Y8.jpg,/dw577aCpZs62KpZ5osWcZuRVplv.jpg,3.8846,ja,TV,36,3,http://www.yuruyuri.com/,"Shiori Mikami, Yuka Otsubo, Minami Tsuda",,YURUYURI Season 1 - Official Trailer
45125,Btooom,Ended,2012-10-04,24,"Sakamoto, an unemployed young man, is one of the world's top players of an online fighting game called Btooom! One day, he wakes up on what appears to be a tropical island, although he doesn't remember how or why he got there.",7.475,217,"Animation, Action & Adventure, Sci-Fi & Fantasy","video game, murder, romance, gore, survival, based on manga, cruelty, death, death match, strategy",BTOOOM!,/9WGXIXqq1Y12KyfxEVmtaDe9b1H.jpg,/xNNplu208Twucpf8MgnqHysYPg.jpg,1.8006,ja,TV,10,1,http://www.btooom.com,"Suzuko Mimori, Kanata Hongo, Ken Narita",,Btooom! V1
78239,Sword Gai: The Animation,Ended,2018-03-23,22,"The swordsmith Amon accidentally comes across an infant and its dead mother in the forest. Although he is initially overwhelmed by the situation, he finally decides to take the boy with him and thus save him from certain death. Ten years after this fateful encounter, the boy from that time, Gai, is apprenticed to Amon. While making a sword, however, there is a tragic accident in which Gai loses his right arm. Amon then decides to use a sword called Shiryuu to make an artificial arm for Gai. Thus...",6.756,41,"Animation, Sci-Fi & Fantasy, Action & Adventure","based on manga, anime",ソードガイ The Animation,/pAlxdiEa0L9F0Ofu4r1Og0BJbqd.jpg,/jsvmzkVzSxf7lA4vZcwT8cjQ6IP.jpg,2.3765,ja,TV,24,2,https://www.netflix.com/title/80175350,,,
78464,Dorei-ku The Animation,Ended,2018-04-13,25,"24 people enter a survival game. Each has a device called an SCM (slave control method), which can make their opponent into their slave. Each person has their own reason for participating in the game.",6.4,10,"Animation, Crime, Drama","based on manga, anime, psychological",奴隷区 The Animation,/q4J6PuFOEqUvPsvvCYrW3KkDWiF.jpg,/z6W2iXldACg21sUdVMd2nc59jSe.jpg,3.969,ja,TV,12,1,http://doreiku-anime.com/,"Saki Hayakawa, Sayaka Senbongi, Hikaru Midorikawa",,
37858,Fate/stay night,Ended,2006-01-07,25,"Shirou Emiya lost his parents in a fire when he was young and was later adopted by the sorcerer Kiritsugu Emiya. Shirou is drawn into the Holy Grail War summons a female ""Servant"" known as Saber to protect him and obtain the Holy Grail.",7.321,218,"Animation, Sci-Fi & Fantasy, Action & Adventure","holy grail, magic, super power, anime, based on visual novel",Fate/stay night,/x7nYPOveHhINREhTtwBHot9ersB.jpg,/b2mskN6F9kUolFc8mTBiEJwfXLC.jpg,4.2288,ja,TV,24,1,http://www.nbcuni.co.jp/rondorobe/anime/staynight/top.html,"Noriaki Sugiyama, Ayako Kawasumi, Kana Ueda",,Fate/Stay Night Official Trailer
73027,Shadows House,Ended,1996-03-19,58,"Class 7A are on a school trip in Gotland. Class supervisor Gia believes a restless soul is haunting the house they're staying in. Student Vanessa claims the floor in her room rocks like a boat at sea during the nights, and becomes inexplicably seasick. Gia finds the passenger list from the sunken ship with the same name as the house they're living in - Pemba. The number of people on the list is the same as the number of teachers and students in the house. Five women, eight men. 70 years later. W...",7.0,5,"Drama, Sci-Fi & Fantasy","haunted house, school trip, miniseries, headmaster",Skuggornas hus,/czhC3JPiQxq5ChIUhAJ8qAKeOvQ.jpg,/elP5CVh123Xc2YOHQAPjDv7kDXP.jpg,0.8231,sv,TV,3,1,http://www.oppetarkiv.se/etikett/titel/Skuggornas_hus/,"Gunilla Röör, Stefan Sauk, Inga Landgré","Bjarne Reuter, Mikael Håfström, Mikael Håfström",
93149,Plunderer,Ended,2020-01-09,23,"In a post-apocalyptic world dominated by the so-called ""Numbers,"" each human will have their identity branded with their own ""Count,"" which could define any number related to their life. May it be one's walked distance or amount of compliments given to them by others, this Count could lead them to the abyss when it has dropped to zero. In the year 305 of the Alcian calendar, Hina has inherited a mission from her Mother, whose Count has depreciated to zero, to search for the Legendary Red Baron. ...",8.297,764,"Action & Adventure, Sci-Fi & Fantasy, Animation","post-apocalyptic future, based on manga, ecchi, shounen, anime",プランダラ,/A0XboGeodpGlj33QUtjPMMwrMkN.jpg,/7BP3aJUCk8Iv20YFAqHcbXpTMwR.jpg,5.2997,ja,TV,24,1,http://plunderer-info.com/,"Ari Ozawa, Yoshiki Nakajima, Aoi Ichikawa",,Plunderer | Official Trailer 3
62564,Hibike! Euphonium,Ended,2015-04-08,24,"After swearing off music due to an incident at the middle school regional brass band competition, euphonist Kumiko Oumae enters high school hoping for a fresh start. As fate would have it, she ends up being surrounded by people with an interest in the high school brass band. Kumiko finds the motivation she needs to make music once more with the help of her bandmates, some of whom are new like novice tubist Hazuki Katou; veteran contrabassist Sapphire Kawashima; and band vice president and fellow...",7.967,90,"Animation, Drama","based on novel or book, brass band, slice of life, school, anime, school club, performing arts, japanese high school, music, bukatsu",響け！ユーフォニアム,/l0hKrx6PjQRrHiMzK2Fanen2xbL.jpg,/jErTDsVzUFwQm7Ox5Un9AsGxukV.jpg,7.1122,ja,TV,39,3,http://tv.anime-eupho.com,"Tomoyo Kurosawa, Chika Anzai, Ayaka Asai",,Sound Euphonium: Season 1 - Official Trailer (subtitled)
218146,Kaii to Otome to Kamikakushi,Ended,2024-04-10,24,"Sumireko Ogawa’s dream of becoming a novelist is reinvigorated with new rumors of mystical incidents. Now a clerk at a bookstore, she enlists her young coworker, Ren Adashino, to investigate urban legends, black magic, and ghost stories across the city. Sumireko has a knack for triggering magical events, and Ren has a dark secret of his own. Will they survive their investigation unscathed?",7.1,12,"Animation, Mystery, Sci-Fi & Fantasy","work, investigation, supernatural, romance, disappearance, based on manga, co-workers relationship, ghost, japanese folklore, seinen",怪異と乙女と神隠し,/2S5ZCNmmio6wfXhmO9cZLEtzLL3.jpg,/a3Sdszoxb3oH7i79XiYKKAdsl6J.jpg,2.5475,ja,TV,12,1,https://totokami.com,"Fairouz Ai, Daiki Yamashita, Eri Yukimura",,Official Trailer [Subtitled]
111819,Tsuki ga Michibiku Isekai Douchuu | Tsukimichi,Returning Series,2021-07-07,24,"Makoto Misumi is just an ordinary high school student living a regular life, but all of a sudden gets summoned to the other world to become a ""hero."" The goddess of the other world, however, insults him for being different and strips his ""hero"" title, before casting him off to the wilderness at the edge of the world. As he wanders the wilderness, Makoto encounters dragons, spiders, orcs, dwarves, and all sorts of non-human tribes. Because Makoto comes from a different world, he is able to unleas...",8.46,383,"Animation, Sci-Fi & Fantasy, Action & Adventure, Comedy","hero, magic, harem, god, survival, dragon, creature, fantasy world, anime, isekai",月が導く異世界道中,/7XQ2dMEARAdUZQscnIJFPI54q3r.jpg,/ciPDoPMqd3icCBHsIlhIb3UyOd2.jpg,11.9699,ja,TV,38,3,https://tsukimichi.com,"Natsuki Hanae, Ayane Sakura, Akari Kito",,Official Trailer [Subtitled]
100049,Tonikaku Kawaii,Ended,2020-10-03,24,"Nasa Yuzaki falls in love at first sight after an encounter with the mysterious Tsukasa. When Nasa earnestly confesses his feelings, she replies, ""I'll date you, but only if we're married."" Nasa and Tsukasa's cute and precious newlywed life of love is about to begin!",8.485,1524,"Animation, Comedy","husband wife relationship, married couple, marriage, love, romance, slice of life, based on manga, understanding, married life, anime",トニカクカワイイ,/jJKTrIfZKoFV66HGMzSa4tkObK0.jpg,/bumV92xTI3R5Zd5X6biUy4rXbS4.jpg,8.5155,ja,TV,24,2,https://tonikawa.com/,"Akari Kito, Junya Enoki, Yu Serizawa",,TONIKAWA: Over The Moon For You - PV
113137,Kanojo mo Kanojo,Ended,2021-07-03,24,"Naoya Mukai has loved Saki Saki since grade school, and when she finally accepts his feelings, he's at his happiest. But one day, a cute girl named Nagisa Minase confesses to him! Not wishing to choose only one over another, Naoya chooses to go out with both of them!! What will be of this love triangle that challenges morality itself?",7.265,68,"Animation, Comedy","love triangle, polygamy, romcom, slice of life, school, based on manga, school life, shounen, anime, japanese high school",カノジョも彼女,/xuN0zBzHKyakCQFApBxRvpbKTh5.jpg,/fq0DXgxDLgoilru3M7XVzKjGbOm.jpg,11.025,ja,TV,24,2,https://kanokano-anime.com,"Junya Enoki, Ayane Sakura, Azumi Waki",,"Girlfriend, Girlfriend | OFFICIAL TRAILER 2"
80477,Satsuriku no Tenshi,Ended,2018-07-06,24,"Most girls waking up without any memory and meeting a serial killer would panic, but not Rachel. In fact, far from being her biggest problem, killer Zack might just prove a convenient resource when it comes to finding a way out of the building in which they're both trapped!",7.97,300,"Animation, Action & Adventure","murder, gore, based on video game, seinen, anime, psychological, suspense, horror, adventure",殺戮の天使,/heT4HYY8FdQumrXPU93I6N0VeTd.jpg,/pULVZQAxe7XbRnGtXN3fRq0EhqK.jpg,4.3024,ja,TV,12,1,http://satsuriku.com,"Haruka Chisuga, Nobuhiko Okamoto, Takahiro Sakurai",,
93256,Shinchou Yuusha,Ended,2019-10-02,24,"Goddess Ristarte summons Seiya Ryuuguuin, an OVERLY cautious hero to save the world of Gaeabrande. Seiya is obsessed with muscle training and buying extra armor to deal with low level creatures. It’s simply one cautious mission at-a-time for this hero!",8.243,270,"Animation, Action & Adventure, Comedy, Sci-Fi & Fantasy, War & Politics","hero, magic, training, god, parody, dragon, martial arts training, anime, isekai, based on light novel",慎重勇者～この勇者が俺TUEEEくせに慎重すぎる～,/bbg1FMU7c3W06KUKrgIhIECFliZ.jpg,/hikJz6TqmnS2czz18QZKVgWmKs2.jpg,5.3921,ja,TV,12,1,http://shincho-yusha.jp/,"Yuuichirou Umehara, Aki Toyosaki, Hibiku Yamamura",,Cautious Hero: The Hero is Overpowered but Overly Cautious - PV 1 (ENG Sub)
99778,The God of High School,Ended,2020-07-06,24,"When an island half-disappears from the face of the earth, a mysterious organization sends out invitations for a tournament to every skilled fighter in the world. ""If you win you can have ANYTHING you want,"" they claim. They're recruiting only the best to fight the best and claim the title of The God of High School. Jin Mori, a Taekwondo specialist and a high school student, soon learns that there is something much greater beneath the stage of the tournament.",8.213,717,"Animation, Comedy, Action & Adventure, Sci-Fi & Fantasy","martial arts, secret organization, supernatural, god, friends, martial arts tournament, anime, based on webcomic or webtoon, based on manhwa",THE GOD OF HIGH SCHOOL ゴッド・オブ・ハイスクール,/lfa79lR34s6eyNkKjqC76uQEihh.jpg,/gexkIOkGW4PaYTOctUTlG59MZ0B.jpg,5.8734,ja,TV,13,1,http://goh-anime.com,"Tatsumaru Tachibana, Ayaka Ohashi, Kentaro Kumagai",,Promotional Video [Subtitled]
85942,Darwin’s Game,Ended,2020-01-04,24,"Sudou Kaname, an ordinary high school student, receives an invitation email to try a mysterious app called ""Darwin's Game."" Kaname, upon launching the app, is drawn into a game where players fight one another using superpowers called Sigils. Without knowing the reason for all this, can Kaname survive furious battles against the powerful players who attack him?",7.647,167,"Animation, Mystery, Action & Adventure, Sci-Fi & Fantasy","supernatural, survival, based on manga, super power, shounen, anime, mobile app, thriller",ダーウィンズゲーム,/dk5QFqxVt6WnTWTiK6hHdkL2SMz.jpg,/2kbBfr1ZGuMETCMf3cC8O5sBlKA.jpg,3.4189,ja,TV,11,1,https://darwins-game.com/,"Yusuke Kobayashi, Reina Ueda, Nichika Omori",,Darwin's Game | OFFICIAL TRAILER
99618,Kumo Desu ga Nani ka,Ended,2021-01-08,24,"I, the protagonist, was just an ordinary high school girl, but suddenly I was reincarnated as a spider monster in a fantasy world. Not only that, but I awakened in a dungeon filled with vicious monsters. Armed with only my human knowledge and my overwhelming positivity, I'm forced to use spiderwebs and traps to defeat far stronger monsters just to stay alive... So begins the labyrinth survival story of a girl with incredible mental strength living as one of the lowest-ranked beasts!",7.893,177,"Animation, Comedy, Action & Adventure, Sci-Fi & Fantasy","spider, survival, creature, demon, fantasy world, anime, other world, isekai, risky situations, arachnids",蜘蛛ですが、なにか？,/oTbqSiJx2nxFJ8zSM8JLdkTUFKZ.jpg,/2D78M7AuO1J1NiZicEcho83GsPC.jpg,2.6998,ja,TV,24,1,https://kumo-anime.com/,"Aoi Yuuki, Shun Horie, Nao Toyama",,"So I'm a Spider, So What? | A Crunchyroll Original | OFFICIAL TRAILER 2"
90215,Isekai Cheat Magician,Ended,2019-07-10,24,"Nishimura Taichi is a typical, average high schooler, and Azuma Rin is a beautiful woman with the build of a model and excellent reflexes. The two live an ordinary high school life until one day, they're suddenly enveloped in a mysterious magic circle and transported to an unknown land.That world is full of terrifying monsters, beastmen, dwarves, elves, and many other races right out of fantasy. To survive in this new world, Taichi and Rin decide to become adventurers, but when they take the a...",6.227,77,"Action & Adventure, Sci-Fi & Fantasy, Animation","based on novel or book, magic, adventurer, anime, cheat, isekai, adventure",異世界チート魔術師,/vtAJAku94Fm3OVsHx9w04XhsTk3.jpg,/5Sr9nOKdh7g20qZPcwe9eS0WYR8.jpg,0.4044,ja,TV,12,1,http://isekai-cheat-magician.com/,"Kohei Amasaki, Rie Takahashi, Sayaka Ohara",,Isekai Cheat Magician | OFFICIAL PREVIEW
99779,Noblesse,Ended,2020-10-08,24,"Rai wakes up from 820-years long sleep and starts his new life as a student in a high school founded by his loyal servant, Frankenstein. But his peaceful days with other human students are soon interrupted by mysterious attackers known as the ""Unions"".",8.468,411,"Animation, Action & Adventure, Sci-Fi & Fantasy, Comedy","vampire, secret organization, supernatural, based on comic, school life, anime, based on webcomic or webtoon, based on manhwa",NOBLESSE -ノブレス-,/tnIfTMaig2FmsOSL5wEH3rYofJN.jpg,/4jaGeTbps5BKk6l1x6K2P9b3Qto.jpg,3.1208,ja,TV,13,1,https://noblesse-anime.com,"Akihisa Wakayama, Hiroki Yamada, Daishi Kajita",,Noblesse | A Crunchyroll Original | OFFICIAL TRAILER
76121,Darling in the Franxx,Ended,2018-01-13,24,"The story is set in the distant future. The land is ruined, and humanity establishes the mobile fort city Plantation. Pilots produced inside Plantation live in Mistilteinn, also know as the ""birdcage."" Children live there knowing nothing of the outside world or the freedom of the sky. Their lives consist of battling to carry out missions. Their enemies are mysterious giant lifeforms known as Kyouryuu, and the children pilot robots called Franxx to face off against them. For the children, riding ...",8.543,1832,"Animation, Drama, Sci-Fi & Fantasy, Comedy","allegory, love, romance, mecha, unrequited love, coming of age, piloted robot, orphan, anime, real robot",ダーリン・イン・ザ・フランキス,/m6R8gI3brohD6izeVCXFmuGeV2m.jpg,/tKh3pc5MEjCIGV7hSJX76qi8aGA.jpg,6.3118,ja,TV,24,1,http://darli-fra.jp,"Yuto Uemura, Haruka Tomatsu, Kana Ichinose",Atsushi Nishigori,Official Trailer (Own It 3/26)
85844,Kenja no Mago,Ended,2019-04-10,24,"In the modern world, a lonely man dies and reincarnates in another world. Rescued as a baby from a tragedy by a brilliant sage named Merlin, the baby is raised as “Shin Walford,” and undergoes training in both magic and martial arts to kill the monsters that ravage the land. At 15 years old, Shin has become shockingly powerful. But his grandfather Merlin has forgotten to teach him the common sense of this world.As a result, Shin enrolls in the kingdom's Magic Academy to hone his skills and mat...",8.07,327,"Animation, Comedy, Action & Adventure, Sci-Fi & Fantasy","based on novel or book, magic, training, high school, boarding school, romance, school, bromance, fighting, demon",賢者の孫,/zlPIFzhr5uvjTmzEU2rjtwazrLX.jpg,/dflKTqHxzT0QWrTxjYOghsfQ0R1.jpg,3.3178,ja,TV,12,1,http://kenja-no-mago.jp,"Rina Honnizumi, Saya Satou, Yusuke Kobayashi",,Wise Man's Grandchild | OFFICIAL PREVIEW
116725,Vivy: Fluorite Eye’s Song,Ended,2021-04-03,24,"In the near future, Vivy, a diva-type A.I., went up on stage each day with hopes of putting her heart into her song. One day, the A.I. Matsumoto, who claims to have arrived from 100 years in the future, appears before Vivy with an important request...",8.029,154,"Animation, Drama, Sci-Fi & Fantasy, Action & Adventure","artificial intelligence (a.i.), future, time travel, singing, destruction, futuristic society, anime, humanoid robot, other world, suspense",Vivy -Fluorite Eye's Song-,/xRakd62ihUP19NBgWyJzjO26NxE.jpg,/fOlKY2rpDnoxcWU6a0Z4dpRA61d.jpg,3.8659,ja,TV,13,1,https://vivy-portal.com,"Atsumi Tanezaki, Jun Fukuyama",,Trailer 2 [Subtitled]
88044,"Maou-sama, Retry!",Ended,2019-07-04,24,"Akira Oono awakens in the body of his online character: Demon Lord Hakuto Kunai. With powerful game mechanics and abilities on his side, this gamer turned badass plots his course through a new world filled with saints, demons, and charming companions!",7.7,113,"Animation, Action & Adventure, Comedy, Sci-Fi & Fantasy","shounen, anime, another world, mmorpg, isekai, based on light novel, adventure, vrmmo",魔王様、リトライ!,/d5hXGaqit05qhYP4cqZs0BUrLG.jpg,/fHd0sO7jgwSqYkzsUXcWTDeMFSn.jpg,1.4897,ja,TV,24,2,http://maousama-anime.com,"Kanon Takao, Aki Toyosaki, Haruka Tomatsu",,
93019,Ore wo Suki nano wa Omae dake ka yo,Ended,2019-10-03,24,"Kisaragi Amatsuyu is invited out alone by the cool beauty upperclassman Cosmos and his childhood friend Himawari. Expecting to hear their confessions, he triumphantly goes to meet each of them in turn. But Cosmos and Himawari both instead confess to Amatsuyu that they like his friend. Amatsuyu fights this lonely battle, but there is another girl who is looking at him. She is a gloomy girl with glasses and braids. Amatsuyu finds that he hates her, because she's always turning her sharp tongue onl...",8.525,276,"Animation, Comedy, Drama","high school, harem, romcom, romance, school life, anime, based on light novel",俺を好きなのはお前だけかよ,/q3589iXqM9rYuZ19f7PI8xZXpc.jpg,/gd2r6lQEv9gqjqGmlTRYNkkvstX.jpg,2.9056,ja,TV,12,1,https://ore.ski/tv/,"Daiki Yamashita, Haruka Tomatsu, Haruka Shiraishi",,Trailer [Subtitled]
96203,Gleipnir,Ended,2020-04-05,24,"Shuichi Kagaya is an ordinary high school kid in a boring little town. But when a beautiful classmate is caught in a warehouse fire, he discovers a mysterious power: he can transform into a furry dog with an oversized revolver and a zipper down his back. He saves the girl’s life, sharing his secret with her. But she’s searching for the sister who killed her family, and she doesn’t care how degrading it gets: she will use Shuichi to accomplish her mission…",8.143,689,"Animation, Mystery, Comedy, Action & Adventure, Sci-Fi & Fantasy","fire, monster, supernatural, romance, psychological thriller, creature, based on manga, combat, school life, seinen",グレイプニル,/eF1kUIoyL2dxPGGsxNXYrkrAPs2.jpg,/hfMLaKqYeOrWRZNuiAYggUW5bPG.jpg,3.7852,ja,TV,13,1,http://gleipnir-anime.com,"Natsuki Hanae, Nao Toyama, Kana Hanazawa",,
60808,No Game No Life,Ended,2014-04-09,23,"Bored with life and considering the real world to be just a “crappy game,” savvy sibling shut-ins Sora and Shiro have withdrawn into their own fantasy world filled with video games. However, one day they find themselves summoned to another world by a boy who calls himself “God,” their abilities are about to be put to the ultimate test! Now not only their fates — but the fate of all of humanity — will be decided by a series of games that may just be the hardest these super-geniuses have ever face...",8.1,694,"Animation, Sci-Fi & Fantasy, Action & Adventure, Comedy","gambling, elves, fairy, supernatural, parody, game, parallel world, super power, strategy, seinen",ノーゲーム･ノーライフ,/kN4BhRDbP3b1nuxpYC443jVLEh5.jpg,/n2fBMyqSzv3UjmKM6VKfxkLUI6o.jpg,3.5427,ja,TV,12,1,http://ngnl.jp/,"Yoshitsugu Matsuoka, Ai Kayano, Yoko Hikasa",,"No Game, No Life Official Trailer"
83103,Domestic na Kanojo,Ended,2019-01-12,24,"Natsuo is a high school boy who is experiencing the crushing despair of unrequited love. To make matters worse, the person he is in love with is his teacher, Hina. In an attempt to lift his spirits, he attends a mixer where he meets a girl named Rui. The two sleep together, expecting never to see one another again, but fate has other plans. His life suddenly becomes more complicated when his father comes home and announces he has remarried a woman with two daughters whom Natsuo has met before: H...",8.182,443,"Animation, Drama","love triangle, forbidden love, high school, stepbrother, romance, teacher, school, loss of virginity, sexual intercourse, based on manga",ドメスティックな彼女,/yT5HNeqQaoF4TmmQi3RMj8P7uwZ.jpg,/9uv4pVYNyf7bpm7MIjQOAaBwhbK.jpg,5.6416,ja,TV,12,1,http://domekano-anime.com/,"Maaya Uchida, Yoko Hikasa, Taku Yashiro",,Domestic Girlfriend DUBCAST Trailer
121860,Kakegurui,Ended,2021-03-26,27,"It's a year before Yumeko transferred to Hyakkaou Academy. Saotome Meari, a young girl who was born into a very ordinary family, passed her transfer examinations, and has started to attend Hyakkaou. However, the school she expected to attend has a crazy law, the Baptism of Gambling. Paired with Yumeko as her ""twin,"" the curtain opens on Meari's gambling mania!",7.313,16,"Drama, Mystery","based on manga, psychological, girls love, youth",賭ケグルイ双,/1Nqf8sxhvezmwQUgLue34g7qLpN.jpg,/rCilFnBaHz3BS89BaFUK0cltUx0.jpg,1.3176,ja,TV,8,1,,"Aoi Morikawa, Hayato Sano, Erika Ikuta",Shinya Nagano,
64710,Noragami,Ended,2014-01-05,24,"Hiyori Iki is a normal middle school student until she was involved in a bus accident while trying to protect a stranger. This incident causes her soul to frequently slip out of her body, and she becomes aware of the existence of two parallel worlds. Through her soul, she meets the strange, nameless god without a shrine, Yato. Yato is determined to make a name for himself out there by accepting any wishes for 5 yen, including Hiyori's to fix her body.",8.2,643,"Animation, Action & Adventure, Comedy, Sci-Fi & Fantasy","monster, shapeshifting, swordplay, amnesia, blackmail, friendship, supernatural, bullying, god, revenge",ノラガミ,/5hb8qfoPKQMlLfuhZcbcXwCRVEd.jpg,/yoxs931FblO1YVDpVdVm1fT4kg9.jpg,5.0216,ja,TV,25,2,https://noragami-anime.net,"Hiroshi Kamiya, Maaya Uchida, Yuki Kaji",,Official Trailer
100436,Akudama Drive,Ended,2020-10-08,24,"Many years ago, a Great Civil War ravaged Japan, leaving the country fragmented between two regions: Kansai and Kanto. In Kansai, a group of six Akudama carry out missions given to them by a mysterious black cat, while evading the police. But a dangerous journey is about to unfold when a civilian girl becomes twisted into the Akudama's way of life and witnesses their criminal drives.",7.597,150,"Animation, Mystery, Action & Adventure, Sci-Fi & Fantasy, Crime","conflict, criminal, anime, territorial division, suspense",アクダマドライブ,/1s3fwsH3AjuyzObYHiptiYRgFa.jpg,/9guUQdqCWB1P6yK35p6UJ7lhQVw.jpg,3.4881,ja,TV,12,1,https://www.akudama-drive.com,"Tomoyo Kurosawa, Yuuichirou Umehara, Shunsuke Takeuchi",,Akudama Drive | Official Trailer 2
60761,Diamond no Ace : Act II,Returning Series,2013-10-06,24,"Eijun Sawamura is a pitcher who joins an elite school with a brilliant catcher named Kazuya Miyuki. Together with the rest of the team, they strive for Japan's storied Koushien championships through hard work and determination.",7.9,65,Animation,"baseball, sports, high school sports, bromance, based on manga, shounen, anime, japanese high school, bukatsu",ダイヤのA,/pp5tCc1wlhR9XmtO1YcHrPB8CDb.jpg,/dfEmmE3RJh3OYxyqOFDBt0qMS0E.jpg,13.0306,ja,TV,178,3,http://diaace.com,"Ryota Osaka, Nobunaga Shimazaki, Takahiro Sakurai",,[Ace of Diamond] PV
101571,Munou na Nana,Ended,2020-10-04,0,"It is the year 20XX. Earth was assaulted by monsters that would come to be known as ""the Enemy of Humanity."" In order to deal with this threat, special schools composed of teenagers with extraordinary abilities were formed. These people, who came to be known as ""the Talented,"" had abilities that could defy the rules of reality.Among these people with supernatural powers was an outlier, an individual who was sent to one of these schools despite having no innate special abilities whatsoever. Thi...",7.8,111,"Animation, Sci-Fi & Fantasy, Mystery","supernatural, school, psychological thriller, based on manga, super power, school life, shounen, anime, psychological, suspense",無能なナナ,/erj3B3eRpcd9CEPN55IAY8aupwc.jpg,/2oz6ZzO9SygE0stV0qoIkKQkmFB.jpg,5.6635,ja,TV,13,1,https://munounanana.com,"Rumi Okubo, Hiro Shimono, Yuichi Nakamura",,Talentless Nana | Official Trailer
91801,Mairimashita! Iruma-kun,Returning Series,2019-10-05,25,"Fourteen-year-old Iruma Suzuki has just been abandoned and sold to a demon by his irresponsible parents! Surprisingly, the next thing he knows he's living with the demon who has adopted him as his new grandson and has been transferred into a school in the Netherworld where his new demon grandfather works as the principal. Thus begins the cowardly Iruma-kun's extraordinary school life among the otherworldly as he faces his true self, takes on challenges, and rises to become someone great.",8.292,269,"Animation, Comedy, Sci-Fi & Fantasy, Action & Adventure","magic, adoption, ambition, supernatural, hell, high school, based on comic, cross dressing, demon, school life",魔入りました！入間くん,/aed6I1EMR4Lbk8bdikWrndbn5Og.jpg,/d8bAI2EDM7L2q94wDZfjb82KRoh.jpg,9.4927,ja,TV,66,4,https://www.nhk-character.com/chara/iruma/,"Ayumu Murase, Ryohei Kimura, Ayaka Asai",,Official Trailer [Subtitled]
91299,Assassins Pride,Ended,2019-10-10,24,"In the world only the aristocrats have the power to fight the monster - mana. Even though Melida Angel was born in an aristocracy and studies at an academy developing mana users, she has no mana. To find her talent for mana, Kufa Vampir was sent to be her tutor but at the same time, he was ordered to assassinate her if she has no talent for mana. He makes a cruel decision to assassinate her because he thinks that it is a wasted effort that people who have not any mana are working hard in this wo...",6.836,76,"Animation, Action & Adventure, Crime, Drama, Mystery, Comedy, Sci-Fi & Fantasy","magic, harem, romance, seinen, anime, magic school, based on light novel, assassins",アサシンズプライド,/oR5GH0hdYClkRgaTTu3eJbtjyyY.jpg,/mKPUU1GtpCtyeBQRYgKnlolUgNA.jpg,2.5191,ja,TV,12,1,https://assassinspride-anime.com,"Yuki Ono, Tomori Kusunoki, Yui Ishikawa",,ASSASSINS PRIDE Official Trailer
85843,Kono Oto Tomare,Ended,2019-04-07,24,"Since the graduation of the senior members of the club, Takezou ends up being the sole member of the ""Koto"" (traditional Japanese string instrument) club. Now that the new school year has begun, Takezou will have to seek out new members into the club, or the club will become terminated. Out of nowhere, a new member barges into the near-abandoned club room, demanding to join the club. How will Takezou be able to keep his club alive and deal with this rascal of a new member?",7.3,54,"Animation, Drama","competition, friendship, romance, slice of life, school, based on manga, child abandonment, shounen, anime, traditional music",この音とまれ！,/8Iro3QEDkPsqPNrA9UWhFUAgNOM.jpg,/7MgZ2PZljaBN4Wje51UGzatgqFC.jpg,4.4543,ja,TV,26,1,http://www.konooto-anime.jp/,"Yuma Uchida, Junya Enoki, Atsumi Tanezaki",,
75214,Violet Evergarden,Ended,2018-01-11,25,"The war is over, and Violet Evergarden needs a job. Scarred and emotionless, she takes a job as a letter writer to understand herself and her past.",8.476,873,"Animation, Drama","self-discovery, letter, melancholy, love, romance, slice of life, tragedy, redemption, post war, child soldier",ヴァイオレット・エヴァーガーデン,/61EwFPqc0r1uJo6la49J55F8bQ8.jpg,/2e2AEk7Jmn8CztM62hoUyEEWw0B.jpg,5.8265,ja,TV,13,1,https://tv.violet-evergarden.jp,"Yui Ishikawa, Daisuke Namikawa, Takehito Koyasu",,
30981,Monster,Ended,2004-04-07,24,"Kenzou Tenma, a Japanese brain surgeon in Germany, finds his life in utter turmoil after getting involved with a psychopath that was once a former patient.",8.529,673,"Animation, Drama, Crime, Mystery","monster, orphanage, hospital, doctor, orphan, based on manga, police detective, seinen, anime, picture book",MONSTER,/n5XNKXnoXpoXyfiCtXHOf8q8PFM.jpg,/6T19aRp9zLMghZo1dTEwoNyreNZ.jpg,8.6308,ja,TV,74,1,https://www.ntv.co.jp/monster/,"Hidenobu Kiuchi, Nozomu Sasaki, Mamiko Noto",,Monster Trailer
74018,Ginga Eiyuu Densetsu,Returning Series,2018-03-31,25,"In this retelling of Yoshiki Tanaka's space opera, two interstellar states -- Galactic Empire and Free Planets Alliance -- battle for space supremacy.",7.69,71,"Action & Adventure, Animation, Sci-Fi & Fantasy, War & Politics, Drama","based on novel or book, space travel, remake, bromance, military, anime, gay subtext",銀河英雄伝説 Die Neue These,/aOXYjnJqGYIELPEMg1shcPXBbhj.jpg,/8SqEzhSAo53mn4gITdlrCUAKcCg.jpg,3.2378,ja,TV,48,4,http://www.gineiden-anime.com/,"Mamoru Miyano, Kenichi Suzumura, Yuuichirou Umehara",,Legend of Galactic Heroes: Die Neue These - Official Preview
37863,Fullmetal Alchemist,Ended,2003-10-04,24,"Two young brothers are raised as alchemists, but when they are severely injured trying to perform a forbidden act, they begin searching for the one thing that can save them; the fabled philosopher's stone.",8.218,958,"Action & Adventure, Animation, Sci-Fi & Fantasy","politics, steampunk, tragedy, based on manga, alchemy, military, alchemist, shounen, anime, alternate ending",鋼の錬金術師,/7qVSNBKsrER8P77DfsSQfrPK04L.jpg,/p1z1B4bMf6tgUA4VLpI4smLxbCf.jpg,7.2154,ja,TV,51,1,http://www.fullmetalalchemist.com/,"Romi Park, Rie Kugimiya, Megumi Toyoguchi",,Official Trailer
84469,Cowboy Bebop,Canceled,2021-11-19,0,"Long on style and perpetually short on cash, bounty hunters Spike, Jet and Faye trawl the solar system looking for jobs. But can they outrun Spike's past?",6.563,435,"Sci-Fi & Fantasy, Action & Adventure, Crime","bounty hunter, east asian lead, action hero, based on anime, live action remake, wistful",Cowboy Bebop,/lSsCxZ1dnjcB4cmXSgMJt5qunOu.jpg,/fqKoCBkllbGeXF5jKmERtAy5eMP.jpg,3.4621,en,TV,10,1,https://www.netflix.com/title/80207033,"John Cho, Mustafa Shakir, Daniella Pineda",,Official Trailer
65336,Sangatsu no Lion | 3-gatsu no Lion,Ended,2016-10-08,25,"This is a gentle tale about people trying to regain something. And it is a tale of battle. Rei Kiriyama had lost his family in an accident when he was young. Now he is a 17-year-old pro shogi player who is burdened with deep loneliness. Rei lives alone in an old town in Tokyo, but after becoming acquainted with three sisters, Akari, Hinata and Momo, he begins to change little by little...",7.992,125,"Animation, Drama","competition, depression, sports, high school, bullying, slice of life, dysfunctional family, coming of age, tournament, based on manga",３月のライオン,/sokReNdjEwG2TkdUzJcVnD6sChT.jpg,/vd4m7mWYLZlPvBedWbSvAHqQ67.jpg,10.6834,ja,TV,44,2,https://3lion-anime.com/,Kengo Kawanishi,,Official Trailer [Subtitled]